Family,Chip Type,Soviet Manufacturer,Soviet Part Number,Western Manufacturer,Western Part Number,Blank,Blank,Description,Comments,Blank,Blank,Reference 1,Reference 2,Reference 3,Reference 4
Z80,CPU,MME,80-CPU ,,,,,,,,,http://www.cpushack.com/chippics/MME/ [Accessed 1 Jan 2013],,,
Z80,CPU,MME,80A-CPU ,,,,,,,,,http://www.cpushack.com/chippics/MME/ [Accessed 1 Jan 2013],,,
Z80,CPU,MME,U880D,,,,,,,,,http://www.cpushack.com/east-german-cpus.html [Accessed 1 Jan 2013],,,
Z80,CPU,MME,U880D-00B-P9 ,,,,,,,,,http://www.cpushack.com/chippics/MME/ [Accessed 1 Jan 2013],,,
Z80,CPU,MME,UA880D,,,,,,,,,http://www.cpushack.com/east-german-cpus.html [Accessed 1 Jan 2013],,,
Z80,CPU,MME,UA880D-A6 ,,,,,,,,,http://www.cpushack.com/chippics/MME/ [Accessed 1 Jan 2013],,,
Z80,CPU,MME,UB880D,,,,,,,,,http://www.cpushack.com/east-german-cpus.html [Accessed 1 Jan 2013],,,
Z80,CPU,MME,UB880D-A9 ,,,,,,,,,http://www.cpushack.com/chippics/MME/ [Accessed 1 Jan 2013],,,
Z80,CPU,MME,VB880D,,,,,,,,,http://www.cpushack.com/east-german-cpus.html [Accessed 1 Jan 2013],,,
Z8000,CPU,MME,UA8001C ,,,,,,,,,http://www.cpu-world.com/info/exUSSR-chips.html [Accessed 1 Jan 2013],,,
Z8000,CPU,MME,UB8001C ,,,,,,,,,http://www.cpu-world.com/info/exUSSR-chips.html [Accessed 1 Jan 2013],,,
Z8000,CPU,MME,UA8002C ,,,,,,,,,http://www.cpu-world.com/info/exUSSR-chips.html [Accessed 1 Jan 2013],,,
Z8000,CPU,MME,UB8002D,,,,,,,,,http://www.cpushack.com/east-german-cpus.html [Accessed 1 Jan 2013],,,
Z8000,CPU,MME,UB8002D ,,,,,,,,,http://www.cpu-world.com/info/exUSSR-chips.html [Accessed 1 Jan 2013],,,
Z8,MCU,MME,UB8810D,,,,,,,,,http://www.cpushack.com/east-german-cpus.html [Accessed 1 Jan 2013],,,
Z8,MCU,MME,UB8810D,,,,,,,,,http://www.cpu-world.com/info/exUSSR-chips.html [Accessed 1 Jan 2013],,,
Z8,MCU,MME,UB8811D,,,,,,,,,http://www.cpu-world.com/info/exUSSR-chips.html [Accessed 1 Jan 2013],,,
Z8,MCU,MME,UC8810D,,,,,,,,,http://www.cpushack.com/east-german-cpus.html [Accessed 1 Jan 2013],,,
Z8,MCU,MME,UC8810D,,,,,,,,,http://www.cpu-world.com/info/exUSSR-chips.html [Accessed 1 Jan 2013],,,
Z8,MCU,MME,UC8811D,,,,,,,,,http://www.cpu-world.com/info/exUSSR-chips.html [Accessed 1 Jan 2013],,,
Z8,MCU,MME,UD8810D ,,,,,,,,,http://www.cpu-world.com/info/exUSSR-chips.html [Accessed 1 Jan 2013],,,
Z8,MCU,MME,UD8810D-005-W6 ,,,,,,,,,http://www.cpushack.com/chippics/MME/ [Accessed 1 Jan 2013],,,
Z8,MCU,MME,UD8811D ,,,,,,,,,http://www.cpu-world.com/info/exUSSR-chips.html [Accessed 1 Jan 2013],,,
Z8,MCU,MME,UB8820D,,,,,,,,,http://www.cpu-world.com/info/exUSSR-chips.html [Accessed 1 Jan 2013],,,
Z8,MCU,MME,UB8820M,,,,,,,,,http://www.cpushack.com/east-german-cpus.html [Accessed 1 Jan 2013],,,
Z8,MCU,MME,UB8820M ,,,,,,,,,http://www.cpu-world.com/info/exUSSR-chips.html [Accessed 1 Jan 2013],,,
Z8,MCU,MME,UB8821D,,,,,,,,,http://www.cpu-world.com/info/exUSSR-chips.html [Accessed 1 Jan 2013],,,
Z8,MCU,MME,UB8821M ,,,,,,,,,http://www.cpu-world.com/info/exUSSR-chips.html [Accessed 1 Jan 2013],,,
Z8,MCU,MME,UC8820M,,,,,,,,,http://www.cpu-world.com/info/exUSSR-chips.html [Accessed 1 Jan 2013],,,
Z8,MCU,MME,UC8821M,,,,,,,,,http://www.cpu-world.com/info/exUSSR-chips.html [Accessed 1 Jan 2013],,,
Z8,MCU,MME,UD8820M ,,,,,,,,,http://www.cpu-world.com/info/exUSSR-chips.html [Accessed 1 Jan 2013],,,
Z8,MCU,MME,UD8821M ,,,,,,,,,http://www.cpu-world.com/info/exUSSR-chips.html [Accessed 1 Jan 2013],,,
Z8,MCU,MME,UB8840D,,,,,,,,,http://www.cpu-world.com/info/exUSSR-chips.html [Accessed 1 Jan 2013],,,
Z8,MCU,MME,UB8840M,,,,,,,,,http://www.cpu-world.com/info/exUSSR-chips.html [Accessed 1 Jan 2013],,,
Z8,MCU,MME,UB8841D,,,,,,,,,http://www.cpu-world.com/info/exUSSR-chips.html [Accessed 1 Jan 2013],,,
Z8,MCU,MME,UB8841M,,,,,,,,,http://www.cpu-world.com/info/exUSSR-chips.html [Accessed 1 Jan 2013],,,
Z8,MCU,MME,UB8841M-W9 ,,,,,,,,,http://www.cpushack.com/chippics/MME/ [Accessed 1 Jan 2013],,,
Z8,MCU,MME,UC8840M,,,,,,,,,http://www.cpu-world.com/info/exUSSR-chips.html [Accessed 1 Jan 2013],,,
Z8,MCU,MME,UC8840M-V9 ,,,,,,,,,http://www.cpushack.com/chippics/MME/ [Accessed 1 Jan 2013],,,
Z8,MCU,MME,UC8841M,,,,,,,,,http://www.cpu-world.com/info/exUSSR-chips.html [Accessed 1 Jan 2013],,,
Z8,MCU,MME,UD8840M ,,,,,,,,,http://www.cpu-world.com/info/exUSSR-chips.html [Accessed 1 Jan 2013],,,
Z8,MCU,MME,UD8841M ,,,,,,,,,http://www.cpu-world.com/info/exUSSR-chips.html [Accessed 1 Jan 2013],,,
Z8,MCU,MME,U8830D-X6 ,,,,,,,,,http://www.cpushack.com/chippics/MME/ [Accessed 1 Jan 2013],,,
Z8,MCU,MME,UB8830D,,,,,,,,,http://www.cpushack.com/east-german-cpus.html [Accessed 1 Jan 2013],,,
Z8,MCU,MME,UB8830D,,,,,,,,,http://www.cpu-world.com/info/exUSSR-chips.html [Accessed 1 Jan 2013],,,
Z8,MCU,MME,UB8831D,,,,,,,,,http://www.cpu-world.com/info/exUSSR-chips.html [Accessed 1 Jan 2013],,,
Z8,MCU,MME,UB8831D-X6 ,,,,,,,,,http://www.cpushack.com/chippics/MME/ [Accessed 1 Jan 2013],,,
Z8,MCU,MME,UD8830D ,,,,,,,,,http://www.cpu-world.com/info/exUSSR-chips.html [Accessed 1 Jan 2013],,,
Z8,MCU,MME,UD8831D ,,,,,,,,,http://www.cpu-world.com/info/exUSSR-chips.html [Accessed 1 Jan 2013],,,
Z8,MCU,MME,UB8860D,,,,,,,,,http://www.cpu-world.com/info/exUSSR-chips.html [Accessed 1 Jan 2013],,,
Z8,MCU,MME,UB8860M,,,,,,,,,http://www.cpu-world.com/info/exUSSR-chips.html [Accessed 1 Jan 2013],,,
Z8,MCU,MME,UB8861D,,,,,,,,,http://www.cpu-world.com/info/exUSSR-chips.html [Accessed 1 Jan 2013],,,
Z8,MCU,MME,UB8861M,,,,,,,,,http://www.cpu-world.com/info/exUSSR-chips.html [Accessed 1 Jan 2013],,,
Z8,MCU,MME,UC8860M,,,,,,,,,http://www.cpu-world.com/info/exUSSR-chips.html [Accessed 1 Jan 2013],,,
Z8,MCU,MME,UC8861M,,,,,,,,,http://www.cpu-world.com/info/exUSSR-chips.html [Accessed 1 Jan 2013],,,
Z8,MCU,MME,UD8860M ,,,,,,,,,http://www.cpu-world.com/info/exUSSR-chips.html [Accessed 1 Jan 2013],,,
Z8,MCU,MME,UD8861M,,,,,,,,,http://www.cpu-world.com/info/exUSSR-chips.html [Accessed 1 Jan 2013],,,
,,MME,U2164C-UD ,,,,,,,,,http://www.cpushack.com/chippics/MME/ [Accessed 1 Jan 2013],,,
,,MME,UA855D-SD ,,,,,,,,,http://www.cpushack.com/chippics/MME/ [Accessed 1 Jan 2013],,,
,,MME,UA8560D-U3 ,,,,,,,,,http://www.cpushack.com/chippics/MME/ [Accessed 1 Jan 2013],,,
,,MME,UA857D-SD ,,,,,,,,,http://www.cpushack.com/chippics/MME/ [Accessed 1 Jan 2013],,,
,,MME,UL8611DC08-004-XD ,,,,,,,,,http://www.cpushack.com/chippics/MME/ [Accessed 1 Jan 2013],,,
,,,,,,,,,,,,,,,
,,,,,,,,,,,,,,,
,,,,,,,,,,,,,,,
, BSP,, 531BC1 , TI , SN74S481N,,, 4bit , ,,,,,,
8080, CPU,, 580ВМ1, Intel , ~ i8080  5  MHz ,,," 8 bit, 5 MHz, CMOS", ,,,,,,
8080, CPU,," 580ВМ80  
 580ИК80  ", Intel , i8080A,,," 8 bit, 2 MHz", ,,,,,,
8080, CPU,," 580ВМ80A  
 580ИК80A  ", Intel , i8080A,,," 8 bit, 2.5 MHz",  ,,,,,,
, BSP ?,, 581ИК1   , WDC , CP161(LSI-11) Data Unit ?,,, ?, ,,,,,,
, ???,, 581ИК2, WDC , CP1621(LSI-11) Control Unit ?,,, , ,,,,,,
, BSP,, 582ИК1 , TI  ???, SBP0400A ???,,, 4 bit I2L, ,,,,,,
, BSP,, 582ИК2 , TI ???, SBP0400 ???,,, 4 bit I2L, ,,,,,,
, BSP?,, 583ВМ1, USSR ? , original ?,,, 8 bit  I2L, ,,,,,,
, BSP,, 583BC1 , USSR ? , original ?,,, 8 bit  I2L, ,,,,,,
, multiplier ?,, 583ВС2 , USSR ? , original ?,,, 8 bit  I2L, ,,,,,,
, BSP?,, 583ВС3 , USSR ? , original ?,,, 8 bit  I2L, ,,,,,,
, CPU ,, 583ВС4 , USSR ? , original ?,,, 8 bit , ,,,,,,
, BSP,, 584ВМ1 , TI ???, SBP0400 ???,,, 4bit I2L, ,,,,,,
3002, BSP ,, 585ИК02   , Intel, i3002,,, , ,,,,,,
, CPU ,, 586ВМ1 , GI ???, CP1610 ???,,, 16bit , ,,,,,,
, BSP,, 587ИК2    ,, original,,, 4 bit, ,,,,,,
, BSP ?,, 588BC1   ,, original ? ,,, 16 bit , ,,,,,,
, BSP ?,, 588BC2 ,, 180x ???,,, , ,,,,,,
3002, BSP,, 589ИК02   , Intel, i3002,,, , ,,,,,,
PDP-11, CPU,, 1013ВМ1 , DEC  , PDP-11 compatible ~LZI-11,,," 16 bit, CMOS", ,,,,,,
Z80, CPU,, 1582ВМ2 , Zilog, Z80A ,,," 8 bit, 5MHz", ,,,,,,
, BSP ,, 1800BC1 , Motorola , MC10800 ,,, , ,,,,,,
PDP-11, CPU,, 1801ВМ1  , DEC, PDP-11 compatible ~DCT-11AA,,," 16 bit, 5MHz", ,,,,,,
PDP-11, CPU ,, 1801ВМ2 , DEC  , PDP-11 compatible ~DCT-11AC,,," 16 bit, 10MHz", ,,,,,,
PDP-11, CPU,, 1801ВМЗ , DEC  , PDP-11 compatible ~LSI-11/23,,," 16 bit, 6MHz", ,,,,,,
PDP-11, FPU,, 1801ВМ4 , DEC  , PDP-11 compatible ,,, 32/64 bit ? 6MHz, ,,,,,,
, BSP,, 1802BC1 , USSR, original ? ,,, 8 bit STTL, ,,,,,,
2900, BSP ,, 1804BC1 , AMD , Am2901 ,,, 4bit, ,,,,,,
2900, BSP ,, 1804BC2 , AMD , Am2903 ,,, , ,,,,,,
29000, CPU ,, 1804ВМ1 , AMD , Am29116 ,,, 4bit, ,,,,,,
2900, BSP,, 1805BC1 , AMD , ~ Am2901 CMOS,,, 4bit, ,,,,,,
PDP-11, CPU ,, 1806ВМ2 , DEC  , PDP-11 compatible,,, CMOS, ,,,,,,
PDP-11, CPU ,, 1806BM3  , DEC, PDP-11 compatible ,,, CMOS, ,,,,,,
PDP-11, CPU ,, 1806ВМ4 , DEC  , PDP-11 compatible,,, CMOS, ,,,,,,
, CPU ,, 1807ВМ1 , DEC , DC310ES ,,, 16 bit, ,,,,,,
, CPU ,, 1807ВМ2 , DEC  , ~ DCT-11AA ?,,, 32 bit, ,,,,,,
, CPU ,, 1807ВМЗ , DEC , DC78032 ,,, 32 bit, ,,,,,,
, FPU,, 1807ВМ4 , DEC , DC78132 ,,, 32 bit, ,,,,,,
, CPU*,, 1808ВМ1 ,,,,, Camera CPU , ,,,,,,
, CPU*,, 1808ВМ2 ,,,,, Camera CPU, ,,,,,,
8086, CPU,, 1810ВМ86 , Intel , i8086 ,,," 16bit,", ,,,,,,
8086, CPU,," 1810ВМ86Б
 1810BM86M ", Intel  , i8086-2,,, 16bit, ,,,,,,
8086, FPU,, 1810ВМ87 , Intel , i8087 ,,, , ,,,,,,
8088, CPU,, 1810ВМ88 , Intel , i8088 ,,, 16/8bit, ,,,,,,
, ,, 1810ВМ89 , Intel , i8089  ,,, , ,,,,,,
, ,, 1811ВМ1 , DEC , DC302F ,,, , ,,,,,,
, ,, 1811ВУ1 , DEC , DC303A ,,, , ,,,,,,
, ,, 1811ВУ2 , DEC , DC303D ,,, , ,,,,,,
, ,, 1811ВУ3 , DEC , DC303 ,,, , ,,,,,,
, BSP,, 1817BC1 ,,,,,  8 bit  I2L, ,,,,,,
, CPU,, 1818ВМ01 , SIGNETICS , 8X300 ,,, 8bit, ,,,,,,
8085, CPU,, 1821ВМ85 , Intel , 80C85 ,,," 8bit, CMOS", ,,,,,,
, BSP,, 1822BC1 , USSR, original ?,,, 8bit, ,,,,,,
2900, BSP,, 1825BC1 , AMD , Am2901 ?,,, CMOS ? , ,,,,,,
2900, BSP,, 1825BC2 , AMD, Am2903 ?,,, CMOS ?, ,,,,,,
2900, BSP,, 1825BC3 , AMD, Am29xx ?,,, CMOS ?, ,,,,,,
, CPU,, 1826ВМ1 ,,,,,  CMOS ?, ,,,,,,
, MCU,, 1829ВМ1 , NEC  , µPD7502,,," 4bit, 2048x8 ROM", ,,,,,,
, MCU,, 1829ВМ2 , NEC , µPD7507 ,,," 4bit, CMOS", ,,,,,,
PDP-11, CPU,, 1831ВМ1 , DEC , PDP-11 compatible ,,," 16/32bit, 15MHz", ,,,,,,
, FPU,, 1831ВМ2 , DEC , DC321  ,,, , ,,,,,,
, BSP,, 1832BC1 ,,,,, 16 bit , ,,,,,,
8086, CPU,, 1834ВМ86 , Intel , i80C86 ,,, , ,,,,,,
8088, CPU,, 1834ВМ88 , Intel , i80C88 ,,, , ,,,,,,
, CPU ?,, 1835ВМ1 ,,,,, , ,,,,,,
8086, CPU ,, 1835ВМ86 , Intel , i80C86 ,,, , ,,,,,,
PDP-11, CPU,, 1836ВМ2 , DEC , PDP-11 compatible ,,, CMOS 16 bit, ,,,,,,
PDP-11, CPU,, 1836ВМ21 , DEC , PDP-11 compatible ,,, CMOS 16 bit, ,,,,,,
PDP-11, CPU,, 1836ВМЗ , DEC  , PDP-11 compatible,,, CMOS 16 bit 16 MHz, ,,,,,,
, CPU,, 1836ВМ31 ,,,,, CMOS 16 bit 16 MHz, ,,,,,,
PDP-11, CPU,, 1836ВМ4 , DEC , PDP-11 compatible ,,, CMOS 16 bit 16 MHz, ,,,,,,
PDP-11, FPU,, 1836BM41 , DEC , PDP-11 compatible ,,, CMOS 16 bit 16 MHz, ,,,,,,
, BSP ?,, 1838BC1 , AMD ?, Am29501 ?,,, 8 bit, ,,,,,,
, CPU,, 1839ВМ1 , DEC , VAX-11 compatible ,,, 32 bit 10 MHz, ,,,,,,
, FPU,, 1839BM2 , DEC , VAX-11 compatible ,,, 32 bit 10 MHz, ,,,,,,
, CPU,, 1839ВМЗ , DEC , VAX-11 compatible ,,, 32 bit 15 MHz, ,,,,,,
, FPU,, 1839BM4 , DEC , VAX-11 compatible ,,, 32 bit 15 MHz, ,,,,,,
, CPU ?,, 1839ВМ5  ,,,,, , ,,,,,,
, BSP,, 1843BC1 , AMD   , Am29C332,,, 32 bit, ,,,,,,
, FPU,, 1843ВМ1 , AMD , Am29C325  ,,, , ,,,,,,
, FPU ,, 1843ВМ2 , Motorola , MC68C881  ,,, , ,,,,,,
, BSP ?,, 1845BC1 , INMOS , IMST800M ,,, 32 bit , ,,,,,,
, CPU,, 1845BM1  ,,,,, 32 bit CMOS, ,,,,,,
286, CPU,, 1847ВМ2 , Intel , i80C286  ,,, If exist ?, ,,,,,,
Z80, CPU,, 1858BM1 , Zilog , Z80  ,,, , ,,,,,,
Z80, CPU,, 1858ВМ2 , Zilog , Z80A  ,,, , ,,,,,,
Z80, CPU,, 1858ВМЗ , Zilog , Z80L  ?,,, , ,,,,,,
, CPU,, 1861ВМ1 ,,,,, , ,,,,,,
, CPU,, 1865ВМ1 ,,,,, RISC 16 bit, ,,,,,,
, CPU,, 1866ВМ1 ,,,,, 16 bit, ,,,,,,
TMS320, DSP,, 1867ВМ1 , TI , TMS320C10  ,,, 32 bit, ,,,,,,
TMS320, DSP,, 1867ВМ16 , TI , TMS320C16 compatible ,,, 32 bit, ,,,,,,
TMS320, DSP,, 1867ВМ2 , TI , TMS320C25  ,,, 32 bit, ,,,,,,
TMS320, DSP,, 1867ВМЗ , TI , TMS320C30  ,,, 32 bit, ,,,,,,
, FPU,, 1872ВМ1 ,,,,, , ,,,,,,
R3000, CPU,, 1876ВМ1 , MIPS, R3000  ,,," RISC 32 bit, 16/25 MHz", ,,,,,,
, FPU,, 1876ВМ2 , PS , PR3010 ,,," RISC 32 bit, 32/50 MHz", ,,,,,,
, CPU ?,, 1878ВМ1 ,,,,, , ,,,,,,
, CPU ?,, 1879ВМ1  , , ~NM6403 ? NeuroMatrix ?,,, 40 MHz , ,,,,,,
, CPU ?,, 1879ВМ2  , , ~NM6404 ? NeuroMatrix ?,,, 133 MHz , ,,,,,,
, CPU ?,, 1890ВМ1 ,, 1B572  ,,, RISC 33 MHz, ,,,,,,
, ,, 1892ВМ3 , MIPS ?, MIPS-32 ?,,, , ,,,,,,
Z80, CPU,, Т34ВМ1 , Zilog  , Z80A ,,, , ,,,,,,
PDP-11, MCU ,, Т36ВМ1  , DEC, PDP-11 compatible ,,, , ,,,,,,
8080,,,KP580BM80A,,,,,PDIP,brown,,,,,,
8080,,,KP580BM80A,,,,,PDIP,dark brown,,,,,,
8086,,,KM1810BM86,,,,,CDIP,White Ceramic/Silver Cap,,,,,,
1801,,,K1801VM1,,,,,,,,,,,,
1801,,,K1801VM1,,,,,5 MHz,,,,,,,
1801,,,KR1801VM1,,,,,,,,,,,,
1801,,,KR1801VM1,,,,,64-pin ceramic DIP,,,,,,,
1801,,,KM1801VM3,,,,,,,,,,,,
1801,,,KM1801VM3,,,,,5 MHz,,,,,,,
,,,,,,,,,,,,,,,
,,,,,,,,,,,,,,,
1xx Series:,,Svetlana,100ИП181,,,,,,,,,http://www.silirium.ru/ussr.html [Accessed 1Jan 2013],,,
1xx Series:,,Electronica,134ИП3,,,,,,,,,http://www.silirium.ru/ussr.html [Accessed 1Jan 2013],,,
1xx Series:,,Electronica,ОС134ИП3,,,,,,,,,http://www.silirium.ru/ussr.html [Accessed 1Jan 2013],,,
1xx Series:,,Integral,К155ИП3,,,,,,,,,http://www.silirium.ru/ussr.html [Accessed 1Jan 2013],,,
,,,,,,,,,,,,,,,
,,,,,,,,,,,,,,,
5xx Series:,,Svetlana,500ИП181,,,,,,,,,http://www.silirium.ru/ussr.html [Accessed 1Jan 2013],,,
5xx Series:,,Electronpribor,530ИП3,,,,,,,,,http://www.silirium.ru/ussr.html [Accessed 1Jan 2013],,,
5xx Series:,,Electronica,КР531ИК2,,,,,,,,,http://www.silirium.ru/ussr.html [Accessed 1Jan 2013],,,
5xx Series:,,Electronpribor,КР531ИП3,,,,,, Brown,,,http://www.silirium.ru/ussr.html [Accessed 1Jan 2013],,,
5xx Series:,,Electronpribor,КР531ИП3,,,,,,,,,http://www.silirium.ru/ussr.html [Accessed 1Jan 2013],,,
5xx Series:,,Micron,533ИП3,,,,,,,,,http://www.silirium.ru/ussr.html [Accessed 1Jan 2013],,,
5xx Series:,,Mion,К555ИП3,,,,,,,,,http://www.silirium.ru/ussr.html [Accessed 1Jan 2013],,,
5xx Series:,,NZPP,564ИП3,,,,,,,,,http://www.silirium.ru/ussr.html [Accessed 1Jan 2013],,,
,,,,,,,,,,,,,,,
,,,,,,,,,,,,,,,
15xx Series:,,Integral,К1500ИП181,,,,,,,,,http://www.silirium.ru/ussr.html [Accessed 1Jan 2013],,,
15xx Series:,,NZPP,ОСМ1526ИП3,,,,,,,,,http://www.silirium.ru/ussr.html [Accessed 1Jan 2013],,,
15xx Series:,,NZPP,1526ИП3,,,,,,,,,http://www.silirium.ru/ussr.html [Accessed 1Jan 2013],,,
15xx Series:,,Integral,КР1533ИП3,,,,,,,,,http://www.silirium.ru/ussr.html [Accessed 1Jan 2013],,,
,,,,,,,,,,,,,,,
,,,,,,,,,,,,,,,
145 Series:,,Svetlana,К145ИА1,,,,,,,,,http://www.silirium.ru/ussr.html [Accessed 1Jan 2013],,,
145 Series:,,Deviz,КР145ИП7,,,,,,,,,http://www.silirium.ru/ussr.html [Accessed 1Jan 2013],,,
145 Series:,,ElectronPribor,К145ИП11,,,,,,,,,http://www.silirium.ru/ussr.html [Accessed 1Jan 2013],,,
145 Series:,,Eldag,К145ИП11А,,,,,,,,,http://www.silirium.ru/ussr.html [Accessed 1Jan 2013],,,
145 Series:,,Eldag ,К145ИП11А,,,,,, Diff Print,,,http://www.silirium.ru/ussr.html [Accessed 1Jan 2013],,,
145 Series:,,Angstrem,К145ИП15,,,,,,,,,http://www.silirium.ru/ussr.html [Accessed 1Jan 2013],,,
145 Series:,,Eldag ,К145ИП15А,,,,,,,,,http://www.silirium.ru/ussr.html [Accessed 1Jan 2013],,,
145 Series:,,Deviz,КР145ИП16Б,,,,,,,,,http://www.silirium.ru/ussr.html [Accessed 1Jan 2013],,,
145 Series:,,Kvantor,КР145ИК1807,,,,,,,,,http://www.silirium.ru/ussr.html [Accessed 1Jan 2013],,,
145 Series:,,Svetlana,К145ИК6,,,,,,,,,http://www.silirium.ru/ussr.html [Accessed 1Jan 2013],,,
,,,,,,,,,,,,,,,
,,,,,,,,,,,,,,,
580 Series CPU:,,Kvazar,К580ИК80,,,,,,,,,http://www.silirium.ru/ussr.html [Accessed 1Jan 2013],,,
580 Series CPU:,,Electronpribor,КР580ИК80А,,,,,,,,,http://www.silirium.ru/ussr.html [Accessed 1Jan 2013],,,
580 Series CPU:,,Kvazar,КР580ИК80А,,,,,,,,,http://www.silirium.ru/ussr.html [Accessed 1Jan 2013],,,
580 Series CPU:,,,КР580ИК80А,,,,, 'Made in USSR' ('Сделано в СССР'),,,,http://www.silirium.ru/ussr.html [Accessed 1Jan 2013],,,
580 Series CPU:,,Kvazar,580ВМ80,,,,,,,,,http://www.silirium.ru/ussr.html [Accessed 1Jan 2013],,,
580 Series CPU:,,Dnepr,КР580ВМ80А,,,,,,,,,http://www.silirium.ru/ussr.html [Accessed 1Jan 2013],,,
580 Series CPU:,,Kvantor,КР580ВМ80А,,,,,,,,,http://www.silirium.ru/ussr.html [Accessed 1Jan 2013],,,
580 Series CPU:,,Rodon,КР580ВМ80А,,,,, Black,,,,http://www.silirium.ru/ussr.html [Accessed 1Jan 2013],,,
580 Series CPU:,,Rodon,КР580ВМ80А,,,,, Brown,,,,http://www.silirium.ru/ussr.html [Accessed 1Jan 2013],,,
580 Series CPU:,,,КР580ВМ80А,,,,, 'Made in USSR' ('Сделано в СССР'),,,,http://www.silirium.ru/ussr.html [Accessed 1Jan 2013],,,
,,,,,,,,,,,,,,,
,,,,,,,,,,,,,,,
581 Series Microprocessor Set:,,Deviz,КР581ИК1,,,,,,,,,http://www.silirium.ru/ussr.html [Accessed 1Jan 2013],,,
581 Series Microprocessor Set:,,Electronica,КР581ИК1,,,,,,,,,http://www.silirium.ru/ussr.html [Accessed 1Jan 2013],,,
581 Series Microprocessor Set:,,Electronica,КР581ИК1,,,,, Mod.2,,,,http://www.silirium.ru/ussr.html [Accessed 1Jan 2013],,,
581 Series Microprocessor Set:,,Electronica,К581ИК2А,,,,,,,,,http://www.silirium.ru/ussr.html [Accessed 1Jan 2013],,,
581 Series Microprocessor Set:,,Electronica,КР581ИК2,,,,,,,,,http://www.silirium.ru/ussr.html [Accessed 1Jan 2013],,,
581 Series Microprocessor Set:,,Deviz,КР581РУ1,,,,,,,,,http://www.silirium.ru/ussr.html [Accessed 1Jan 2013],,,
581 Series Microprocessor Set:,,Deviz,КР581РУ2,,,,,,,,,http://www.silirium.ru/ussr.html [Accessed 1Jan 2013],,,
581 Series Microprocessor Set:,,Electronica,КР581РУ3,,,,,,,,,http://www.silirium.ru/ussr.html [Accessed 1Jan 2013],,,
,,,,,,,,,,,,,,,
,,,,,,,,,,,,,,,
582 Series Microprocessor Set:,,Electronica,582ИК1,,,,,,,,,http://www.silirium.ru/ussr.html [Accessed 1Jan 2013],,,
,,,,,,,,,,,,,,,
,,,,,,,,,,,,,,,
583 Series Microprocessor Set:,,Integral,К583ВС1Б,,,,,,,,,http://www.silirium.ru/ussr.html [Accessed 1Jan 2013],,,
583 Series Microprocessor Set:,,Integral,К583ВМ1А,,,,,,,,,http://www.silirium.ru/ussr.html [Accessed 1Jan 2013],,,
583 Series Microprocessor Set:,,Integral,583ВМ1Б,,,,,,,,,http://www.silirium.ru/ussr.html [Accessed 1Jan 2013],,,
583 Series Microprocessor Set:,,Integral,583ИК1А,,,,,,,,,http://www.silirium.ru/ussr.html [Accessed 1Jan 2013],,,
583 Series Microprocessor Set:,,Integral,К583ИК1Б,,,,,,,,,http://www.silirium.ru/ussr.html [Accessed 1Jan 2013],,,
583 Series Microprocessor Set:,,Integral,583КП1Б,,,,,,,,,http://www.silirium.ru/ussr.html [Accessed 1Jan 2013],,,
,,,,,,,,,,,,,,,
,,,,,,,,,,,,,,,
584 Series Microprocessor Set:,,Integral,К584ВМ1,,,,,,,,,http://www.silirium.ru/ussr.html [Accessed 1Jan 2013],,,
,,,,,,,,,,,,,,,
,,,,,,,,,,,,,,,
586 Series Microprocessor Set:,,Svetlana,К586ВМ1,,,,,,,,,http://www.silirium.ru/ussr.html [Accessed 1Jan 2013],,,
,,,,,,,,,,,,,,,
,,,,,,,,,,,,,,,
587 Series Microprocessor Set:,,Angstrem,КР587ИК1,,,,,,,,,http://www.silirium.ru/ussr.html [Accessed 1Jan 2013],,,
587 Series Microprocessor Set:,,Angstrem,587ИК2,,,,,,,,,http://www.silirium.ru/ussr.html [Accessed 1Jan 2013],,,
587 Series Microprocessor Set:,,Angstrem,587ИК3,,,,,,,,,http://www.silirium.ru/ussr.html [Accessed 1Jan 2013],,,
587 Series Microprocessor Set:,,Angstrem,КР587ИК3,,,,,,,,,http://www.silirium.ru/ussr.html [Accessed 1Jan 2013],,,
,,,,,,,,,,,,,,,
,,,,,,,,,,,,,,,
588 Series Microprocessor Set:,,Transistor,К588ИК2,,,,,,,,,http://www.silirium.ru/ussr.html [Accessed 1Jan 2013],,,
588 Series Microprocessor Set:,,Transistor,КР588ВС1В,,,,,,,,,http://www.silirium.ru/ussr.html [Accessed 1Jan 2013],,,
588 Series Microprocessor Set:,,Transistor,А588ВС2,,,,,,,,,http://www.silirium.ru/ussr.html [Accessed 1Jan 2013],,,
588 Series Microprocessor Set:,,Integral,588ВС2А,,,,,,,,,http://www.silirium.ru/ussr.html [Accessed 1Jan 2013],,,
588 Series Microprocessor Set:,,Integral,КР588ВС2Б,,,,,,,,,http://www.silirium.ru/ussr.html [Accessed 1Jan 2013],,,
588 Series Microprocessor Set:,,Transistor,КР588ВУ2Б,,,,,,,,,http://www.silirium.ru/ussr.html [Accessed 1Jan 2013],,,
,,,,,,,,,,,,,,,
,,,,,,,,,,,,,,,
589 Series Microprocessor Set:,,Micron,589ИК01,,,,,,,,,http://www.silirium.ru/ussr.html [Accessed 1Jan 2013],,,
589 Series Microprocessor Set:,,Micron,589ИК02,,,,,,,,,http://www.silirium.ru/ussr.html [Accessed 1Jan 2013],,,
589 Series Microprocessor Set:,,Micron,589ИК02,,,,, Diff,,,,http://www.silirium.ru/ussr.html [Accessed 1Jan 2013],,,
589 Series Microprocessor Set:,,Micron,К589ИК02,,,,,,,,,http://www.silirium.ru/ussr.html [Accessed 1Jan 2013],,,
,,,,,,,,,,,,,,,
,,,,,,,,,,,,,,,
1005 Series:,,Electronica,КР1005ВЕ1,,,,,,,,,http://www.silirium.ru/ussr.html [Accessed 1Jan 2013],,,
,,,,,,,,,,,,,,,
,,,,,,,,,,,,,,,
1801 Series DEC PDP-11 Compatible CPUs:,,Angstrem,К1801ВМ1,,,,,,,,,http://www.silirium.ru/ussr.html [Accessed 1Jan 2013],,,
1801 Series DEC PDP-11 Compatible CPUs:,,Angstrem,КР1801ВМ1,,,,,, Dot marked,,,http://www.silirium.ru/ussr.html [Accessed 1Jan 2013],,,
1801 Series DEC PDP-11 Compatible CPUs:,,Angstrem,КР1801ВМ1,,,,,, w/o dot,,,http://www.silirium.ru/ussr.html [Accessed 1Jan 2013],,,
1801 Series DEC PDP-11 Compatible CPUs:,,Angstrem,КР1801ВМ1Г,,,,,,,,,http://www.silirium.ru/ussr.html [Accessed 1Jan 2013],,,
1801 Series DEC PDP-11 Compatible CPUs:,,Angstrem,КР1801ВМ2,,,,,,,,,http://www.silirium.ru/ussr.html [Accessed 1Jan 2013],,,
1801 Series DEC PDP-11 Compatible CPUs:,,Angstrem,КМ1801ВМ2,,,,,,,,,http://www.silirium.ru/ussr.html [Accessed 1Jan 2013],,,
1801 Series DEC PDP-11 Compatible CPUs:,,Angstrem,Р1801ВМ2,,,,,,,,,http://www.silirium.ru/ussr.html [Accessed 1Jan 2013],,,
1801 Series DEC PDP-11 Compatible CPUs:,,SEMZ,КМ1801ВМ2,,,,,, Gold Pins,,,http://www.silirium.ru/ussr.html [Accessed 1Jan 2013],,,
1801 Series DEC PDP-11 Compatible CPUs:,,SEMZ,КМ1801ВМ2,,,,,, Nickel Pins,,,http://www.silirium.ru/ussr.html [Accessed 1Jan 2013],,,
1801 Series DEC PDP-11 Compatible CPUs:,,Angstrem,КМ1801ВМ3,,,,,,,,,http://www.silirium.ru/ussr.html [Accessed 1Jan 2013],,,
1801 Series DEC PDP-11 Compatible CPUs:,,Angstrem,КМ1801ВМ3А,,,,,,,,,http://www.silirium.ru/ussr.html [Accessed 1Jan 2013],,,
1801 Series DEC PDP-11 Compatible CPUs:,,Angstrem,КМ1801ВМ3Б,,,,,,,,,http://www.silirium.ru/ussr.html [Accessed 1Jan 2013],,,
1801 Series DEC PDP-11 Compatible CPUs:,,Angstrem,КМ1801ВМ3В,,,,,,,,,http://www.silirium.ru/ussr.html [Accessed 1Jan 2013],,,
1801 Series DEC PDP-11 Compatible CPUs:,,Angstrem,КН1801ВМ3Б,,,,,,,,,http://www.silirium.ru/ussr.html [Accessed 1Jan 2013],,,
,,,,,,,,,,,,,,,
,,,,,,,,,,,,,,,
1802 Series Microprocessor Set:,,Micron,1802ВС1,,,,,,,,,http://www.silirium.ru/ussr.html [Accessed 1Jan 2013],,,
1802 Series Microprocessor Set:,,Micron,КР1802ВС1,,,,,,,,,http://www.silirium.ru/ussr.html [Accessed 1Jan 2013],,,
1802 Series Microprocessor Set:,,Micron,КР1802ВС1,,,,, Diff,,,,http://www.silirium.ru/ussr.html [Accessed 1Jan 2013],,,
,,,,,,,,,,,,,,,
,,,,,,,,,,,,,,,
1804 Series BSP:,,Electronica,1804ВС1,,,,,,,,,http://www.silirium.ru/ussr.html [Accessed 1Jan 2013],,,
1804 Series BSP:,,,КР1804ВС1,,,,,,,,,http://www.silirium.ru/ussr.html [Accessed 1Jan 2013],,,
1804 Series BSP:,,Electronica ,1804ВС2,,,,,,,,,http://www.silirium.ru/ussr.html [Accessed 1Jan 2013],,,
1804 Series BSP:,,Electronica,КМ1804ВС2,,,,,,,,,http://www.silirium.ru/ussr.html [Accessed 1Jan 2013],,,
1804 Series BSP:,,Electronica,М1804ВС2,,,,,,,,,http://www.silirium.ru/ussr.html [Accessed 1Jan 2013],,,
,,,,,,,,,,,,,,,
,,,,,,,,,,,,,,,
1806 Series:,,Angstrem,КР1806ВЕ1,,,,,,,,,http://www.silirium.ru/ussr.html [Accessed 1Jan 2013],,,
1806 Series:,,Angstrem,Н1806ВМ2,,,,,,,,,http://www.silirium.ru/ussr.html [Accessed 1Jan 2013],,,
,,,,,,,,,,,,,,,
,,,,,,,,,,,,,,,
1807 Series CPUs:,,Electronica,КР1807ВМ1,,,,,,,,,http://www.silirium.ru/ussr.html [Accessed 1Jan 2013],,,
1807 Series CPUs:,,,КМ1807ВМ2,,,,,,,,,http://www.silirium.ru/ussr.html [Accessed 1Jan 2013],,,
,,,,,,,,,,,,,,,
,,,,,,,,,,,,,,,
1810 Series:,,,КР1810ВМ86,,,,, 'Made in USSR' ('Сделано в СССР'),,,,http://www.silirium.ru/ussr.html [Accessed 1Jan 2013],,,
1810 Series:,,Kvantor,КР1810ВМ86,,,,,,,,,http://www.silirium.ru/ussr.html [Accessed 1Jan 2013],,,
1810 Series:,,Kvazar,КР1810ВМ86,,,,,,,,,http://www.silirium.ru/ussr.html [Accessed 1Jan 2013],,,
1810 Series:,,Rodon,КР1810ВМ86,,,,,,,,,http://www.silirium.ru/ussr.html [Accessed 1Jan 2013],,,
1810 Series:,,Kvazar,КР1810ВМ86М,,,,,,,,,http://www.silirium.ru/ussr.html [Accessed 1Jan 2013],,,
1810 Series:,,Kvazar,М1810ВМ86,,,,,,,,,http://www.silirium.ru/ussr.html [Accessed 1Jan 2013],,,
1810 Series:,,Kvazar,КМ1810ВМ88,,,,,,,,,http://www.silirium.ru/ussr.html [Accessed 1Jan 2013],,,
1810 Series:,,ElectronPribor,КР1810ВМ88,,,,,,,,,http://www.silirium.ru/ussr.html [Accessed 1Jan 2013],,,
1810 Series:,,Kvazar,КМ1810ВМ89,,,,,,,,,http://www.silirium.ru/ussr.html [Accessed 1Jan 2013],,,
,,,,,,,,,,,,,,,
,,,,,,,,,,,,,,,
1811 Series DEC F-11 compatible Microprocessor Set:,,Electronica,КР1811ВТ1,,,,,,,,,http://www.silirium.ru/ussr.html [Accessed 1Jan 2013],,,
1811 Series DEC F-11 compatible Microprocessor Set:,,Electronica,КН1811ВМ1,,,,,,,,,http://www.silirium.ru/ussr.html [Accessed 1Jan 2013],,,
1811 Series DEC F-11 compatible Microprocessor Set:,,Electronica,КН1811ВУ1,,,,,,,,,http://www.silirium.ru/ussr.html [Accessed 1Jan 2013],,,
1811 Series DEC F-11 compatible Microprocessor Set:,,Electronica,КН1811ВУ2,,,,,,,,,http://www.silirium.ru/ussr.html [Accessed 1Jan 2013],,,
1811 Series DEC F-11 compatible Microprocessor Set:,,Electronica,КН1811ВУ3,,,,,,,,,http://www.silirium.ru/ussr.html [Accessed 1Jan 2013],,,
1811 Series DEC F-11 compatible Microprocessor Set:,,,МК1 ред1,,,,,,,,,http://www.silirium.ru/ussr.html [Accessed 1Jan 2013],,,
1811 Series DEC F-11 compatible Microprocessor Set:,,,МК1 ред3,,,,,,,,,http://www.silirium.ru/ussr.html [Accessed 1Jan 2013],,,
1811 Series DEC F-11 compatible Microprocessor Set:,,,КН1811ВМ1 + КН1811ВУ1,,,,, (White),,,,http://www.silirium.ru/ussr.html [Accessed 1Jan 2013],,,
1811 Series DEC F-11 compatible Microprocessor Set:,,,КН1811ВУ2 + КН1811ВУ3,,,,, (White),,,,http://www.silirium.ru/ussr.html [Accessed 1Jan 2013],,,
,,,,,,,,,,,,,,,
,,,,,,,,,,,,,,,
1814 Series:,,Deviz,КР1814ВЕ4,,,,,,,,,http://www.silirium.ru/ussr.html [Accessed 1Jan 2013],,,
1814 Series:,,Electronica,КР1814ВЕ5,,,,,,,,,http://www.silirium.ru/ussr.html [Accessed 1Jan 2013],,,
1814 Series:,,Deviz,КР1814ВЕ7,,,,,,,,,http://www.silirium.ru/ussr.html [Accessed 1Jan 2013],,,
1814 Series:,,Deviz,КР1814ВЕ8,,,,,,,,,http://www.silirium.ru/ussr.html [Accessed 1Jan 2013],,,
1814 Series:,,Deviz,КР1814ВЕ9,,,,,,,,,http://www.silirium.ru/ussr.html [Accessed 1Jan 2013],,,
,,,,,,,,,,,,,,,
,,,,,,,,,,,,,,,
1815 Series Microprocessor Set:,,Integral,1815ИА1,,,,, ALU,,,,http://www.silirium.ru/ussr.html [Accessed 1Jan 2013],,,
1815 Series Microprocessor Set:,,Integral,1815ВФ3,,,,, FFT Microprocessor,,,,http://www.silirium.ru/ussr.html [Accessed 1Jan 2013],,,
,,,,,,,,,,,,,,,
,,,,,,,,,,,,,,,
1816 Series:,,Electronica,КР1816ВЕ31,,,,,,,,,http://www.silirium.ru/ussr.html [Accessed 1Jan 2013],,,
1816 Series:,,Vostok,РВЕ035,,,,,,,,,http://www.silirium.ru/ussr.html [Accessed 1Jan 2013],,,
1816 Series:,,Kvantor,КМ1816ВЕ35,,,,,,,,,http://www.silirium.ru/ussr.html [Accessed 1Jan 2013],,,
1816 Series:,,Kvantor,КР1816ВЕ35,,,,,,,,,http://www.silirium.ru/ussr.html [Accessed 1Jan 2013],,,
1816 Series:,,Kvazar,КМ1816ВЕ35,,,,,,,,,http://www.silirium.ru/ussr.html [Accessed 1Jan 2013],,,
1816 Series:,,Kvazar,КР1816ВЕ35,,,,,,,,,http://www.silirium.ru/ussr.html [Accessed 1Jan 2013],,,
1816 Series:,,Kvazar,КР1816ВЕ35,,,,,, package w/holes ,,,http://www.silirium.ru/ussr.html [Accessed 1Jan 2013],,,
1816 Series:,,Kvazar,КР1816ВЕ39,,,,,, package w/holes ,,,http://www.silirium.ru/ussr.html [Accessed 1Jan 2013],,,
1816 Series:,,Kvantor,КМ1816ВЕ48,,,,,,,,,http://www.silirium.ru/ussr.html [Accessed 1Jan 2013],,,
1816 Series:,,Kvazar,КМ1816ВЕ48,,,,,,,,,http://www.silirium.ru/ussr.html [Accessed 1Jan 2013],,,
1816 Series:,,Rodon,КР1816ВЕ49,,,,,,,,,http://www.silirium.ru/ussr.html [Accessed 1Jan 2013],,,
1816 Series:,,Electronica,КР1816ВЕ51,,,,,,,,,http://www.silirium.ru/ussr.html [Accessed 1Jan 2013],,,
1816 Series:,,Elcor,К1816ВЕ851,,,,,,,,,http://www.silirium.ru/ussr.html [Accessed 1Jan 2013],,,
,,,,,,,,,,,,,,,
,,,,,,,,,,,,,,,
1818 Series:,,Electronica,КМ1818ВМ01А,,,,, dot-marked,,,,http://www.silirium.ru/ussr.html [Accessed 1Jan 2013],,,
1818 Series:,,Electronica,КМ1818ВМ01А,,,,, A-marked,,,,http://www.silirium.ru/ussr.html [Accessed 1Jan 2013],,,
,,,,,,,,,,,,,,,
,,,,,,,,,,,,,,,
1820 Series:,,Integral,КР1820ВЕ1,,,,,,,,,http://www.silirium.ru/ussr.html [Accessed 1Jan 2013],,,
1820 Series:,,Integral,КР1820ВЕ1А,,,,,,,,,http://www.silirium.ru/ussr.html [Accessed 1Jan 2013],,,
1820 Series:,,Integral,КР1820ВЕ2А,,,,,,,,,http://www.silirium.ru/ussr.html [Accessed 1Jan 2013],,,
1820 Series:,,Transistor,КР1820ВЕ2А,,,,,,,,,http://www.silirium.ru/ussr.html [Accessed 1Jan 2013],,,
1820 Series:,,Transistor,КР1820ВЕ3,,,,,,,,,http://www.silirium.ru/ussr.html [Accessed 1Jan 2013],,,
1820 Series:,,Integral,ЭКР1820ВЕ6,,,,,,,,,http://www.silirium.ru/ussr.html [Accessed 1Jan 2013],,,
,,,,,,,,,,,,,,,
,,,,,,,,,,,,,,,
1821 Series CPU:,,NZPP,ИМ1821ВМ85А,,,,, Gold,,,,http://www.silirium.ru/ussr.html [Accessed 1Jan 2013],,,
1821 Series CPU:,,NZPP,ИМ1821ВМ85А,,,,, Nickel,,,,http://www.silirium.ru/ussr.html [Accessed 1Jan 2013],,,
1821 Series CPU:,,NZPP,КР1821ВМ85А,,,,,,,,,http://www.silirium.ru/ussr.html [Accessed 1Jan 2013],,,
,,,,,,,,,,,,,,,
,,,,,,,,,,,,,,,
1823 Series:,,,КР1823ВГ1,,,,,,,,,http://www.silirium.ru/ussr.html [Accessed 1Jan 2013],,,
1823 Series:,,Integral,КМ1823ВУ1,,,,,,,,,http://www.silirium.ru/ussr.html [Accessed 1Jan 2013],,,
,,,,,,,,,,,,,,,
,,,,,,,,,,,,,,,
1824 Series Microprocessor Set:,,Transistor,1824ВР21,,,,,,,,,http://www.silirium.ru/ussr.html [Accessed 1Jan 2013],,,
1824 Series Microprocessor Set:,,Transistor,1824ВС21,,,,,,,,,http://www.silirium.ru/ussr.html [Accessed 1Jan 2013],,,
1824 Series Microprocessor Set:,,Transistor,1824ВУ21-0001,,,,,,,,,http://www.silirium.ru/ussr.html [Accessed 1Jan 2013],,,
,,,,,,,,,,,,,,,
,,,,,,,,,,,,,,,
1827 Series:,,Svetlana,К1827ВЕ2,,,,,,,,,http://www.silirium.ru/ussr.html [Accessed 1Jan 2013],,,
,,,,,,,,,,,,,,,
,,,,,,,,,,,,,,,
1830 Series:,,Electronica,КР1830ВЕ31,,,,,,,,,http://www.silirium.ru/ussr.html [Accessed 1Jan 2013],,,
1830 Series:,,Integral,ЭКР1830ВЕ31,,,,,,,,,http://www.silirium.ru/ussr.html [Accessed 1Jan 2013],,,
,,,,,,,,,,,,,,,
,,,,,,,,,,,,,,,
1831 Series DEC J-11 compatible Microprocessor Set:,,,М8К ред4,,,,,,,,,http://www.silirium.ru/ussr.html [Accessed 1Jan 2013],,,
,,,,,,,,,,,,,,,
,,,,,,,,,,,,,,,
1833 Series:,,Alfa,КР1833ВЕ1-003,,,,,,,,,http://www.silirium.ru/ussr.html [Accessed 1Jan 2013],,,
,,,,,,,,,,,,,,,
,,,,,,,,,,,,,,,
1835 Series:,,Integral,ОКР1835ВЕ49-001,,,,,,,,,http://www.silirium.ru/ussr.html [Accessed 1Jan 2013],,,
,,,,,,,,,,,,,,,
,,,,,,,,,,,,,,,
1839 Series:,,Angstrem,Л1839ВМ1,,,,,,,,,http://www.silirium.ru/ussr.html [Accessed 1Jan 2013],,,
1839 Series:,,Angstrem,КЛ1839ВМ1,,,,,,,,,http://www.silirium.ru/ussr.html [Accessed 1Jan 2013],,,
1839 Series:,,Angstrem,КЛ1839ВВ1,,,,,,,,,http://www.silirium.ru/ussr.html [Accessed 1Jan 2013],,,
1839 Series:,,Angstrem,КЛ1839ВТ1,,,,,,,,,http://www.silirium.ru/ussr.html [Accessed 1Jan 2013],,,
,,,,,,,,,,,,,,,
,,,,,,,,,,,,,,,
1850 Series:,,NZPP,КМ1850ВЕ35,,,,,,,,,http://www.silirium.ru/ussr.html [Accessed 1Jan 2013],,,
1850 Series:,,Vostok,КМ1850ВЕ35,,,,,,,,,http://www.silirium.ru/ussr.html [Accessed 1Jan 2013],,,
1850 Series:,,Vostok,КР1850ВЕ35,,,,,,,,,http://www.silirium.ru/ussr.html [Accessed 1Jan 2013],,,
1850 Series:,,Vostok,КР1850ВЕ39,,,,,,,,,http://www.silirium.ru/ussr.html [Accessed 1Jan 2013],,,
1850 Series:,,NZPP,КМ1850ВЕ40,,,,,,,,,http://www.silirium.ru/ussr.html [Accessed 1Jan 2013],,,
1850 Series:,,Vostok,КМ1850ВЕ48,,,,,,,,,http://www.silirium.ru/ussr.html [Accessed 1Jan 2013],,,
,,,,,,,,,,,,,,,
,,,,,,,,,,,,,,,
1867 Series:,,Electronica,КМ1867ВМ1,,,,,,,,,http://www.silirium.ru/ussr.html [Accessed 1Jan 2013],,,
,,,,,,,,,,,,,,,
,,,,,,,,,,,,,,,
1878 Series:,,Angstrem,КР1878ВЕ1,,,,,,,,,http://www.silirium.ru/ussr.html [Accessed 1Jan 2013],,,
,,,,,,,,,,,,,,,
,,,,,,,,,,,,,,,
Z80,,Angstrem,Т34ВМ1,,,,, Gold Top/Pins,,,,http://www.silirium.ru/ussr.html [Accessed 1Jan 2013],,,
Z80,,Angstrem,Т34ВМ1,,,,, Silver Top/Pins,,,,http://www.silirium.ru/ussr.html [Accessed 1Jan 2013],,,
Z80,,Angstrem,КР1858ВМ1,,,,,,,,,http://www.silirium.ru/ussr.html [Accessed 1Jan 2013],,,
Z80,,Angstrem,КР1858ВМ1,,,,,, Diff Print,,,http://www.silirium.ru/ussr.html [Accessed 1Jan 2013],,,
Z80,,Transistor,КР1858ВМ3,,,,,,,,,http://www.silirium.ru/ussr.html [Accessed 1Jan 2013],,,
Z80,,,КМ1582ВМ2,,,,,Unknown,,,,http://www.silirium.ru/ussr.html [Accessed 1Jan 2013],,,
,,,,,,,,,,,,,,,
,,,,,,,,,,,,,,,
,,,,,,,,,,,,,,,
,,,,,,,,,,,,,,,
,,,KR1804VS1,,,,,,,,,http://www.cpu-world.com/info/exUSSR-chips.html [Accessed 1 Jan 2013],,,
,,,1804VS1,,,,,,,,,http://www.cpu-world.com/info/exUSSR-chips.html [Accessed 1 Jan 2013],,,
2900,,,KM1804VS1,AMD,AM2901BPC,,,,,,,http://www.cpu-world.com/info/exUSSR-chips.html [Accessed 1 Jan 2013],,,
,,,KM1804VS2,,,,,,,,,http://www.cpu-world.com/info/exUSSR-chips.html [Accessed 1 Jan 2013],,,
2900,,,1804VS2,AMD,2903ADC,,,,,,,http://www.cpu-world.com/info/exUSSR-chips.html [Accessed 1 Jan 2013],,,
,,,KR1804VU1,,,,,,,,,http://www.cpu-world.com/info/exUSSR-chips.html [Accessed 1 Jan 2013],,,
,,,KS1804VU1,,,,,,,,,http://www.cpu-world.com/info/exUSSR-chips.html [Accessed 1 Jan 2013],,,
,,,1804VU1,,,,,,,,,http://www.cpu-world.com/info/exUSSR-chips.html [Accessed 1 Jan 2013],,,
2900,,,KM1804VU1,AMD,AM2909PC,,,,,,,http://www.cpu-world.com/info/exUSSR-chips.html [Accessed 1 Jan 2013],,,
,,, ,,,,,,,,,,,,
3002,,,K585IK01,Intel,Intel 3001,,,,,,,http://www.cpu-world.com/info/exUSSR-chips.html [Accessed 1 Jan 2013],,,
,,,K589IK01,,,,,,,,,http://www.cpu-world.com/info/exUSSR-chips.html [Accessed 1 Jan 2013],,,
3002,,,589IK01,Intel,Intel 3001,,,,,,,http://www.cpu-world.com/info/exUSSR-chips.html [Accessed 1 Jan 2013],,,
,,,MH3001 ,,,,,,,,,http://www.cpu-world.com/info/exUSSR-chips.html [Accessed 1 Jan 2013],,,
3002,,,K585IK02,Intel,Intel 3002,,,,,,,http://www.cpu-world.com/info/exUSSR-chips.html [Accessed 1 Jan 2013],,,
,,,K589IK02,,,,,,,,,http://www.cpu-world.com/info/exUSSR-chips.html [Accessed 1 Jan 2013],,,
3002,,,589IK02,Intel,Intel 3002,,,,,,,http://www.cpu-world.com/info/exUSSR-chips.html [Accessed 1 Jan 2013],,,
,,,MH3002 ,,,,,,,,,http://www.cpu-world.com/info/exUSSR-chips.html [Accessed 1 Jan 2013],,,
,,,U808D ,,,,,,,,,http://www.cpu-world.com/info/exUSSR-chips.html [Accessed 1 Jan 2013],,,
,,,KM1816VE31,,,,,,,,,http://www.cpu-world.com/info/exUSSR-chips.html [Accessed 1 Jan 2013],,,
,,,KR1816VE31,Intel,Intel 8031AH,,,,,,,http://www.cpu-world.com/info/exUSSR-chips.html [Accessed 1 Jan 2013],,,
,,,MCY7835N ,,,,,,,,,http://www.cpu-world.com/info/exUSSR-chips.html [Accessed 1 Jan 2013],,,
,,,KM1816VE35,,,,,,,,,http://www.cpu-world.com/info/exUSSR-chips.html [Accessed 1 Jan 2013],,,
,,,KR1816VE35,Intel,Intel 8035,,,,,,,http://www.cpu-world.com/info/exUSSR-chips.html [Accessed 1 Jan 2013],,,
,,,MHB8035C ,,,,,,,,,http://www.cpu-world.com/info/exUSSR-chips.html [Accessed 1 Jan 2013],,,
,,,M1816VE39,,,,,,,,,http://www.cpu-world.com/info/exUSSR-chips.html [Accessed 1 Jan 2013],,,
,,,KM1816VE39,,,,,,,,,http://www.cpu-world.com/info/exUSSR-chips.html [Accessed 1 Jan 2013],,,
,,,KR1816VE39,Intel,Intel P8039H,,,,,,,http://www.cpu-world.com/info/exUSSR-chips.html [Accessed 1 Jan 2013],,,
,,,MCY7848N ,,,,,,,,,http://www.cpu-world.com/info/exUSSR-chips.html [Accessed 1 Jan 2013],,,
,,,MHB8048C ,,,,,,,,,http://www.cpu-world.com/info/exUSSR-chips.html [Accessed 1 Jan 2013],,,
MCS-48,,,KM1816VE48,Intel,Intel 8048,,,,,,,http://www.cpu-world.com/info/exUSSR-chips.html [Accessed 1 Jan 2013],,,
,,,KM1816VE49,,,,,,,,,http://www.cpu-world.com/info/exUSSR-chips.html [Accessed 1 Jan 2013],,,
,,,KR1816VE49,Intel,Intel 8049,,,,,,,http://www.cpu-world.com/info/exUSSR-chips.html [Accessed 1 Jan 2013],,,
MCS-51,,,KR1816VE51,Intel,Intel 8051AH,,,,,,,http://www.cpu-world.com/info/exUSSR-chips.html [Accessed 1 Jan 2013],,,
,,,KS1816VE751A,,,,,,,,,http://www.cpu-world.com/info/exUSSR-chips.html [Accessed 1 Jan 2013],,,
MCS-51,,,KS1816VE751B,Intel,Intel 8751H,,,,,,,http://www.cpu-world.com/info/exUSSR-chips.html [Accessed 1 Jan 2013],,,
MCS-48,,,KM1816VE48,Intel,Intel 8748,,,,,,,http://www.cpu-world.com/info/exUSSR-chips.html [Accessed 1 Jan 2013],,,
,,,MHB8748C ,,,,,,,,,http://www.cpu-world.com/info/exUSSR-chips.html [Accessed 1 Jan 2013],,,
,,,KR1830VE31,,,,,,,,,http://www.cpu-world.com/info/exUSSR-chips.html [Accessed 1 Jan 2013],,,
,,,N1830VE31,Intel,80C31,,,,,,,http://www.cpu-world.com/info/exUSSR-chips.html [Accessed 1 Jan 2013],,,
,,,KR1830VE35,Intel,80C35,,,,,,,http://www.cpu-world.com/info/exUSSR-chips.html [Accessed 1 Jan 2013],,,
,,,KR1830VE39,Intel,80C39,,,,,,,http://www.cpu-world.com/info/exUSSR-chips.html [Accessed 1 Jan 2013],,,
,,,KR1830VE44,,-,,,,,,,http://www.cpu-world.com/info/exUSSR-chips.html [Accessed 1 Jan 2013],,,
MCS-48,,,KR1830VE48,Intel,MPD80C48C,,,,,,,http://www.cpu-world.com/info/exUSSR-chips.html [Accessed 1 Jan 2013],,,
,,,KR1830VE51,,,,,,,,,http://www.cpu-world.com/info/exUSSR-chips.html [Accessed 1 Jan 2013],,,
MCS-51,,,N1830VE51,Intel,80C51,,,,,,,http://www.cpu-world.com/info/exUSSR-chips.html [Accessed 1 Jan 2013],,,
,,,KR1830VE56,,-,,,,,,,http://www.cpu-world.com/info/exUSSR-chips.html [Accessed 1 Jan 2013],,,
MCS-51,,,KR1830VE751,Intel,87C51,,,,,,,http://www.cpu-world.com/info/exUSSR-chips.html [Accessed 1 Jan 2013],,,
,,,KR1830VE753,Intel,87C53,,,,,,,http://www.cpu-world.com/info/exUSSR-chips.html [Accessed 1 Jan 2013],,,
MCS-51,,,KR1835VE31,Intel,80C31,,,,,,,http://www.cpu-world.com/info/exUSSR-chips.html [Accessed 1 Jan 2013],,,
,,,KA1835VE39,,,,,,,,,http://www.cpu-world.com/info/exUSSR-chips.html [Accessed 1 Jan 2013],,,
,,,KR1835VE39,Intel,80C39,,,,,,,http://www.cpu-world.com/info/exUSSR-chips.html [Accessed 1 Jan 2013],,,
,,,KA1835VE49,,,,,,,,,http://www.cpu-world.com/info/exUSSR-chips.html [Accessed 1 Jan 2013],,,
,,,KR1835VE49,Intel,80C49,,,,,,,http://www.cpu-world.com/info/exUSSR-chips.html [Accessed 1 Jan 2013],,,
,,,KR1835VE51,Intel,80C51,,,,,,,http://www.cpu-world.com/info/exUSSR-chips.html [Accessed 1 Jan 2013],,,
,,,KR1850VE651,,-,,,,,,,http://www.cpu-world.com/info/exUSSR-chips.html [Accessed 1 Jan 2013],,,
,,,KR1850VE35,,,,,,,,,http://www.cpu-world.com/info/exUSSR-chips.html [Accessed 1 Jan 2013],,,
,,,KS1850VE35,,,,,,,,,http://www.cpu-world.com/info/exUSSR-chips.html [Accessed 1 Jan 2013],,,
,,,KM1850VE35,Intel,8035,,,,,,,http://www.cpu-world.com/info/exUSSR-chips.html [Accessed 1 Jan 2013],,,
,,,KR1850VE39,Intel,8039,,,,,,,http://www.cpu-world.com/info/exUSSR-chips.html [Accessed 1 Jan 2013],,,
,,,KR1850VE40,Intel,8040,,,,,,,http://www.cpu-world.com/info/exUSSR-chips.html [Accessed 1 Jan 2013],,,
,,,KR1850VE48,Intel,8048,,,,,,,http://www.cpu-world.com/info/exUSSR-chips.html [Accessed 1 Jan 2013],,,
,,,KR1850VE50,Intel,8050,,,,,,,http://www.cpu-world.com/info/exUSSR-chips.html [Accessed 1 Jan 2013],,,
MCS-48,,,KM1873VE48,Intel,80C48,,,,,,,http://www.cpu-world.com/info/exUSSR-chips.html [Accessed 1 Jan 2013],,,
8080,,,580VM80,Intel,Intel 8080,,,,,,,http://www.cpu-world.com/info/exUSSR-chips.html [Accessed 1 Jan 2013],,,
,,,MHB8080A ,,,,,,,,,http://www.cpu-world.com/info/exUSSR-chips.html [Accessed 1 Jan 2013],,,
,,,MHB8080AC ,,,,,,,,,http://www.cpu-world.com/info/exUSSR-chips.html [Accessed 1 Jan 2013],,,
,,,MMN8080 ,,,,,,,,,http://www.cpu-world.com/info/exUSSR-chips.html [Accessed 1 Jan 2013],,,
,,,8080APC ,,,,,,,,,http://www.cpu-world.com/info/exUSSR-chips.html [Accessed 1 Jan 2013],,,
,,,MCY7880N ,,,,,,,,,http://www.cpu-world.com/info/exUSSR-chips.html [Accessed 1 Jan 2013],,,
,,,KR580VM80A,,,,,,,,,http://www.cpu-world.com/info/exUSSR-chips.html [Accessed 1 Jan 2013],,,
8080,,,KR580IK80A,Intel,Intel 8080A,,,,,,,http://www.cpu-world.com/info/exUSSR-chips.html [Accessed 1 Jan 2013],,,
,,,M1821VM85,,,,,,,,,http://www.cpu-world.com/info/exUSSR-chips.html [Accessed 1 Jan 2013],,,
8085,,,IM1821VM85A,Intel,80C85,,,,,,,http://www.cpu-world.com/info/exUSSR-chips.html [Accessed 1 Jan 2013],,,
,,,KR1810VM86,,,,,,,,,http://www.cpu-world.com/info/exUSSR-chips.html [Accessed 1 Jan 2013],,,
,,,K1810VM86,,,,,,,,,http://www.cpu-world.com/info/exUSSR-chips.html [Accessed 1 Jan 2013],,,
,,,M1810VM86,,,,,,,,,http://www.cpu-world.com/info/exUSSR-chips.html [Accessed 1 Jan 2013],,,
8086,,,KM1810VM86,Intel,Intel 8086,,,,,,,http://www.cpu-world.com/info/exUSSR-chips.html [Accessed 1 Jan 2013],,,
,,,KR1810VM86B,,,,,,,,,http://www.cpu-world.com/info/exUSSR-chips.html [Accessed 1 Jan 2013],,,
8086,,,KR1810VM86M,Intel,Intel 8086-2,,,,,,,http://www.cpu-world.com/info/exUSSR-chips.html [Accessed 1 Jan 2013],,,
,,,KR1834VM86,,,,,,,,,http://www.cpu-world.com/info/exUSSR-chips.html [Accessed 1 Jan 2013],,,
,,,EKR1834VM86,,,,,,,,,http://www.cpu-world.com/info/exUSSR-chips.html [Accessed 1 Jan 2013],,,
8086,,,EKE1834VM86A ,Intel,80C86,,,,,,,http://www.cpu-world.com/info/exUSSR-chips.html [Accessed 1 Jan 2013],,,
8086,,,KR1835VM86,Intel,80C86,,,,,,,http://www.cpu-world.com/info/exUSSR-chips.html [Accessed 1 Jan 2013],,,
8086,,,KM1810VM87,Intel,Intel 8087,,,,,,,http://www.cpu-world.com/info/exUSSR-chips.html [Accessed 1 Jan 2013],,,
8086,,,KM1810VM87B,Intel,Intel 8087-2,,,,,,,http://www.cpu-world.com/info/exUSSR-chips.html [Accessed 1 Jan 2013],,,
8088,,,SM688,Intel,Intel 8088,,,,,,,http://www.cpu-world.com/info/exUSSR-chips.html [Accessed 1 Jan 2013],,,
,,,KR1810VM88,,,,,,,,,http://www.cpu-world.com/info/exUSSR-chips.html [Accessed 1 Jan 2013],,,
8088,,,KM1810VM88,Intel,Intel 8088,,,,,,,http://www.cpu-world.com/info/exUSSR-chips.html [Accessed 1 Jan 2013],,,
286,,,KR1847VM286,Intel,80C286,,,,,,,http://www.cpu-world.com/info/exUSSR-chips.html [Accessed 1 Jan 2013],,,
,,, ,,,,,,,,,,,,
,,,KL1868VE2,,,,,,,,,http://www.cpu-world.com/info/exUSSR-chips.html [Accessed 1 Jan 2013],,,
,,,KF1868VE2,Matsushita,MN15500,,,,,,,http://www.cpu-world.com/info/exUSSR-chips.html [Accessed 1 Jan 2013],,,
,,,KL1868VE3,,,,,,,,,http://www.cpu-world.com/info/exUSSR-chips.html [Accessed 1 Jan 2013],,,
,,,KF1868VE3,Matsushita,Matsushita MN15500,,,,,,,http://www.cpu-world.com/info/exUSSR-chips.html [Accessed 1 Jan 2013],,,
,,,KL1868VE4,,,,,,,,,http://www.cpu-world.com/info/exUSSR-chips.html [Accessed 1 Jan 2013],,,
,,,KF1868VE4,Matsushita,Matsushita MN15500,,,,,,,http://www.cpu-world.com/info/exUSSR-chips.html [Accessed 1 Jan 2013],,,
,,, ,,,,,,,,,,,,
,,,SM601,,,,,,,,,http://www.cpu-world.com/info/exUSSR-chips.html [Accessed 1 Jan 2013],,,
6800,,,SM601P,Motorola,Motorola 6800,,,,,,,http://www.cpu-world.com/info/exUSSR-chips.html [Accessed 1 Jan 2013],,,
6805,,,SM650,Motorola,Motorola MC6805P2,,,,,,,http://www.cpu-world.com/info/exUSSR-chips.html [Accessed 1 Jan 2013],,,
6805,,,SM652,Motorola,Motorola MC6805U2,,,,,,,http://www.cpu-world.com/info/exUSSR-chips.html [Accessed 1 Jan 2013],,,
6805,,,SM653,Motorola,Motorola MC6805U3,,,,,,,http://www.cpu-world.com/info/exUSSR-chips.html [Accessed 1 Jan 2013],,,
,,,K1800VS1,Motorola,Motorola 10800,,,,,,,http://www.cpu-world.com/info/exUSSR-chips.html [Accessed 1 Jan 2013],,,
,,,K1800VU1,Motorola,Motorola 10801,,,,,,,http://www.cpu-world.com/info/exUSSR-chips.html [Accessed 1 Jan 2013],,,
,,,KA1843VM2,Motorola,Motorola 68881,,,,,,,http://www.cpu-world.com/info/exUSSR-chips.html [Accessed 1 Jan 2013],,,
,,, ,,,,,,,,,,,,
,,,KR1820VE1,National Semiconductors,NS COP402,,,,,,,http://www.cpu-world.com/info/exUSSR-chips.html [Accessed 1 Jan 2013],,,
,,,KR1820VE2,National Semiconductors,NS COP420L,,,,,,,http://www.cpu-world.com/info/exUSSR-chips.html [Accessed 1 Jan 2013],,,
,,,KR1820VE3,National Semiconductors,NS COP424,,,,,,,http://www.cpu-world.com/info/exUSSR-chips.html [Accessed 1 Jan 2013],,,
,,,KR1820VE4,National Semiconductors,NS COP404C,,,,,,,http://www.cpu-world.com/info/exUSSR-chips.html [Accessed 1 Jan 2013],,,
,,,KR1820VE5,National Semiconductors,NS COP444,,,,,,,http://www.cpu-world.com/info/exUSSR-chips.html [Accessed 1 Jan 2013],,,
,,,KA1829VM1,National Semiconductors,NS COP420,,,,,,,http://www.cpu-world.com/info/exUSSR-chips.html [Accessed 1 Jan 2013],,,
,,, ,,,,,,,,,,,,
6502,,,SM630,Synertek,Synertek 6502,,,,,,,http://www.cpu-world.com/info/exUSSR-chips.html [Accessed 1 Jan 2013],,,
,,, ,,,,,,,,,,,,
,,,KR1803VE1,TI,TMS0270 (?),,,,,,,http://www.cpu-world.com/info/exUSSR-chips.html [Accessed 1 Jan 2013],,,
TMS1000,,,KR1803VE2,TI,TMS1000NLL (?),,,,,,,http://www.cpu-world.com/info/exUSSR-chips.html [Accessed 1 Jan 2013],,,
,,,KR1803VE3,TI,TMS1099 (?),,,,,,,http://www.cpu-world.com/info/exUSSR-chips.html [Accessed 1 Jan 2013],,,
,,,KR1814VE1,,-,,,,,,,http://www.cpu-world.com/info/exUSSR-chips.html [Accessed 1 Jan 2013],,,
TMS1000,,,KR1814VE2,TI,TMS1000NLL,,,,,,,http://www.cpu-world.com/info/exUSSR-chips.html [Accessed 1 Jan 2013],,,
,,,KR1814VE3,TI,TMS1099,,,,,,,http://www.cpu-world.com/info/exUSSR-chips.html [Accessed 1 Jan 2013],,,
,,,KR1814VE4,TI,TMS1200NLL,,,,,,,http://www.cpu-world.com/info/exUSSR-chips.html [Accessed 1 Jan 2013],,,
,,,KR1814VE5,TI,TMS1200NLL,,,,,,,http://www.cpu-world.com/info/exUSSR-chips.html [Accessed 1 Jan 2013],,,
,,,KR1814VE7,,-,,,,,,,http://www.cpu-world.com/info/exUSSR-chips.html [Accessed 1 Jan 2013],,,
,,,K1827VE1,,,,,,,,,http://www.cpu-world.com/info/exUSSR-chips.html [Accessed 1 Jan 2013],,,
,,,1827VE1,TI,TMS9940,,,,,,,http://www.cpu-world.com/info/exUSSR-chips.html [Accessed 1 Jan 2013],,,
,,, ,,,,,,,,,,,,
Z80,,,KR1858VM1,Zilog,Zilog Z80,,,,,,,http://www.cpu-world.com/info/exUSSR-chips.html [Accessed 1 Jan 2013],,,
Z80,,,KR1858VM2,Zilog,Zilog Z80A,,,,,,,http://www.cpu-world.com/info/exUSSR-chips.html [Accessed 1 Jan 2013],,,
Z80,,,KR1858VM3,Zilog,Zilog Z80,,,,,,,http://www.cpu-world.com/info/exUSSR-chips.html [Accessed 1 Jan 2013],,,
,,,KR1807VM1,,Micro T-11,,,,,,,http://www.cpu-world.com/info/exUSSR-chips.html [Accessed 1 Jan 2013],,,
,,,KM1807VM2,,,,,,,,,http://www.cpu-world.com/info/exUSSR-chips.html [Accessed 1 Jan 2013],,,
,,,KL1807VM2,,Micro VAX1,,,,,,,http://www.cpu-world.com/info/exUSSR-chips.html [Accessed 1 Jan 2013],,,
,,,KL1807VM3,,-,,,,,,,http://www.cpu-world.com/info/exUSSR-chips.html [Accessed 1 Jan 2013],,,
,,,KL1807VM4,,78132,,,,,,,http://www.cpu-world.com/info/exUSSR-chips.html [Accessed 1 Jan 2013],,,
,,,KN1811VM1,DEC,DEC302F,,,,,,,http://www.cpu-world.com/info/exUSSR-chips.html [Accessed 1 Jan 2013],,,
,,,KM1811VT1,DEC,DEC304E,,,,,,,http://www.cpu-world.com/info/exUSSR-chips.html [Accessed 1 Jan 2013],,,
,,,KN1811VU1,DEC,DEC303A,,,,,,,http://www.cpu-world.com/info/exUSSR-chips.html [Accessed 1 Jan 2013],,,
,,,KN1811VU2,DEC,DEC303D,,,,,,,http://www.cpu-world.com/info/exUSSR-chips.html [Accessed 1 Jan 2013],,,
,,,KN1811VU3,DEC,DEC303D,,,,,,,http://www.cpu-world.com/info/exUSSR-chips.html [Accessed 1 Jan 2013],,,
,,,KM1813VE1A,,,,,,,,,http://www.cpu-world.com/info/exUSSR-chips.html [Accessed 1 Jan 2013],,,
,,,KM1813VE1B,,2920-16,,,,,,,http://www.cpu-world.com/info/exUSSR-chips.html [Accessed 1 Jan 2013],,,
,,,KL1831VM1,,J11,,,,,,,http://www.cpu-world.com/info/exUSSR-chips.html [Accessed 1 Jan 2013],,,
,,,KL1831VM2,DEC,DC321,,,,,,,http://www.cpu-world.com/info/exUSSR-chips.html [Accessed 1 Jan 2013],,,
,,,KN1831VU1,,J11,,,,,,,http://www.cpu-world.com/info/exUSSR-chips.html [Accessed 1 Jan 2013],,,
,,,KR581IK1,,CP1611,,,,,,,http://www.cpu-world.com/info/exUSSR-chips.html [Accessed 1 Jan 2013],,,
,,,KR581IK2,,CP1621,,,,,,,http://www.cpu-world.com/info/exUSSR-chips.html [Accessed 1 Jan 2013],,,
,,,KF1869VE2,,mPD1723,,,,,,,http://www.cpu-world.com/info/exUSSR-chips.html [Accessed 1 Jan 2013],,,
,,,,,,,,,,,,,,,
,,,,,,,,,,,,,,,
8080,,,580ВМ80 ,Intel,8080,,,,,,,http://www.inp.nsk.su/~kozak/adv/advh1.htm,,,
8080,,,КР580ВМ80А ,Intel,8080A ,,,,,,,http://www.inp.nsk.su/~kozak/adv/advh1.htm,,,
,,,,,,,,,,,,,,,
,,,,,,,,,,,,,,,
,,,583РА1 ,,TMS4000,,,,,,,http://www.inp.nsk.su/~kozak/adv/advh1.htm,,,
,,,,,,,,,,,,,,,
3002,,,К589ИК01,Intel,3001,,,,,,,http://www.inp.nsk.su/~kozak/adv/advh1.htm,,,
3002,,,К589ИК02,Intel,3002,,,,,,,http://www.inp.nsk.su/~kozak/adv/advh1.htm,,,
3002,,,К589ИК03,Intel,3003,,,,,,,http://www.inp.nsk.su/~kozak/adv/advh1.htm,,,
,,,,,,,,,,,,,,,
,,,К1800ВС1,Motorola,MC10800,,,,,,,http://www.inp.nsk.su/~kozak/adv/advh2.htm,,,
,,,К1800ВУ1,Motorola,MC10801,,,,,,,http://www.inp.nsk.su/~kozak/adv/advh2.htm,,,
,,,"К1800ВБ2 
КР1800ВБ2",Motorola,MC10802,,,,,,,http://www.inp.nsk.su/~kozak/adv/advh2.htm,,,
,,,К1800ВТ3,Motorola,MC10803,,,,,,,http://www.inp.nsk.su/~kozak/adv/advh2.htm,,,
,,,К1800ВА4,Motorola,MC10804,,,,,,,http://www.inp.nsk.su/~kozak/adv/advh2.htm,,,
,,,К1800РП6,Motorola,MC10806,,,,,,,http://www.inp.nsk.su/~kozak/adv/advh2.htm,,,
,,,К1800ВА7,Motorola,MC10807,,,,,,,http://www.inp.nsk.su/~kozak/adv/advh2.htm,,,
,,,К1800ВР8,Motorola,MC10808,,,,,,,http://www.inp.nsk.su/~kozak/adv/advh2.htm,,,
,,,К1800ВР1,Motorola,MC10901,,,,,,,http://www.inp.nsk.su/~kozak/adv/advh2.htm,,,
,,,"К1800ВЖ5 
КР1800ВЖ5",Motorola,MC10905,,,,,,,http://www.inp.nsk.su/~kozak/adv/advh2.htm,,,
,,,,,,,,,,,,,,,
29000,,,КМ1804ВМ1,AMD,AM29116,,,,,,,http://www.inp.nsk.su/~kozak/adv/advh2.htm,,,
,,,,,,,,,,,,,,,
,,,,,,,,,,,,,,,
2900,,,"1804ВС1 
КМ1804ВС1 
КР1804ВС1",AMD,AM2901,,,,,,,http://www.inp.nsk.su/~kozak/adv/advh2.htm,,,
,,,,,,,,,,,,,,,
2900,,,1804ВС2 ,AMD,AM2903,,,,,,,http://www.inp.nsk.su/~kozak/adv/advh2.htm,,,
2900,,,КМ1804ВС2,AMD,AM2903,,,,,,,http://www.inp.nsk.su/~kozak/adv/advh2.htm,,,
,,,,,,,,,,,,,,,
,,,КР1807ВМ1,,MICRO T-11,,,,,,,http://www.inp.nsk.su/~kozak/adv/advh3.htm,,,
,,,,,,,,,,,,,,,
,,,КЛ1807ВМ2,,Micro VAX1,,,,,,,http://www.inp.nsk.su/~kozak/adv/advh3.htm,,,
,,,,,,,,,,,,,,,
8086,,,К1810ВМ86,Intel,8086,,,,,,,http://www.inp.nsk.su/~kozak/adv/advh3.htm,,,
8086,,,М1810ВМ86,Intel,М8086 ,,,,,,,http://www.inp.nsk.su/~kozak/adv/advh3.htm,,,
8086,,,КР1810ВМ86Б ,Intel, 8086-2 ,,,,,,,http://www.inp.nsk.su/~kozak/adv/advh3.htm,,,
,,,,,,,,,,,,,,,
8086,,,КМ1810ВМ87,Intel,8087,,,,,,,http://www.inp.nsk.su/~kozak/adv/advh3.htm,,,
8088,,,КМ1810ВМ88,Intel,8088,,,,,,,http://www.inp.nsk.su/~kozak/adv/advh3.htm,,,
,,,,,,,,,,,,,,,
,,,КМ1810ВМ89 ,Intel,8089,,,,,,,http://www.inp.nsk.su/~kozak/adv/advh3.htm,,,
,,,КР1810ВМ89,Intel,8089,,,,,,,http://www.inp.nsk.su/~kozak/adv/advh3.htm,,,
,,,,,,,,,,,,,,,
,,,КН1811ВМ1,DEC,DEC302F,,,,,,,http://www.inp.nsk.su/~kozak/adv/advh3.htm,,,
,,,КМ1811ВТ1,DEC,DEC304E,,,,,,,http://www.inp.nsk.su/~kozak/adv/advh3.htm,,,
,,,КН1811ВУ1,DEC,DEC303A,,,,,,,http://www.inp.nsk.su/~kozak/adv/advh3.htm,,,
,,,КН1811ВУ2,DEC,DEC303D,,,,,,,http://www.inp.nsk.su/~kozak/adv/advh3.htm,,,
,,,КН1811ВУ3,DEC,DEC303D,,,,,,,http://www.inp.nsk.su/~kozak/adv/advh3.htm,,,
,,,,,,,,,,,,,,,
,,,,,,,,,,,,,,,
,,,,,,,,,,,,,,,
TMS1000,,,КР1814ВЕ2,TI,TMS1000NLL,,,,,,,http://www.inp.nsk.su/~kozak/adv/advh3.htm,,,
,,,КР1814ВЕ3,TI,TMS1099,,,,,,,http://www.inp.nsk.su/~kozak/adv/advh3.htm,,,
,,,КР1814ВЕ4,TI,TMS1200NLL,,,,,,,http://www.inp.nsk.su/~kozak/adv/advh3.htm,,,
,,,КР1814ВЕ5,TI,TMS1200NLL,,,,,,,http://www.inp.nsk.su/~kozak/adv/advh3.htm,,,
,,,,,,,,,,,,,,,
,,,,,,,,,,,,,,,
,,,,,,,,,,,,,,,
,,,КМ1816ВЕ31 ,Intel,8031AH,,,,,,,http://www.inp.nsk.su/~kozak/adv/advh4.htm,,,
MCS-51,,,КР1816ВЕ31,Intel,8031AH,,,,,,,http://www.inp.nsk.su/~kozak/adv/advh4.htm,,,
,,,,,,,,,,,,,,,
,,,КМ1816ВЕ35 ,Intel,8035,,,,,,,http://www.inp.nsk.su/~kozak/adv/advh4.htm,,,
,,,КР1816ВЕ35,Intel,8035,,,,,,,http://www.inp.nsk.su/~kozak/adv/advh4.htm,,,
,,,,,,,,,,,,,,,
,,,,,,,,,,,,,,,
,,,КМ1816ВЕ39,Intel,P8039H,,,,,,,http://www.inp.nsk.su/~kozak/adv/advh4.htm,,,
,,,М1816ВЕ39,Intel,M8039,,,,,,,http://www.inp.nsk.su/~kozak/adv/advh4.htm,,,
,,,,,,,,,,,,,,,
MCS-48,,,КМ1816ВЕ48,Intel,8748,,,,,,,http://www.inp.nsk.su/~kozak/adv/advh4.htm,,,
,,,,,,,,,,,,,,,
,,,КМ1816ВЕ49 ,Intel,8049,,,,,,,http://www.inp.nsk.su/~kozak/adv/advh4.htm,,,
,,,КР1816ВЕ49,Intel,8049,,,,,,,http://www.inp.nsk.su/~kozak/adv/advh4.htm,,,
,,,,,,,,,,,,,,,
MCS-51,,,КМ1816ВЕ51 ,Intel,8051AH,,,,,,,http://www.inp.nsk.su/~kozak/adv/advh4.htm,,,
MCS-51,,,КР1816ВЕ51,Intel,8051AH,,,,,,,http://www.inp.nsk.su/~kozak/adv/advh4.htm,,,
,,,,,,,,,,,,,,,
MCS-51,,,"КС1816ВЕ751А,Б",Intel,8751H,,,,,,,http://www.inp.nsk.su/~kozak/adv/advh4.htm,,,
,,,,,,,,,,,,,,,
,,,КР1820ВГ1,National Semiconductors,COP472,,,,,,,http://www.inp.nsk.su/~kozak/adv/advh4.htm,,,
,,,КР1820ВЕ1,National Semiconductors,COP402,,,,,,,http://www.inp.nsk.su/~kozak/adv/advh4.htm,,,
,,,КР1820ВЕ2,National Semiconductors,COP420,,,,,,,http://www.inp.nsk.su/~kozak/adv/advh4.htm,,,
,,,КР1820ВЕ3,National Semiconductors,COP424,,,,,,,http://www.inp.nsk.su/~kozak/adv/advh4.htm,,,
,,,КР1820ВЕ4,National Semiconductors,COP404C,,,,,,,http://www.inp.nsk.su/~kozak/adv/advh4.htm,,,
,,,КР1820ВЕ6,National Semiconductors,COP444,,,,,,,http://www.inp.nsk.su/~kozak/adv/advh4.htm,,,
,,,КР1820ВП1,National Semiconductors,COP498,,,,,,,http://www.inp.nsk.su/~kozak/adv/advh4.htm,,,
,,,,,,,,,,,,,,,
8085,,,М1821ВМ85,,MSM80C85A,,,,,,,http://www.inp.nsk.su/~kozak/adv/advh4.htm,,,
,,,,,,,,,,,,,,,
,,,,,,,,,,,,,,,
,,,,,,,,,,,,,,,
,,,КА1829ВМ1,National Semiconductors,COP420,,,,,,,http://www.inp.nsk.su/~kozak/adv/advh5.htm,,,
,,,,,,,,,,,,,,,
MCS-51,,,КР1830ВЕ31,Intel,80C31,,,,,,,http://www.inp.nsk.su/~kozak/adv/advh5.htm,,,
,,,КР1830ВЕ35,Intel,80C35,,,,,,,http://www.inp.nsk.su/~kozak/adv/advh5.htm,,,
,,,КР1830ВЕ39,Intel,80C39,,,,,,,http://www.inp.nsk.su/~kozak/adv/advh5.htm,,,
,,,,,,,,,,,,,,,
MCS-48,,,КР1830ВЕ48,,MPD80C48C,,,,,,,http://www.inp.nsk.su/~kozak/adv/advh5.htm,,,
MCS-51,,,КР1830ВЕ51,Intel,80C51,,,,,,,http://www.inp.nsk.su/~kozak/adv/advh5.htm,,,
,,,,,,,,,,,,,,,
MCS-51,,,КМ1830ВЕ751,Intel,87C51,,,,,,,http://www.inp.nsk.su/~kozak/adv/advh5.htm,,,
,,,КМ1830ВЕ753,Intel,87C53,,,,,,,http://www.inp.nsk.su/~kozak/adv/advh5.htm,,,
,,,,,,,,,,,,,,,
8086,,,КР1834ВМ86,Intel,80C86,,,,,,,http://www.inp.nsk.su/~kozak/adv/advh5.htm,,,
,,,КР1834ВВ51,Intel,82C51,,,,,,,http://www.inp.nsk.su/~kozak/adv/advh5.htm,,,
,,,,,,,,,,,,,,,
MCS-51,,,КР1835ВЕ31,Intel,80C31,,,,,,,http://www.inp.nsk.su/~kozak/adv/advh5.htm,,,
,,,,,,,,,,,,,,,
,,,КР1835ВЕ39 ,Intel,80C39,,,,,,,http://www.inp.nsk.su/~kozak/adv/advh5.htm,,,
,,,КА1835ВЕ39,Intel,80C39,,,,,,,http://www.inp.nsk.su/~kozak/adv/advh5.htm,,,
,,,,,,,,,,,,,,,
,,,КР1835ВЕ49 ,Intel,80C49,,,,,,,http://www.inp.nsk.su/~kozak/adv/advh5.htm,,,
,,,КА1835ВЕ49,Intel,80C49,,,,,,,http://www.inp.nsk.su/~kozak/adv/advh5.htm,,,
,,,,,,,,,,,,,,,
MCS-51,,,КР1835ВЕ51,Intel,80C51,,,,,,,http://www.inp.nsk.su/~kozak/adv/advh5.htm,,,
8086,,,КР1835ВМ86,Intel,80C86,,,,,,,http://www.inp.nsk.su/~kozak/adv/advh5.htm,,,
,,,,,,,,,,,,,,,
,,,,,,,,,,,,,,,
,,,,,,,,,,,,,,,
,,,,,,,,,,,,,,,
68000,,,КА1843ВМ2,Motorola,MC68881,,,,,,,http://www.inp.nsk.su/~kozak/adv/advh6.htm,,,
286,,,КР1847ВМ286,Intel,80C286,,,,,,,http://www.inp.nsk.su/~kozak/adv/advh6.htm,,,
,,,КР1850ВЕ35 ,Intel,8035,,,,,,,http://www.inp.nsk.su/~kozak/adv/advh6.htm,,,
,,,КМ1850ВЕ35 ,Intel,8035,,,,,,,http://www.inp.nsk.su/~kozak/adv/advh6.htm,,,
,,,КС1850ВЕ35,Intel,8035,,,,,,,http://www.inp.nsk.su/~kozak/adv/advh6.htm,,,
,,,КР1850ВЕ39,Intel,8039,,,,,,,http://www.inp.nsk.su/~kozak/adv/advh6.htm,,,
,,,КР1850ВЕ40,Intel,8040,,,,,,,http://www.inp.nsk.su/~kozak/adv/advh6.htm,,,
MCS-48,,,КР1850ВЕ48,Intel,8048,,,,,,,http://www.inp.nsk.su/~kozak/adv/advh6.htm,,,
,,,КР1850ВЕ50,Intel,8050,,,,,,,http://www.inp.nsk.su/~kozak/adv/advh6.htm,,,
Z80,,,КР1858ВМ1,Zilog,Z80,,,,,,,http://www.inp.nsk.su/~kozak/adv/advh6.htm,,,
Z80,,,КР1858ВМ3,Zilog,Z80,,,,,,,http://www.inp.nsk.su/~kozak/adv/advh6.htm,,,
TMS320,,,1867ВМ1,TI,TMS320C10,,,,,,,http://www.inp.nsk.su/~kozak/adv/advh6.htm,,,
TMS320,,,1867ВМ2,TI,TMS320C25,,,,,,,http://www.inp.nsk.su/~kozak/adv/advh6.htm,,,
MCS-51,,,1880ВЕ31Р ,Intel,80C31,,,,,,,http://www.inp.nsk.su/~kozak/adv/advh6.htm,,,
MCS-51,,,1880ВЕ31У,Intel,80C31,,,,,,,http://www.inp.nsk.su/~kozak/adv/advh6.htm,,,
MCS-51,,,1880ВЕ51Р ,Intel,80C51,,,,,,,http://www.inp.nsk.su/~kozak/adv/advh6.htm,,,
MCS-51,,,1880ВЕ51У,Intel,80C51,,,,,,,http://www.inp.nsk.su/~kozak/adv/advh6.htm,,,
,,ZMD,U8032 C1,,,,,,,,,,,,
8008,,DDR,U808D,Intel,8008,,,,,,,,,,
,,Pravetz,CM601P ,,,,,,,,,http://www.cpushack.com/chippics/Pravetz/,,,
,,Pravetz,CM602P ,,,,,,,,,http://www.cpushack.com/chippics/Pravetz/,,,
,,Pravetz,CM609P ,,,,,,,,,http://www.cpushack.com/chippics/Pravetz/,,,
,,Unitra CEMI,MCY7880,,,,,,,,,http://www.cpushack.com/chippics/UnitraCemi/,,,
,,Tesla,MHB8035 ,Intel,8035,,,,,,,http://www.cpushack.com/chippics/Tesla/,,,
MCS-48,,Tesla,MHB8048 ,Intel,8048,,,,,,,http://www.cpushack.com/chippics/Tesla/,,,
8080,,Tesla,MHB8080A ,Intel,8080A ,,,,,,,http://www.cpushack.com/chippics/Tesla/,,,
MCS-48,,Tesla,MHB8748C ,Intel,8748,,,,,,,http://www.cpushack.com/chippics/Tesla/,,,
