Manufacturer,Family,Part #,Alternative Label 1,Alternative Label 2,Alternative Label 3,Alternative Label 4,Alternative Label 5,Empty,Empty,Empty,Chip Type,Sub-Family,Model number,Core,Core designer,Microarchitecture,Threads,CPUID,Core Count,Architecture,Data Bus (ext),Address Bus,Frequency Min,Frequency Max/Typ,Actual bus frequency,Effective bus frequency,Bus bandwidth,Clock multiplier,Core Stepping,Empty,Empty,Empty,Empty,L1 data cache,L1 data associativity,L1 instruction cache,L1 instruction associativity,L1 unified cache,L1 unified associativity,L2 cache,L2 associativity,L3 cache,L3 associativity,Boot ROM,ROM Internal,ROM Type,RAM internal,RAM max,RAM type,Virtual memory max,Empty,Empty,Empty,Empty,Package,Package Size,Package Weight,Socket,Transistor count,Process Size,Metal Layers,Metal Type,Process technology,Die Size,Empty,Empty,Empty,Empty,Vcc range,Vcc(typ),Empty,Vcc(secondary),Vcc(tertiary),Vcc(core),Vcc(I/O),Power Min,Power Typ,Power Max,Power Thermal Design,Temperature range,Low Power Features,Empty,Empty,Empty,Empty,Empty,Instruction set,Instruction set extensions,Additional instructions,Computer architecture,ISA,Empty,Empty,Empty,Empty,FPU,On-chip peripherals,Features,Empty,Empty,Empty,Empty,Release date,Initial price,Applications,Military Spec,Comments,Empty,Empty,Empty,Empty,Empty,Empty,Reference 1,Reference 2,Reference 3,Reference 4,Reference 5,Reference 6,Reference 7,Reference 8
Cyrix,386,387DX-25,,,,,,,,,FPU,,,,,,,,,32,,,,25MHz,,,,,,,,,,,,,,,,,,,,,,,,,,,,,,,CPGA-68,,,,,,,,,,,,,,,,,,,,,,,,,,,,,,,,,,,,,,,,,,,,,,,,,,,,,,,,,,,http://www.cpu-world.com/CPUs/80387/MANUF-Cyrix.html,,,,,,,
Cyrix,386,387DX-33 (387DX),387DX-33 (387DX),,,,,,,,FPU,,,,,,,,,32,,,,33MHz,,,,,,,,,,,,,,,,,,,,,,,,,,,,,,,CPGA-68,,,,,,,,,,,,,,,,,,,,,,,,,,,,,,,,,,,,,,,,,,,,,,,,,,,,,,,,,,,http://www.cpu-world.com/CPUs/80387/MANUF-Cyrix.html,,,,,,,
Cyrix,386,387DX-40 (387DX+),387DX-40 (387DX+),,,,,,,,FPU,,,,,,,,,32,,,,40MHz,,,,,,,,,,,,,,,,,,,,,,,,,,,,,,,CPGA-68,,,,,,,,,,,,,,,,,,,,,,,,,,,,,,,,,,,,,,,,,,,,,,,,,,,,,,,,,,,http://www.cpu-world.com/CPUs/80387/MANUF-Cyrix.html,,,,,,,
Cyrix,386,CX-83D87-16-GP,,,,,,,,,FPU,,,,,,,,,32,,,,16MHz,,,,,,,,,,,,,,,,,,,,,,,,,,,,,,,CPGA-68,,,,,,,,,,,,,,,,,,,,,,,,,,,,,,,,,,,,,,,,,,,,,,,,,,,,,,,,,,,http://www.cpu-world.com/CPUs/80387/MANUF-Cyrix.html,,,,,,,
Cyrix,386,CX-83D87-20-GP,,,,,,,,,FPU,,,,,,,,,32,,,,20MHz,,,,,,,,,,,,,,,,,,,,,,,,,,,,,,,CPGA-68,,,,,,,,,,,,,,,,,,,,,,,,,,,,,,,,,,,,,,,,,,,,,,,,,,,,,,,,,,,http://www.cpu-world.com/CPUs/80387/MANUF-Cyrix.html,,,,,,,
Cyrix,386,CX-83D87-25-GP,,,,,,,,,FPU,,,,,,,,,32,,,,25MHz,,,,,,,,,,,,,,,,,,,,,,,,,,,,,,,CPGA-68,,,,,,,,,,,,,,,,,,,,,,,,,,,,,,,,,,,,,,,,,,,,,,,,,,,,,,,,,,,http://www.cpu-world.com/CPUs/80387/MANUF-Cyrix.html,,,,,,,
Cyrix,386,CX-83D87-25-GP-KN,,,,,,,,,FPU,,,,,,,,,32,,,,25MHz,,,,,,,,,,,,,,,,,,,,,,,,,,,,,,,CPGA-68,,,,,,,,,,,,,,,,,,,,,,,,,,,,,,,,,,,,,,,,,,,,,,,,,,,,,,,,,,,http://www.cpu-world.com/CPUs/80387/MANUF-Cyrix.html,,,,,,,
Cyrix,386,CX-83D87-25-GP-XA,,,,,,,,,FPU,,,,,,,,,32,,,,25MHz,,,,,,,,,,,,,,,,,,,,,,,,,,,,,,,CPGA-68,,,,,,,,,,,,,,,,,,,,,,,,,,,,,,,,,,,,,,,,,,,,,,,,,,,,,,,,,,,http://www.cpu-world.com/CPUs/80387/MANUF-Cyrix.html,,,,,,,
Cyrix,386,CX-83D87-33-GP,,,,,,,,,FPU,,,,,,,,,32,,,,33MHz,,,,,,,,,,,,,,,,,,,,,,,,,,,,,,,CPGA-68,,,,,,,,,,,,,,,,,,,,,,,,,,,,,,,,,,,,,,,,,,,,,,,,,,,,,,,,,,,http://www.cpu-world.com/CPUs/80387/MANUF-Cyrix.html,,,,,,,
Cyrix,386,CX-83D87-33-GP-KN,,,,,,,,,FPU,,,,,,,,,32,,,,33MHz,,,,,,,,,,,,,,,,,,,,,,,,,,,,,,,CPGA-68,,,,,,,,,,,,,,,,,,,,,,,,,,,,,,,,,,,,,,,,,,,,,,,,,,,,,,,,,,,http://www.cpu-world.com/CPUs/80387/MANUF-Cyrix.html,,,,,,,
Cyrix,386,CX-83D87-33-GP-XA,,,,,,,,,FPU,,,,,,,,,32,,,,33MHz,,,,,,,,,,,,,,,,,,,,,,,,,,,,,,,CPGA-68,,,,,,,,,,,,,,,,,,,,,,,,,,,,,,,,,,,,,,,,,,,,,,,,,,,,,,,,,,,http://www.cpu-world.com/CPUs/80387/MANUF-Cyrix.html,,,,,,,
Cyrix,386,CX-83D87-40-GP,,,,,,,,,FPU,,,,,,,,,32,,,,40MHz,,,,,,,,,,,,,,,,,,,,,,,,,,,,,,,PLCC-68,,,PLCC-68,,,,,,,,,,,,,,,,,,,,,,,,,,,,,,,,,,,,,,,,,,,,,,,,,,,,,,,,http://www.cpu-world.com/CPUs/80387/MANUF-Cyrix.html,,,,,,,
Cyrix,386,CX-83D87-40-GP-KN,,,,,,,,,FPU,,,,,,,,,32,,,,40MHz,,,,,,,,,,,,,,,,,,,,,,,,,,,,,,,PLCC-68,,,PLCC-68,,,,,,,,,,,,,,,,,,,,,,,,,,,,,,,,,,,,,,,,,,,,,,,,,,,,,,,,http://www.cpu-world.com/CPUs/80387/MANUF-Cyrix.html,,,,,,,
Cyrix,386,CX-83D87-40-GP-KN,,,,,,,,,FPU,,,,,,,,,32,,,,40MHz,,,,,,,,,,,,,,,,,,,,,,,,,,,,,,,PLCC-68,,,PLCC-68,,,,,,,,,,,,,,,,,,,,,,,,,,,,,,,,,,,,,,,,,,,,,,,,,,,,,,,,http://www.cpu-world.com/CPUs/80387/MANUF-Cyrix.html,,,,,,,
Cyrix,386,CX-83S87-16-JP,,,,,,,,,FPU,,,,,,,,,32,,,,16MHz,,,,,,,,,,,,,,,,,,,,,,,,,,,,,,,,,,,,,,,,,,,,,,,,,,,,,,,,,,,,,,,,,,,,,,,,,,,,,,,,,,,,,,,,,,http://www.cpu-world.com/CPUs/80387/MANUF-Cyrix.html,,,,,,,
Cyrix,386,CX-83S87-16-JP,,,,,,,,,FPU,,,,,,,,,32,,,,16MHz,,,,,,,,,,,,,,,,,,,,,,,,,,,,,,,,,,,,,,,,,,,,,,,,,,,,,,,,,,,,,,,,,,,,,,,,,,,,,,,,,,,,,,,,,,http://www.cpu-world.com/CPUs/80387/MANUF-Cyrix.html,,,,,,,
Cyrix,386,CX-83S87-16-KP,,,,,,,,,FPU,,,,,,,,,32,,,,16MHz,,,,,,,,,,,,,,,,,,,,,,,,,,,,,,,,,,,,,,,,,,,,,,,,,,,,,,,,,,,,,,,,,,,,,,,,,,,,,,,,,,,,,,,,,,http://www.cpu-world.com/CPUs/80387/MANUF-Cyrix.html,,,,,,,
Cyrix,386,CX-83S87-20-JP,,,,,,,,,FPU,,,,,,,,,32,,,,20MHz,,,,,,,,,,,,,,,,,,,,,,,,,,,,,,,,,,,,,,,,,,,,,,,,,,,,,,,,,,,,,,,,,,,,,,,,,,,,,,,,,,,,,,,,,,http://www.cpu-world.com/CPUs/80387/MANUF-Cyrix.html,,,,,,,
Cyrix,386,CX-EMC87-33-GP,,,,,,,,,FPU,,,,,,,,,32,,,,33MHz,,,,,,,,,,,,,,,,,,,,,,,,,,,,,,,,,,,,,,,,,,,,,,,,,,,,,,,,,,,,,,,,,,,,,,,,,,,,,,,,,,,,,,,,,,http://www.cpu-world.com/CPUs/80387/MANUF-Cyrix.html,,,,,,,
Cyrix,386,Cx487DLC-33GP,,,,,,,,,FPU,,,,,,,,,32,,,,33MHz,,,,,,,,,,,,,,,,,,,,,,,,,,,,,,,PQFP-80,,,,,,,,,,,,,,,,,,,,,,,,,,,,,,,,,,,,,,,,,,,,,,,,,,,,,,,,,,,http://www.cpu-world.com/CPUs/80387/MANUF-Cyrix.html,,,,,,,
Cyrix,386,Cx83D87-40GP,,,,,,,,,FPU,,,,,,,,,32,,,,40MHz,,,,,,,,,,,,,,,,,,,,,,,,,,,,,,,,,,,,,,,,,,,,,,,,,,,,,,,,,,,,,,,,,,,,,,,,,,,,,,,,,,,,,,,,,,http://www.cpu-world.com/CPUs/80387/MANUF-Cyrix.html,,,,,,,
Cyrix,386,CX83S87-25-JP,,,,,,,,,FPU,,,,,,,,,32,,,,25MHz,,,,,,,,,,,,,,,,,,,,,,,,,,,,,,,,,,,,,,,,,,,,,,,,,,,,,,,,,,,,,,,,,,,,,,,,,,,,,,,,,,,,,,,,,,http://www.cpu-world.com/CPUs/80387/MANUF-Cyrix.html,,,,,,,
Cyrix,386,CX83S87-40-JP,,,,,,,,,FPU,,,,,,,,,32,,,,25MHz,,,,,,,,,,,,,,,,,,,,,,,,,,,,,,,,,,,,,,,,,,,,,,,,,,,,,,,,,,,,,,,,,,,,,,,,,,,,,,,,,,,,,,,,,,http://www.cpu-world.com/CPUs/80387/MANUF-Cyrix.html,,,,,,,
Cyrix,386,Cx87DLC-33QP,,,,,,,,,FPU,,,,,,,,,32,,,,33MHz,,,,,,,,,,,,,,,,,,,,,,,,,,,,,,,PQFP-80,,,,,,,,,,,,,,,,,,,,,,,,,,,,,,,,,,,,,,,,,,,,,,,,,,,,,,,,,,,http://www.cpu-world.com/CPUs/80387/MANUF-Cyrix.html,,,,,,,
Cyrix,386,Cx87DLC-40QP,,,,,,,,,FPU,,,,,,,,,32,,,,40MHz,,,,,,,,,,,,,,,,,,,,,,,,,,,,,,,PQFP-80,,,,,,,,,,,,,,,,,,,,,,,,,,,,,,,,,,,,,,,,,,,,,,,,,,,,,,,,,,,http://www.cpu-world.com/CPUs/80387/MANUF-Cyrix.html,,,,,,,
Cyrix,5x86,5x86,,,,,,,,,CPU,,,,,,,,1,32,,,,,,,,,,,,,,,,,,,,,,,,,,,,,,,,,,,CPGA-168,,,,,,,,,,,,,,,,,,,,,,,,,,,,,,,,,,,,,,,,,,,,,,,,,,,,,,,,,,,http://www.cpu-world.com/CPUs/5x86/Cyrix-5x86.html,,,,,,,
Cyrix,5x86,5x86-100GP,,,,,,,,,CPU,,,,,,,,1,32,,,,100MHz,33 – 50MHz,,,2 – 3,,,,,,none,NA,none,NA,16KiB,4-way set associative,,,,,,,,,4GiB,,,,,,,CPGA-168,4.45 x 4.45 cm^2,,,,,,,CMOS,,,,,,3.3 – 3.6V,3.45V,,,,3.45V,5V,0.26 W (Suspend mode) ,3.1W,4.14W,,0 – 85C,"System management mode; Suspend mode; FPU, pipeline and cache auto-idle; Stop clock",,,,,,X86-32,,,,x86,,,,,Integrated,,,,,,,30-Oct-95,,,,,,,,,,,http://www.cpu-world.com/CPUs/5x86/Cyrix-5x86-100GP.html,,,,,,,
Cyrix,5x86,5x86-100QP ,,,,,,,,,CPU,,,,,,,,1,32,,,,100MHz,33 – 50MHz,,,2 – 3,,,,,,none,NA,none,NA,16KiB,4-way set associative,,,,,,,,,4GiB,,,,,,,PQFP-208,2.8 x 2.8 cm^2,,,,,,,CMOS,,,,,,3.3 – 3.6V,3.45V,,,,3.45V,5V,0.26 W (Suspend mode) ,3.1W,4.14W,,0 – 85C,"System management mode; Suspend mode; FPU, pipeline and cache auto-idle; Stop clock",,,,,,X86-32,,,,x86,,,,,Integrated,,,,,,,30-Oct-95,,,,,,,,,,,http://www.cpu-world.com/CPUs/5x86/Cyrix-5x86-100QP.html,,,,,,,
Cyrix,5x86,5x86-120GP ,,,,,,,,,CPU,,,,,,,,1,32,,,,120MHz,40MHz,,,3,,,,,,none,NA,none,NA,16KiB,4-way set associative,,,,,,,,,4GiB,,,,,,,CPGA-168,4.45 x 4.45 cm^2,,,,,,,CMOS,,,,,,3.3 – 3.6V,3.45V,,,,3.45V,5V,0.26 W (Suspend mode) ,3.45W,4.83W,,0 – 85C,"System management mode; Suspend mode; FPU, pipeline and cache auto-idle; Stop clock",,,,,,X86-32,,,,x86,,,,,Integrated,,,,,,,30-Oct-95,$160,,,,,,,,,,http://www.cpu-world.com/CPUs/5x86/Cyrix-5x86-120GP.html,,,,,,,
Cyrix,5x86,5x86-120QP,,,,,,,,,CPU,,,,,,,,1,32,,,,120MHz,40MHz,,,3,,,,,,none,NA,none,NA,16KiB,4-way set associative,,,,,,,,,4GiB,,,,,,,PQFP-208,2.8 x 2.8 cm^2,,,,,,,CMOS,,,,,,3.3 – 3.6V,3.45V,,,,3.45V,5V,0.26 W (Suspend mode) ,3.45W,4.83W,,0 – 85C,"System management mode; Suspend mode; FPU, pipeline and cache auto-idle; Stop clock",,,,,,X86-32,,,,x86,,,,,Integrated,,,,,,,,,,,,,,,,,,http://www.cpu-world.com/CPUs/5x86/Cyrix-5x86-120QP.html,,,,,,,
Cyrix,5x86,5x86-80GP,,,,,,,,,CPU,,,,,,,,1,32,,,,80MHz,40MHz,,,2,,,,,,none,NA,none,NA,16KiB,4-way set associative,,,,,,,,,4GiB,,,,,,,CPGA-168,4.45 x 4.45 cm^2,,,,,,,CMOS,,,,,,,,,,,3.45V ?,5V,,,,,,,,,,,,X86-32,,,,x86,,,,,Integrated,,,,,,,,,,,,,,,,,,http://www.cpu-world.com/CPUs/5x86/Cyrix-5x86-80GP.html,,,,,,,
Cyrix,6x86,6x86-P100+GP,,,,,,,,,CPU,,,,,,,,1,32,64,32,,100MHz,,,,,,,,,,,,,,,,,,,,,,,,4GiB,,,,,,,Staggered CPGA-296,4.96 x 4.96 cm^2,,,,,,,CMOS,,,,,,,,,,,,,,,,,0-70C,,,,,,,X86-32,,,,x86,,,,,Integrated,,,,,,,,,,,,,,,,,,http://www.cpu-world.com/CPUs/6x86/Cyrix-6x86-100GP.html,,,,,,,
Cyrix,6x86,6x86-P133+GP,,,,,,,,,CPU,,,,,,,,1,32,64,32,,110 MHz (rated 133),55MHz,,,2,,,,,,none,NA,256B primary code cache,,16KiB,4-way set associative,,,,,,,,,4GiB,,,,,,,Staggered CPGA-296,4.96 x 4.96 cm^2,,,,,,,CMOS,,,,,,3.135-3.6V,3.3V,,,,3.3V,,0.27W (Suspend mode),15.8W,19.1W,,0-70C,"Suspend mode, Stop clock mode, System Management mode",,,,,,X86-32,,,,x86,,,,,Integrated,,,,,,,,,,,,,,,,,,http://www.cpu-world.com/CPUs/6x86/Cyrix-6x86-P133%2BGP.html,,,,,,,
Cyrix,6x86,6x86-P150+GP,,,,,,,,,CPU,,,,,,,,1,32,64,32,,120 MHz (rated 150),60MHz,,,2,,,,,,none,NA,256B primary code cache,,16KiB,4-way set associative,,,,,,,,,4GiB,,,,,,,Staggered CPGA-296,4.96 x 4.96 cm^2,,,,,,,CMOS,,,,,,3.135-3.6V,3.3V,,,,3.3V,,0.28W (Suspend mode),16.8W,20.1W,,0-70C,,,,,,,X86-32,,,,x86,,,,,Integrated,,,,,,,5-Feb-96,$451,,,,,,,,,,http://www.cpu-world.com/CPUs/6x86/Cyrix-6x86-P150%2BGP.html,,,,,,,
Cyrix,6x86,6x86-P166+GP,,,,,,,,,CPU,,,,,,,,1,32,64,32,,133 MHz (rated 166),66MHz,,,2,,,,,,none,NA,256B primary code cache,,16KiB,4-way set associative,,,,,,,,,4GiB,,,,,,,Staggered CPGA-296,4.96 x 4.96 cm^2,,,,,,,CMOS,,,,,,,,,,,3.52V,,0.31W (Suspend mode),18.1W,,,0-70C,,,,,,,X86-32,,,,x86,,,,,Integrated,,,,,,,,,,,,,,,,,,http://www.cpu-world.com/CPUs/6x86/Cyrix-6x86-P166%2BGP.html,,,,,,,
Cyrix,6x86,6x86-P90+GP,,,,,,,,,CPU,,,,,,,,1,32,64,32,,80 MHz (rated 90),40MHz,,,2,,,,,,none,NA,256B primary code cache,,16KiB,4-way set associative,,,,,,,,,4GiB,,,,,,,Staggered CPGA-296,4.96 x 4.96 cm^2,,,,,,,CMOS,,,,,,3.135-3.6V,3.3V,,,,3.3V,,0.25W (Suspend mode),12.9W,15.5W,,0-70C,"Suspend mode, Stop clock mode, System Management mode",,,,,,X86-32,,,,x86,,,,,Integrated,,,,,,,,,,,,,,,,,,http://www.cpu-world.com/CPUs/6x86/Cyrix-6x86-P90%2BGP.html,,,,,,,
Cyrix,6x86,6x86L-P166+GP,6x86L-PR166+GP,,,,,,,,CPU,6x86L,,,,,,,1,32,64,32,,133 MHz (rated 166),66MHz,,,2,,,,,,none,NA,256B primary code cache,,16KiB,4-way set associative,,,,,,,,,4GiB,,,,,,,Staggered CPGA-296,4.96 x 4.96 cm^2,,,,,,,CMOS,,,,,,2.63-2.97V,2.8V,,,,2.8V,3.3V,0.28W (Suspend mode),13.41W,15.98W,,0-70C,,,,,,,X86-32,,,,x86,,,,,Integrated,,,,,,,,,,,,,,,,,,http://www.cpu-world.com/CPUs/6x86/Cyrix-6x86L-P166%2BGP%20-%206x86L-PR166%2BGP.html,,,,,,,
Cyrix,6x86,6x86L-P200+GP,6x86L-PR200+GP,,,,,,,,CPU,6x86L,,,,,,,1,32,64,32,,150 MHz (rated 200),,,,,,,,,,none,NA,256B primary code cache,,16KiB,4-way set associative,,,,,,,,,4GiB,,,,,,,Staggered CPGA-296,4.96 x 4.96 cm^2,,,,,,,CMOS,,,,,,2.63-2.97V,2.8V,,,,2.8V,3.3V,0.31W (Suspend mode),14.28W,17.13W,,0-70C,,,,,,,X86-32,,,,x86,,,,,Integrated,,,,,,,,,,,,,,,,,,http://www.cpu-world.com/CPUs/6x86/Cyrix-6x86L-P200%2BGP%20-%206x86L-PR200%2BGP.html,,,,,,,
Cyrix,6x86,6x86MX-PR200 (66MHz 2.9V),,,,,,,,,CPU,6x86MX,,,,,,,1,32,64,32,,166 MHz (rated 200),66MHz,,,2.5,,,,,,none,NA,256B primary code cache,,64KiB,4-way set associative,,,,,,,,,4GiB,,,,,,,Staggered CPGA-296,4.96 x 4.96 cm^2,,,,0.35um,5,,CMOS,,,,,,2.8-3.0V,2.9V,,,,2.9V,3.3V,0.122W (Suspend mode),11.5W,19.1W,,0-70C,,,,,,,X86-32,MMX,,,x86,,,,,Integrated,,,,,,,30-May-97,$240,,,,,,,,,,http://www.cpu-world.com/CPUs/6x86/Cyrix-6x86MX-PR200%20%2866MHz%202.9V%29.html,,,,,,,
Cyrix,6x86,6x86MX-PR200 (75MHz 2.9V),,,,,,,,,CPU,6x86MX,,,,,,,1,32,64,32,,150 MHz (rated 200),75MHz,,,2,,,,,,none,NA,256B primary code cache,,64KiB,4-way set associative,,,,,,,,,4GiB,,,,,,,Staggered CPGA-296,4.96 x 4.96 cm^2,,,,0.35um,5,,CMOS,,,,,,2.8-3.0V,2.9V,,,,2.9V,3.3V,,,,,0-70C,,,,,,,X86-32,MMX,,,x86,,,,,Integrated,,,,,,,30-May-97,$240,,,,,,,,,,http://www.cpu-world.com/CPUs/6x86/Cyrix-6x86MX-PR200%20%2875MHz%202.9V%29.html,,,,,,,
Cyrix,6x86,6x86MX-PR233 (75MHz 2.9V),,,,,,,,,CPU,6x86MX,,,,,,,1,32,64,32,,188 MHz (rated 233),75MHz,,,2.5,,,,,,none,NA,256B primary code cache,,64KiB,4-way set associative,,,,,,,,,4GiB,,,,,,,Staggered CPGA-296,4.96 x 4.96 cm^2,,,,0.35um,5,,CMOS,,,,,,2.8-3.0V,2.9V,,,,2.9V,3.3V,0.135W (Suspend mode),13.1W,21.7W,,0-70C,,,,,,,X86-32,MMX,,,x86,,,,,Integrated,,,,,,,30-May-97,320,,,,,,,,,,http://www.cpu-world.com/CPUs/6x86/Cyrix-6x86MX-PR233%20%2875MHz%202.9V%29.html,,,,,,,
Cyrix,6x86,6x86MX-PR266 (83MHz 2.7V),,,,,,,,,CPU,6x86MX,,,,,,,1,32,64,32,,208 MHz (rated 266),83MHz,,,2.5,,,,,,none,NA,256B primary code cache,,64KiB,4-way set associative,,,,,,,,,4GiB,,,,,,,Staggered CPGA-296,4.96 x 4.96 cm^2,,,,0.35um,5,,CMOS,,,,,,,2.7V,,,,2.7V,3.3V,,,,,0-70C,,,,,,,X86-32,MMX,,,x86,,,,,Integrated,,,,,,,19-Mar-98,180,,,,,,,,,,http://www.cpu-world.com/CPUs/6x86/Cyrix-6x86MX-PR266%20%2883MHz%202.7V%29.html,,,,,,,
Cyrix,6x86,6x86MX-PR266 (83MHz 2.9V),,,,,,,,,CPU,6x86MX,,,,,,,1,32,64,32,,208 MHz (rated 266),83MHz,,,2.5,,,,,,none,NA,256B primary code cache,,64KiB,4-way set associative,,,,,,,,,4GiB,,,,,,,Staggered CPGA-296,4.96 x 4.96 cm^2,,,,0.35um,5,,CMOS,,,,,,2.8-3.0V,2.9V,,,,2.9V,3.3V,0.147W (Suspend mode),13.8W,23W,,0-70C,,,,,,,X86-32,MMX,,,x86,,,,,Integrated,,,,,,,19-Mar-98,180,,,,,,,,,,http://www.cpu-world.com/CPUs/6x86/Cyrix-6x86MX-PR266%20%2883MHz%202.9V%29.html,,,,,,,
Cyrix,MediaGX,GX-120BP ,,,,,,,,,CPU,,,,,,,,1,32,,,,120MHz,60MHz,,,2,,,,,,none,NA,none,NA,16KiB,,,,,,,,,,,EDO DRAM,,,,,,BGA-352,,,NA,,0.35um,,,CMOS,,,,,,,3.3/3.6V,,,,,,,,,,,,,,,,,,,,,x86,,,,,Integrated,,,,,,,,,,,,,,,,,,http://www.cpu-collection.de/?tn=0&l0=co&l1=Cyrix&l2=MediaGX,http://web.archive.org/web/19970616073120/http://www.cyrix.com/process/prodinfo/mediagx/gxovervw.htm,,,,,,
Cyrix,MediaGX,GX-133BP ,,,,,,,,,CPU,,,,,,,,1,32,,,,133MHz,66MHz,,,2,,,,,,none,NA,none,NA,16KiB,,,,,,,,,,,EDO DRAM,,,,,,BGA-352,,,NA,,0.35um,,,CMOS,,,,,,,3.6V,,,,,,,,,,,,,,,,,,,,,x86,,,,,Integrated,,,,,,,,,,,,,,,,,,http://www.cpu-collection.de/?tn=0&l0=co&l1=Cyrix&l2=MediaGX,http://web.archive.org/web/19970616073120/http://www.cyrix.com/process/prodinfo/mediagx/gxovervw.htm,,,,,,
Cyrix,MediaGX,GX-150BP ,,,,,,,,,CPU,,,,,,,,1,32,,,,150MHz,60MHz,,,2.5,,,,,,none,NA,none,NA,16KiB,,,,,,,,,,,EDO DRAM,,,,,,BGA-352,,,NA,,0.35um,,,CMOS,,,,,,,3.6V,,,,,,,,,,,,,,,,,,,,,x86,,,,,Integrated,,,,,,,,,,,,,,,,,,http://www.cpu-collection.de/?tn=0&l0=co&l1=Cyrix&l2=MediaGX,http://web.archive.org/web/19970616073120/http://www.cyrix.com/process/prodinfo/mediagx/gxovervw.htm,,,,,,
Cyrix,MediaGX,GXI-166BP ,,,,,,,,,CPU,,,,,,,,1,32,,,,166MHz,66MHz,,,2.5,,,,,,none,NA,none,NA,16KiB,,,,,,,,,,,EDO DRAM,,,,,,BGA-352,,,NA,,0.35um,,,CMOS,,,,,,,2.9V,,,,,,,,,,,,,,,,,,,,,x86,,,,,Integrated,,,,,,,,,,,,,,,,,,http://www.cpu-collection.de/?tn=0&l0=co&l1=Cyrix&l2=MediaGX,http://web.archive.org/web/19970616073120/http://www.cyrix.com/process/prodinfo/mediagx/gxovervw.htm,,,,,,
Cyrix,MediaGX,GXI-180BP,,,,,,,,,CPU,,,,,,,,1,32,,,,180MHz,60MHz,,,3,,,,,,none,NA,none,NA,16KiB,,,,,,,,,,,EDO DRAM,,,,,,BGA-352,,,NA,,0.35um,,,CMOS,,,,,,,2.9V,,,,,,,,,,,,,,,,,,,,,x86,,,,,Integrated,,,,,,,,,,,,,,,,,,http://www.cpu-collection.de/?tn=0&l0=co&l1=Cyrix&l2=MediaGX,http://web.archive.org/web/19970616073120/http://www.cyrix.com/process/prodinfo/mediagx/gxovervw.htm,,,,,,
Cyrix,MediaGX,GXI-180BP (silver top),,,,,,,,,CPU,,,,,,,,1,32,,,,180MHz,60MHz,,,3,,,,,,none,NA,none,NA,16KiB,,,,,,,,,,,EDO DRAM,,,,,,BGA-352,,,NA,,0.35um,,,CMOS,,,,,,,2.9V,,,,,,,,,,,,,,,,,,,,,x86,,,,,Integrated,,,,,,,,,,,,,,,,,,http://www.cpu-collection.de/?tn=0&l0=co&l1=Cyrix&l2=MediaGX,http://web.archive.org/web/19970616073120/http://www.cyrix.com/process/prodinfo/mediagx/gxovervw.htm,,,,,,
Cyrix,MediaGX,GXm-180BP 2.9V 70C,,,,,,,,,CPU,,,,,,,,1,32,,,,180MHz,,,,,,,,,,none,NA,none,NA,16KiB,4-way set associative,,,,,NA,NA,NA,NA,1GiB,,,,,,,BGA-352,3.5 x 3.5 cm^2,,NA,,0.35um,4,,CMOS,,,,,,2.75-3.05V,2.9V,,,,2.9V,3.3V,,,,,70C max,"APM support, CPU only suspend, Suspend modulation, Full 3V suspend",,,,,,x86-32,MMX,,,x86,,,,,Integrated,"PCI controller, 2D GPU, DRAM controller, MMU, Bus interface unit",,,,,,,,,,,,,,,,,http://www.cpu-world.com/CPUs/MediaGX/Cyrix-MediaGX%20GXm-180BP%202.9V%2070C.html,,,,,,,
Cyrix,MediaGX,GXm-180BP 2.9V 85C,,,,,,,,,CPU,,,,,,,,1,32,,,,180MHz,,,,,,,,,,none,NA,none,NA,16KiB,4-way set associative,,,,,NA,NA,NA,NA,1GiB,,,,,,,BGA-352,3.5 x 3.5 cm^2,,NA,,0.35um,4,,CMOS,,,,,,2.75-3.05V,2.9V,,,,2.9V,3.3V,,,,,85C max,"APM support, CPU only suspend, Suspend modulation, Full 3V suspend",,,,,,x86-32,MMX,,,x86,,,,,Integrated,"PCI controller, 2D GPU, DRAM controller, MMU, Bus interface unit",,,,,,,,,,,,,,,,,http://www.cpu-world.com/CPUs/MediaGX/Cyrix-MediaGX%20GXm-180BP%202.9V%2085C.html,,,,,,,
Cyrix,MediaGX,GXm-180GP 2.9V 70C,,,,,,,,,CPU,,,,,,,,1,32,,,,180MHz,,,,,,,,,,none,NA,none,NA,16KiB,4-way set associative,,,,,NA,NA,NA,NA,1GiB,,,,,,,Staggered CPGA-320,4.96 x 4.96 cm^2,,,,0.35um,4,,CMOS,,,,,,2.75-3.05V,2.9V,,,,2.9V,3.3V,,,,,70C max,"APM support, CPU only suspend, Suspend modulation, Full 3V suspend",,,,,,x86-32,MMX,,,x86,,,,,Integrated,"PCI controller, 2D GPU, DRAM controller, MMU, Bus interface unit",,,,,,,,,,,,,,,,,http://www.cpu-world.com/CPUs/MediaGX/Cyrix-MediaGX%20GXm-180GP%202.9V%2070C.html,,,,,,,
Cyrix,MediaGX,GXm-180GP 2.9V 85C,,,,,,,,,CPU,,,,,,,,1,32,,,,180MHz,,,,,,,,,,none,NA,none,NA,16KiB,4-way set associative,,,,,NA,NA,NA,NA,1GiB,,,,,,,Staggered CPGA-320,4.96 x 4.96 cm^2,,,,0.35um,4,,CMOS,,,,,,2.75-3.05V,2.9V,,,,2.9V,3.3V,,,,,85C max,"APM support, CPU only suspend, Suspend modulation, Full 3V suspend",,,,,,x86-32,MMX,,,x86,,,,,Integrated,"PCI controller, 2D GPU, DRAM controller, MMU, Bus interface unit",,,,,,,,,,,,,,,,,http://www.cpu-world.com/CPUs/MediaGX/Cyrix-MediaGX%20GXm-180GP%202.9V%2085C.html,,,,,,,
Cyrix,MediaGX,GXm-200BP 2.9V 70C,,,,,,,,,CPU,,,,,,,,1,32,,,,200MHz,33MHz,,,6,,,,,,none,NA,none,NA,16KiB,4-way set associative,,,,,NA,NA,NA,NA,1GiB,,,,,,,Staggered CPGA-320,4.96 x 4.96 cm^2,,,,0.35um,4,,CMOS,,,,,,2.75-3.05V,2.9V,,,,2.9V,3.3V,2.03W (suspended mode),5.2W,8.95W,,70C max,"APM support, CPU only suspend, Suspend modulation, Full 3V suspend",,,,,,x86-32,MMX,,,x86,,,,,Integrated,"PCI controller, 2D GPU, DRAM controller, MMU, Bus interface unit",,,,,,,,,,,,,,,,,http://www.cpu-world.com/CPUs/MediaGX/Cyrix-MediaGX%20GXm-200BP%202.9V%2070C.html,,,,,,,
Cyrix,MediaGX,GXm-200BP 2.9V 80C,,,,,,,,,CPU,,,,,,,,1,32,,,,200MHz,33MHz,,,6,,,,,,none,NA,none,NA,16KiB,4-way set associative,,,,,NA,NA,NA,NA,1GiB,,,,,,,Staggered CPGA-320,4.96 x 4.96 cm^2,,,,0.35um,4,,CMOS,,,,,,2.75-3.05V,2.9V,,,,2.9V,3.3V,2.03W (suspended mode),5.2W,8.95W,,85C max,"APM support, CPU only suspend, Suspend modulation, Full 3V suspend",,,,,,x86-32,MMX,,,x86,,,,,Integrated,"PCI controller, 2D GPU, DRAM controller, MMU, Bus interface unit",,,,,,,,,,,,,,,,,http://www.cpu-world.com/CPUs/MediaGX/Cyrix-MediaGX%20GXm-200BP%202.9V%2085C.html,,,,,,,
Cyrix,MediaGX,GXm-200GP 2.2V 85C,,,,,,,,,CPU,,,,,,,,1,32,,,,200MHz,33MHz,,,6,,,,,,none,NA,none,NA,16KiB,4-way set associative,,,,,NA,NA,NA,NA,1GiB,,,,,,,Staggered CPGA-320,4.96 x 4.96 cm^2,,,,0.35um,4,,CMOS,,,,,,,2.2V,,,,2.2V,3.3V,,,,,85C max,"APM support, CPU only suspend, Suspend modulation, Full 3V suspend",,,,,,x86-32,MMX,,,x86,,,,,Integrated,"PCI controller, 2D GPU, DRAM controller, MMU, Bus interface unit",,,,,,,,,,,,,,,,,http://www.cpu-world.com/CPUs/MediaGX/Cyrix-MediaGX%20GXm-200GP%202.2V%2085C.html,,,,,,,
Cyrix,MediaGX,GXm-200GP 2.9V 60C,,,,,,,,,CPU,,,,,,,,1,32,,,,200MHz,33MHz,,,6,,,,,,none,NA,none,NA,16KiB,4-way set associative,,,,,NA,NA,NA,NA,1GiB,,,,,,,Staggered CPGA-320,4.96 x 4.96 cm^2,,,,0.35um,4,,CMOS,,,,,,2.75-3.05V,2.9V,,,,2.9V,3.3V,,,,,60C max,"APM support, CPU only suspend, Suspend modulation, Full 3V suspend",,,,,,x86-32,MMX,,,x86,,,,,Integrated,"PCI controller, 2D GPU, DRAM controller, MMU, Bus interface unit",,,,,,,,,,,,,,,,,http://www.cpu-world.com/CPUs/MediaGX/Cyrix-MediaGX%20GXm-200GP%202.9V%2060C.html,,,,,,,
Cyrix,MediaGX,GXm-200GP 2.9V 70C,,,,,,,,,CPU,,,,,,,,1,32,,,,200MHz,33MHz,,,6,,,,,,none,NA,none,NA,16KiB,4-way set associative,,,,,NA,NA,NA,NA,1GiB,,,,,,,Staggered CPGA-320,4.96 x 4.96 cm^2,,,,0.35um,4,,CMOS,,,,,,2.75-3.05V,2.9V,,,,2.9V,3.3V,,,,,70C max,"APM support, CPU only suspend, Suspend modulation, Full 3V suspend",,,,,,x86-32,MMX,,,x86,,,,,Integrated,"PCI controller, 2D GPU, DRAM controller, MMU, Bus interface unit",,,,,,,,,,,,,,,,,http://www.cpu-world.com/CPUs/MediaGX/Cyrix-MediaGX%20GXm-200GP%202.9V%2070C.html,,,,,,,
Cyrix,MediaGX,GXm-200GP 2.9V 80C,,,,,,,,,CPU,,,,,,,,1,32,,,,200MHz,33MHz,,,6,,,,,,none,NA,none,NA,16KiB,4-way set associative,,,,,NA,NA,NA,NA,1GiB,,,,,,,Staggered CPGA-320,4.96 x 4.96 cm^2,,,,0.35um,4,,CMOS,,,,,,2.75-3.05V,2.9V,,,,2.9V,3.3V,,,,,80C max,"APM support, CPU only suspend, Suspend modulation, Full 3V suspend",,,,,,x86-32,MMX,,,x86,,,,,Integrated,"PCI controller, 2D GPU, DRAM controller, MMU, Bus interface unit",,,,,,,,,,,,,,,,,http://www.cpu-world.com/CPUs/MediaGX/Cyrix-MediaGX%20GXm-200GP%202.9V%2080C.html,,,,,,,
Cyrix,MediaGX,GXm-233BP 2.9V 70C,,,,,,,,,CPU,,,,,,,,1,32,,,,233MHz,33MHz,,,7,,,,,,none,NA,none,NA,16KiB,4-way set associative,,,,,NA,NA,NA,NA,1GiB,,,,,,,BGA-352,3.5 x 3.5 cm^2,,NA,,0.35um,4,,CMOS,,,,,,2.75-3.05V,2.9V,,,,2.9V,3.3V,2.76W (Suspend mode),5.55W,9.9W,,70C max,"APM support, CPU only suspend, Suspend modulation, Full 3V suspend",,,,,,x86-32,MMX,,,x86,,,,,Integrated,"PCI controller, 2D GPU, DRAM controller, MMU, Bus interface unit",,,,,,,,,,,,,,,,,http://www.cpu-world.com/CPUs/MediaGX/Cyrix-MediaGX%20GXm-233BP%202.9V%2070C.html,,,,,,,
Cyrix,MediaGX,GXm-233BP 2.9V 85C,,,,,,,,,CPU,,,,,,,,1,32,,,,233MHz,33MHz,,,7,,,,,,none,NA,none,NA,16KiB,4-way set associative,,,,,NA,NA,NA,NA,1GiB,,,,,,,BGA-352,3.5 x 3.5 cm^2,,NA,,0.35um,4,,CMOS,,,,,,2.75-3.05V,2.9V,,,,2.9V,3.3V,2.76W (Suspend mode),5.55W,9.9W,,85C max,"APM support, CPU only suspend, Suspend modulation, Full 3V suspend",,,,,,x86-32,MMX,,,x86,,,,,Integrated,"PCI controller, 2D GPU, DRAM controller, MMU, Bus interface unit",,,,,,,,,,,,,,,,,http://www.cpu-world.com/CPUs/MediaGX/Cyrix-MediaGX%20GXm-233BP%202.9V%2085C.html,,,,,,,
Cyrix,MediaGX,GXm-233GP 2.9V 70C,,,,,,,,,CPU,,,,,,,,1,32,,,,233MHz,33MHz,,,7,,,,,,none,NA,none,NA,16KiB,4-way set associative,,,,,NA,NA,NA,NA,1GiB,,,,,,,Staggered CPGA-320,4.96 x 4.96 cm^2,,,,0.35um,4,,CMOS,,,,,,2.75-3.05V,2.9V,,,,2.9V,3.3V,2.76W (Suspend mode),5.55W,9.9W,,70C max,"APM support, CPU only suspend, Suspend modulation, Full 3V suspend",,,,,,x86-32,MMX,,,x86,,,,,Integrated,"PCI controller, 2D GPU, DRAM controller, MMU, Bus interface unit",,,,,,,,,,,,,,,,,http://www.cpu-world.com/CPUs/MediaGX/Cyrix-MediaGX%20GXm-233GP%202.9V%2070C.html,,,,,,,
Cyrix,MediaGX,GXm-233GP 2.9V 85C,,,,,,,,,CPU,,,,,,,,1,32,,,,233MHz,33MHz,,,7,,,,,,none,NA,none,NA,16KiB,4-way set associative,,,,,NA,NA,NA,NA,1GiB,,,,,,,Staggered CPGA-320,4.96 x 4.96 cm^2,,,,0.35um,4,,CMOS,,,,,,2.75-3.05V,2.9V,,,,2.9V,3.3V,2.76W (Suspend mode),5.55W,9.9W,,85C max,"APM support, CPU only suspend, Suspend modulation, Full 3V suspend",,,,,,x86-32,MMX,,,x86,,,,,Integrated,"PCI controller, 2D GPU, DRAM controller, MMU, Bus interface unit",,,,,,,,,,,,,,,,,http://www.cpu-world.com/CPUs/MediaGX/Cyrix-MediaGX%20GXm-233GP%202.9V%2085C.html,,,,,,,
Cyrix,MediaGX,GXm-266BP 2.9V 70C,,,,,,,,,CPU,,,,,,,,1,32,,,,266MHz,33MHz,,,8,,,,,,none,NA,none,NA,16KiB,4-way set associative,,,,,NA,NA,NA,NA,1GiB,,,,,,,BGA-352,3.5 x 3.5 cm^2,,NA,,0.35um,4,,CMOS,,,,,,2.75-3.05V,2.9V,,,,2.9V,3.3V,3.26W (Suspend mode),5.87W,10.7W,,70C max,"APM support, CPU only suspend, Suspend modulation, Full 3V suspend",,,,,,x86-32,MMX,,,x86,,,,,Integrated,"PCI controller, 2D GPU, DRAM controller, MMU, Bus interface unit",,,,,,,,,,,,,,,,,http://www.cpu-world.com/CPUs/MediaGX/Cyrix-MediaGX%20GXm-266BP%202.9V%2070C.html,,,,,,,
Cyrix,MediaGX,GXm-266BP 2.9V 85C,,,,,,,,,CPU,,,,,,,,1,32,,,,266MHz,33MHz,,,8,,,,,,none,NA,none,NA,16KiB,4-way set associative,,,,,NA,NA,NA,NA,1GiB,,,,,,,Staggered CPGA-320,4.96 x 4.96 cm^2,,,,0.35um,4,,CMOS,,,,,,2.75-3.05V,2.9V,,,,2.9V,3.3V,3.26W (Suspend mode),5.87W,10.7W,,85C max,"APM support, CPU only suspend, Suspend modulation, Full 3V suspend",,,,,,x86-32,MMX,,,x86,,,,,Integrated,"PCI controller, 2D GPU, DRAM controller, MMU, Bus interface unit",,,,,,,,,,,,,,,,,http://www.cpu-world.com/CPUs/MediaGX/Cyrix-MediaGX%20GXm-266BP%202.9V%2085C.html,,,,,,,
Cyrix,MediaGX,GXm-266GP 2.9V 70C,,,,,,,,,CPU,,,,,,,,1,32,,,,266MHz,33MHz,,,8,,,,,,none,NA,none,NA,16KiB,4-way set associative,,,,,NA,NA,NA,NA,1GiB,,,,,,,Staggered CPGA-320,4.96 x 4.96 cm^2,,,,0.35um,4,,CMOS,,,,,,2.75-3.05V,2.9V,,,,2.9V,3.3V,3.26W (Suspend mode),5.87W,10.7W,,70C max,"APM support, CPU only suspend, Suspend modulation, Full 3V suspend",,,,,,x86-32,MMX,,,x86,,,,,Integrated,"PCI controller, 2D GPU, DRAM controller, MMU, Bus interface unit",,,,,,,,,,,,,,,,,http://www.cpu-world.com/CPUs/MediaGX/Cyrix-MediaGX%20GXm-266GP%202.9V%2070C.html,,,,,,,
Cyrix,MediaGX,GXm-266GP 2.9V 85C,,,,,,,,,CPU,,,,,,,,1,32,,,,266MHz,33MHz,,,8,,,,,,none,NA,none,NA,16KiB,4-way set associative,,,,,NA,NA,NA,NA,1GiB,,,,,,,Staggered CPGA-320,4.96 x 4.96 cm^2,,,,0.35um,4,,CMOS,,,,,,2.75-3.05V,2.9V,,,,2.9V,3.3V,3.26W (Suspend mode),5.87W,10.7W,,85C max,"APM support, CPU only suspend, Suspend modulation, Full 3V suspend",,,,,,x86-32,MMX,,,x86,,,,,Integrated,"PCI controller, 2D GPU, DRAM controller, MMU, Bus interface unit",,,,,,,,,,,,,,,,,http://www.cpu-world.com/CPUs/MediaGX/Cyrix-MediaGX%20GXm-266GP%202.9V%2085C.html,,,,,,,
Cyrix,MediaGX,GXm-300BP 2.9V 70C,,,,,,,,,CPU,,,,,,,,1,32,,,,300MHz,33MHz,,,9,,,,,,none,NA,none,NA,16KiB,4-way set associative,,,,,NA,NA,NA,NA,1GiB,,,,,,,BGA-352,3.5 x 3.5 cm^2,,NA,,0.35um,4,,CMOS,,,,,,2.75-3.05V,2.9V,,,,2.9V,3.3V,3.77W (Suspend mode),6.2W,11.5W,,70C max,"APM support, CPU only suspend, Suspend modulation, Full 3V suspend",,,,,,x86-32,MMX,,,x86,,,,,Integrated,"PCI controller, 2D GPU, DRAM controller, MMU, Bus interface unit",,,,,,,,,,,,,,,,,http://www.cpu-world.com/CPUs/MediaGX/Cyrix-MediaGX%20GXm-300BP%202.9V%2070C.html,,,,,,,
Cyrix,MediaGX,GXm-300BP 2.9V 85C,,,,,,,,,CPU,,,,,,,,1,32,,,,300MHz,33MHz,,,9,,,,,,none,NA,none,NA,16KiB,4-way set associative,,,,,NA,NA,NA,NA,1GiB,,,,,,,BGA-352,3.5 x 3.5 cm^2,,NA,,0.35um,4,,CMOS,,,,,,2.75-3.05V,2.9V,,,,2.9V,3.3V,3.77W (Suspend mode),6.2W,11.5W,,85C max,"APM support, CPU only suspend, Suspend modulation, Full 3V suspend",,,,,,x86-32,MMX,,,x86,,,,,Integrated,"PCI controller, 2D GPU, DRAM controller, MMU, Bus interface unit",,,,,,,,,,,,,,,,,http://www.cpu-world.com/CPUs/MediaGX/Cyrix-MediaGX%20GXm-300BP%202.9V%2085C.html,,,,,,,
Cyrix,MediaGX,GXm-300GP 2.9V 70C,,,,,,,,,CPU,,,,,,,,1,32,,,,300MHz,33MHz,,,9,,,,,,none,NA,none,NA,16KiB,4-way set associative,,,,,NA,NA,NA,NA,1GiB,,,,,,,Staggered CPGA-320,4.96 x 4.96 cm^2,,,,0.35um,4,,CMOS,,,,,,2.75-3.05V,2.9V,,,,2.9V,3.3V,3.77W (Suspend mode),6.2W,11.5W,,70C max,"APM support, CPU only suspend, Suspend modulation, Full 3V suspend",,,,,,x86-32,MMX,,,x86,,,,,Integrated,"PCI controller, 2D GPU, DRAM controller, MMU, Bus interface unit",,,,,,,,,,,,,,,,,http://www.cpu-world.com/CPUs/MediaGX/Cyrix-MediaGX%20GXm-300GP%202.9V%2070C.html,,,,,,,
Cyrix,MediaGX,GXm-300GP 2.9V 85C,,,,,,,,,CPU,,,,,,,,1,32,,,,300MHz,33MHz,,,9,,,,,,none,NA,none,NA,16KiB,4-way set associative,,,,,NA,NA,NA,NA,1GiB,,,,,,,Staggered CPGA-320,4.96 x 4.96 cm^2,,,,0.35um,4,,CMOS,,,,,,2.75-3.05V,2.9V,,,,2.9V,3.3V,3.77W (Suspend mode),6.2W,11.5W,,85C max,"APM support, CPU only suspend, Suspend modulation, Full 3V suspend",,,,,,x86-32,MMX,,,x86,,,,,Integrated,"PCI controller, 2D GPU, DRAM controller, MMU, Bus interface unit",,,,,,,,,,,,,,,,,http://www.cpu-world.com/CPUs/MediaGX/Cyrix-MediaGX%20GXm-300GP%202.9V%2085C.html,,,,,,,
Cyrix,MII,MII-233GP,,,,,,,,,CPU,,,,,,,,1,32,,,,200 MHz (rated 233),66MHz,,,3,,,,,,none,NA,256 bytes primary code cache,,64KiB,,,,,,NA,NA,NA,NA,4GiB,,,,,,,Staggered CPGA-296,,,Socket 7,,,,,,,,,,,2.8-3.0V,2.9V,,,,2.9V,3.3V,,,,,0-70C,"Suspend mode, Stop clock mode, System Management mode ",,,,,,x86-32,MMX,,,x86,,,,,Integrated,,,,,,,,,,,,,,,,,,http://www.cpu-world.com/CPUs/MII/Cyrix-MII-233GP.html,,,,,,,
Cyrix,MII,MII-233GP (FCPGA),,,,,,,,,CPU,,,,,,,,1,32,,,,200 MHz (rated 233),66MHz,,,3,,,,,,none,NA,256 bytes primary code cache,,64KiB,,,,,,NA,NA,NA,NA,4GiB,,,,,,,Staggered Flip-Chip CPGA-296,,,Socket 7,,,,,,,,,,,2.8-3.0V,2.9V,,,,2.9V,3.3V,,,,,0-70C,"Suspend mode, Stop clock mode, System Management mode ",,,,,,x86-32,MMX,,,x86,,,,,Integrated,,,,,,,,,,,,,,,,,,http://www.cpu-world.com/CPUs/MII/Cyrix-MII-233GP%20%28FCPGA%29.html,,,,,,,
Cyrix,MII,MII-266GP (66 MHz 2.9V),,,,,,,,,CPU,,,,,,,,1,32,,,,200 MHz (rated 266),66MHz,,,3,,,,,,none,NA,256 bytes primary code cache,,64KiB,,,,,,NA,NA,NA,NA,4GiB,,,,,,,Staggered CPGA-296,,,Socket 7,,,,,,,,,,,2.8-3.0V,2.9V,,,,2.9V,3.3V,,,,,0-70C,"Suspend mode, Stop clock mode, System Management mode ",,,,,,x86-32,MMX,,,x86,,,,,Integrated,,,,,,,,,,,,,,,,,,http://www.cpu-world.com/CPUs/MII/Cyrix-MII-266GP%20%2866%20MHz%202.9V%29.html,,,,,,,
Cyrix,MII,MII-266GP (83 MHz 2.9V),,,,,,,,,CPU,,,,,,,,1,32,,,,207 MHz (rated 266),83MHz,,,2.5,,,,,,none,NA,256 bytes primary code cache,,64KiB,,,,,,NA,NA,NA,NA,4GiB,,,,,,,Staggered CPGA-296,,,Socket 7,,,,,,,,,,,2.8-3.0V,2.9V,,,,2.9V,3.3V,,,,,0-70C,"Suspend mode, Stop clock mode, System Management mode ",,,,,,x86-32,MMX,,,x86,,,,,Integrated,,,,,,,,,,,,,,,,,,http://www.cpu-world.com/CPUs/MII/Cyrix-MII-266GP%20%2883%20MHz%202.9V%29.html,,,,,,,
Cyrix,MII,MII-300GP (66 MHz 2.2V),,,,,,,,,CPU,,,,,,,,1,32,,,,233 MHz (rated 300),66MHz,,,3.5,,,,,,none,NA,256 bytes primary code cache,,64KiB,,,,,,NA,NA,NA,NA,4GiB,,,,,,,Staggered CPGA-296,,,Socket 7,,,,,,,,,,,,,,,,2.2V,3.3V,,,,,0-70C,"Suspend mode, Stop clock mode, System Management mode ",,,,,,x86-32,MMX,,,x86,,,,,Integrated,,,,,,,14-Apr-98,$180,,,,,,,,,,http://www.cpu-world.com/CPUs/MII/Cyrix-MII-300GP%20%2866%20MHz%202.2V%29.html,,,,,,,
Cyrix,MII,MII-300GP (66 MHz 2.9V FCPGA),,,,,,,,,CPU,,,,,,,,1,32,,,,233 MHz (rated 300),66MHz,,,3.5,,,,,,none,NA,256 bytes primary code cache,,64KiB,,,,,,NA,NA,NA,NA,4GiB,,,,,,,Staggered Flip-Chip CPGA-296,,,Socket 7,,,,,,,,,,,2.8-3.0V,2.9V,,,,2.9V,3.3V,,,,,0-70C,"Suspend mode, Stop clock mode, System Management mode ",,,,,,x86-32,MMX,,,x86,,,,,Integrated,,,,,,,14-Apr-98,$180,,,,,,,,,,http://www.cpu-world.com/CPUs/MII/Cyrix-MII-300GP%20%2866%20MHz%202.9V%20FCPGA%29.html,,,,,,,
Cyrix,MII,MII-300GP (66 MHz 2.9V),,,,,,,,,CPU,,,,,,,,1,32,,,,233 MHz (rated 300),66MHz,,,3.5,,,,,,none,NA,256 bytes primary code cache,,64KiB,,,,,,NA,NA,NA,NA,4GiB,,,,,,,Staggered CPGA-296,,,Socket 7,,,,,,,,,,,2.8-3.0V,2.9V,,,,2.9V,3.3V,0.152W (Suspend mode) ,13W,21.6W,,0-70C,"Suspend mode, Stop clock mode, System Management mode ",,,,,,x86-32,MMX,,,x86,,,,,Integrated,,,,,,,14-Apr-98,$180,,,,,,,,,,http://www.cpu-world.com/CPUs/MII/Cyrix-MII-300GP%20%2866%20MHz%202.9V%29.html,,,,,,,
Cyrix,MII,MII-300GP (75 MHz 2.9V),,,,,,,,,CPU,,,,,,,,1,32,,,,225 MHz (rated 300),75MHz,,,3,,,,,,none,NA,256 bytes primary code cache,,64KiB,,,,,,NA,NA,NA,NA,4GiB,,,,,,,Staggered CPGA-296,,,Socket 7,,,,,,,,,,,2.8-3.0V,2.9V,,,,2.9V,3.3V,0.15W (Suspend mode) ,12.5W,20.7W,,0-70C,"Suspend mode, Stop clock mode, System Management mode ",,,,,,x86-32,MMX,,,x86,,,,,Integrated,,,,,,,14-Apr-98,$180,,,,,,,,,,http://www.cpu-world.com/CPUs/MII/Cyrix-MII-300GP%20%2875%20MHz%202.9V%29.html,,,,,,,
Cyrix,MII,MII-333GP (75 MHz 2.9V),,,,,,,,,CPU,,,,,,,,1,32,,,,263 MHz (rated 333),75MHz,,,3.5,,,,,,none,NA,256 bytes primary code cache,,64KiB,,,,,,NA,NA,NA,NA,4GiB,,,,,,,Staggered CPGA-296,,,Socket 7,,,,,,,,,,,2.8-3.0V,2.9V,,,,2.9V,3.3V,,,,,0-70C,"Suspend mode, Stop clock mode, System Management mode ",,,,,,x86-32,MMX,,,x86,,,,,Integrated,,,,,,,15-June-98,$180,,,,,,,,,,http://www.cpu-world.com/CPUs/MII/Cyrix-MII-333GP%20%2875%20MHz%202.9V%29.html,,,,,,,
Cyrix,MII,MII-333GP (83 MHz 2.9V FCPGA),,,,,,,,,CPU,,,,,,,,1,32,,,,250 MHz (rated 300),83MHz,,,3,,,,,,none,NA,256 bytes primary code cache,,64KiB,,,,,,NA,NA,NA,NA,4GiB,,,,,,,Staggered Flip-Chip CPGA-296,,,Socket 7,,,,,,,,,,,2.8-3.0V,2.9V,,,,2.9V,3.3V,0.157W (Suspend mode) ,14W,23.3W,,0-70C,"Suspend mode, Stop clock mode, System Management mode ",,,,,,x86-32,MMX,,,x86,,,,,Integrated,,,,,,,15-June-98,$180,,,,,,,,,,http://www.cpu-world.com/CPUs/MII/Cyrix-MII-333GP%20%2883%20MHz%202.9V%20FCPGA%29.html,,,,,,,
Cyrix,MII,MII-333GP (83 MHz 2.9V),,,,,,,,,CPU,,,,,,,,1,32,,,,250 MHz (rated 300),83MHz,,,3,,,,,,none,NA,256 bytes primary code cache,,64KiB,,,,,,NA,NA,NA,NA,4GiB,,,,,,,Staggered CPGA-296,,,Socket 7,,,,,,,,,,,2.8-3.0V,2.9V,,,,2.9V,3.3V,0.157W (Suspend mode) ,14W,23.3W,,0-70C,"Suspend mode, Stop clock mode, System Management mode ",,,,,,x86-32,MMX,,,x86,,,,,Integrated,,,,,,,15-June-98,$180,,,,,,,,,,http://www.cpu-world.com/CPUs/MII/Cyrix-MII-333GP%20%2883%20MHz%202.9V%29.html,,,,,,,
Cyrix,MII,MII-350GP (83 MHz 2.9V),,,,,,,,,CPU,,,,,,,,1,32,,,,250 MHz (rated 350),83MHz,,,3,,,,,,none,NA,256 bytes primary code cache,,64KiB,,,,,,NA,NA,NA,NA,4GiB,,,,,,,Staggered CPGA-296,,,Socket 7,,,,,,,,,,,2.8-3.0V,2.9V,,,,2.9V,3.3V,,,,,0-70C,"Suspend mode, Stop clock mode, System Management mode ",,,,,,x86-32,MMX,,,x86,,,,,Integrated,,,,,,,,,,,,,,,,,,http://www.cpu-world.com/CPUs/MII/Cyrix-MII-350GP%20%2883%20MHz%202.9V%29.html,,,,,,,
Cyrix,MII,MII-350GP (90 MHz 2.9V),,,,,,,,,CPU,,,,,,,,1,32,,,,270 MHz (rated 350),90MHz,,,3,,,,,,none,NA,256 bytes primary code cache,,64KiB,,,,,,NA,NA,NA,NA,4GiB,,,,,,,Staggered CPGA-296,,,Socket 7,,,,,,,,,,,2.8-3.0V,2.9V,,,,2.9V,3.3V,,,,,0-70C,"Suspend mode, Stop clock mode, System Management mode ",,,,,,x86-32,MMX,,,x86,,,,,Integrated,,,,,,,,,,,,,,,,,,http://www.cpu-world.com/CPUs/MII/Cyrix-MII-350GP%20%2890%20MHz%202.9V%29.html,,,,,,,
Cyrix,MII,MII-366GP (100 MHz 2.9V),,,,,,,,,CPU,,,,,,,,1,32,,,,250 MHz (rated 366),100MHz,,,2.5,,,,,,none,NA,256 bytes primary code cache,,64KiB,,,,,,NA,NA,NA,NA,4GiB,,,,,,,Staggered CPGA-296,,,Socket 7,,,,,,,,,,,2.8-3.0V,2.9V,,,,2.9V,3.3V,,,,,0-70C,"Suspend mode, Stop clock mode, System Management mode ",,,,,,x86-32,MMX,,,x86,,,,,Integrated,,,,,,,,,,,,,,,,,,http://www.cpu-world.com/CPUs/MII/Cyrix-MII-366GP%20%28100%20MHz%202.9V%29.html,,,,,,,
Cyrix,MII,MII-400GP (95 MHz 2.2V),,,,,,,,,CPU,,,,,,,,1,32,,,,285 MHz (rated 400),95MHz,,,3,,,,,,none,NA,256 bytes primary code cache,,64KiB,,,,,,NA,NA,NA,NA,4GiB,,,,,,,Staggered CPGA-296,,,Socket 7,,,,,,,,,,,,,,,,2.2V,3.3V,,,,,0-70C,"Suspend mode, Stop clock mode, System Management mode ",,,,,,x86-32,MMX,,,x86,,,,,Integrated,,,,,,,,,,,,,,,,,,http://www.cpu-world.com/CPUs/MII/Cyrix-MII-400GP%20%2895%20MHz%202.2V%29.html,,,,,,,
Cyrix,MXi,MXi-133MHz,,,,,,,,,CPU,,,MXi,Cyrix,,,,1,32,128,,,133MHz,66MHz,,>2GiB/s,2,,,,,,,,,,,,,,,,,,,,,,,,,,,Staggered CPGA-360,,,,9M,0.25um,5,,CMOS,90mm^2 (expected),,,,,,,,,,2.5V,,,,,,,,,,,,,,x86-32,MMX,,x86,,,,,Integrated,"SDRAM Controller, AGP controller, 2D GPU, 3D graphics accelerator",,,,,,"Planned Release: Second half of 1998, but was never released",,,,Most information on this page is based on Cyrix MXi announcement.  Only samples of this part were released.,,,,,,,http://www.cpu-world.com/CPUs/MXi/Cyrix-MXi-133MHz.html,,,,,,,
Cyrix,MXi,MXi-233MHz,,,,,,,,,CPU,,,MXi,Cyrix,,,,1,32,128,,,233MHz,66MHz,,>2GiB/s,3.5,,,,,,,,,,,,,,,,,,,,,,,,,,,Staggered CPGA-360,,,,9M,0.25um,5,,CMOS,90mm^2 (expected),,,,,,,,,,2.5V,,,,,,,,,,,,,,x86-32,MMX,,x86,,,,,Integrated,"SDRAM Controller, AGP controller, 2D GPU, 3D graphics accelerator",,,,,,"Planned Release: Second half of 1998, but was never released",,,,Most information on this page is based on Cyrix MXi announcement.  Only samples of this part were released.,,,,,,,,,,,,,,
Cyrix,486DLC,Cx486DLC-25GP ,,,,,,,,,CPU,,,,,,,,1,32,,,,25MHz,25MHz,,,1,,,,,,,,,,,,,,,,,,,,,,,,,,,CPGA-132,,,Socket-1/2/3,,,,,,,,,,,,,,,,,,,,,,,,,,,,,X86-32,,,,x86,,,,,,,,,,,,,,,,,,,,,,,http://www.oldcpu.cz/CPU/Cyrix/486-DLC,http://en.wikipedia.org/wiki/Cyrix_Cx486DLC,,,,,,
Cyrix,486DLC,Cx486DLC-33GP ,,,,,,,,,CPU,,,,,,,,1,32,,,,33MHz,33MHz,,,1,,,,,,,,,,,,,,,,,,,,,,,,,,,CPGA-132,,,Socket-1/2/3,,,,,,,,,,,,,,,,,,,,,,,,,,,,,X86-32,,,,x86,,,,,,,,,,,,,,,,,,,,,,,http://www.cpu-world.com/CPUs/80386/Cyrix-Cx486DLC-33GP.html,http://www.oldcpu.cz/CPU/Cyrix/486-DLC,http://en.wikipedia.org/wiki/Cyrix_Cx486DLC,,,,,
Cyrix,486DLC,Cx486DLC-40GP ,,,,,,,,,CPU,,,,,,,,1,32,,,,40MHz,40MHz,,,1,,,,,,,,,,,,,,,,,,,,,,,,,,,CPGA-132,,,Socket-1/2/3,,,,,,,,,,,,,,,,,,,,,,,,,,,,,X86-32,,,,x86,,,,,,,,,,,,,,,,,,,,,,,http://www.cpu-world.com/CPUs/80386/Cyrix-Cx486DLC-40GP.html,http://www.oldcpu.cz/CPU/Cyrix/486-DLC,http://en.wikipedia.org/wiki/Cyrix_Cx486DLC,,,,,
Cyrix,,Cx486DRu2-20/40GP,,,,,,,,,,,,,,,,,,,,,,,,,,,,,,,,,,,,,,,,,,,,,,,,,,,,,CPGA-132,,,Socket-1/2/3,,,,,,,,,,,,,,,,,,,,,,,,,,,,,X86-32,,,,x86,,,,,,,,,,,,,,,,,,,,,,,http://www.cpu-world.com/CPUs/80386/Cyrix-Cx486DRu2-20-40GP.html,,,,,,,
Cyrix,,Cx486DRx2-20/40GP,,,,,,,,,CPU,,,,,,,,1,32,,,,40MHz,20MHz,,,2,,,,,,,,,,,,,,,,,,,,,,,,,,,CPGA-132,,,Socket-1/2/3,,,,,,,,,,,,,,,,,,,,,,,,,,,,,X86-32,,,,x86,,,,,,,,,,,,,,,,,,,,,,,http://www.cpu-world.com/CPUs/80386/Cyrix-Cx486DRx2-20-40GP.html,http://www.oldcpu.cz/CPU/Cyrix/486-DRX2,,,,,,
Cyrix,,Cx486DRx2-25/50GP,,,,,,,,,CPU,,,,,,,,1,32,,,,50MHz,25MHz,,,2,,,,,,,,,,,,,,,,,,,,,,,,,,,CPGA-132,,,Socket-1/2/3,,,,,,,,,,,,,,,,,,,,,,,,,,,,,X86-32,,,,x86,,,,,,,,,,,,,,,,,,,,,,,http://www.cpu-world.com/CPUs/80386/Cyrix-Cx486DRx2-25-50GP.html,http://www.oldcpu.cz/CPU/Cyrix/486-DRX2,,,,,,
Cyrix,,Cx486DRx2-33/66GP ,,,,,,,,,CPU,,,,,,,,1,32,,,,,,,,,,,,,,,,,,,,,,,,,,,,,,,,,,,CPGA-132,,,Socket-1/2/3,,,,,,,,,,,,,,,,,,,,,,,,,,,,,X86-32,,,,x86,,,,,,,,,,,,,,,,,,,,,,,,,,,,,,
Cyrix,,Cx486DX-33GP ,,,,,,,,,CPU,,,,,,,,1,32,,,,33MHz,33MHz,,,1,,,,,,,,,,,,,,,,,,,,,,,,,,,CPGA-168,,,Socket-1/2/3,,,,,,,,,,,,,,,,,,,,,,,,,,,,,X86-32,,,,x86,,,,,,,,,,,,,,,,,,,,,,,http://www.oldcpu.cz/CPU/Cyrix/486-DX-DX2-DX4,,,,,,,
Cyrix,486,Cx486DX-40,,,,,,,,,CPU,,,,,,,,1,32,,,,40MHz,40MHz,,,1,,,,,,,,,,,,,,,,,,,,,,,,,,,CPGA-168,,,Socket-1/2/3,,,,,,,,,,,,,,,,,,,,,,,,,,,,,X86-32,,,,x86,,,,,,,,,,,,,,,,,,,,,,,http://www.oldcpu.cz/CPU/Cyrix/486-DX-DX2-DX4,,,,,,,
Cyrix,486,Cx486DX-40GP ,,,,,,,,,CPU,,,,,,,,1,32,,,,40MHz,40MHz,,,1,,,,,,,,,,,,,,,,,,,,,,,,,,,CPGA-168,,,Socket-1/2/3,,,,,,,,,,,,,,,,,,,,,,,,,,,,,X86-32,,,,x86,,,,,,,,,,,,,,,,,,,,,,,http://www.oldcpu.cz/CPU/Cyrix/486-DX-DX2-DX4,,,,,,,
Cyrix,486,Cx486DX-V33QP ,,,,,,,,,CPU,,,,,,,,1,32,,,,33MHz,,,,,,,,,,,,,,,,,,,,,,,,,,,,,,,CPGA-168,,,Socket-1/2/3,,,,,,,,,,,,,,,,,,,,,,,,,,,,,X86-32,,,,x86,,,,,,,,,,,,,,,,,,,,,,,,,,,,,,
Cyrix,486,Cx486DX2-50,,,,,,,,,CPU,,,,,,,,1,32,,,,50MHz,25MHz,,,2,,,,,,,,,,,,,,,,,,,,,,,,,,,CPGA-168,,,Socket-1/2/3,,,,,,,,,,,,,,,,,,,,,,,,,,,,,X86-32,,,,x86,,,,,,,,,,,,,,,,,,,,,,,http://www.oldcpu.cz/CPU/Cyrix/486-DX-DX2-DX4,,,,,,,
Cyrix,486,Cx486DX2-50GP ,,,,,,,,,CPU,,,,,,,,1,32,,,,50MHz,25MHz,,,2,,,,,,,,,,,,,,,,,,,,,,,,,,,CPGA-168,,,Socket-1/2/3,,,,,,,,,,,,,,,,,,,,,,,,,,,,,X86-32,,,,x86,,,,,,,,,,,,,,,,,,,,,,,http://www.oldcpu.cz/CPU/Cyrix/486-DX-DX2-DX4,,,,,,,
Cyrix,486,Cx486DX2-66,,,,,,,,,CPU,,,,,,,,1,32,,,,66MHz,33MHz,,,2,,,,,,,,,,,,,,,,,,,,,,,,,,,CPGA-168,,,Socket-1/2/3,,,,,,,,,,,,,,,,,,,,,,,,,,,,,X86-32,,,,x86,,,,,,,,,,,,,,,,,,,,,,,http://www.oldcpu.cz/CPU/Cyrix/486-DX-DX2-DX4,,,,,,,
Cyrix,486,Cx486DX2-66GP ,,,,,,,,,CPU,,,,,,,,1,32,,,,66MHz,33MHz,,,2,,,,,,,,,,,,,,,,,,,,,,,,,,,CPGA-168,,,Socket-1/2/3,,,,,,,,,,,,,,,,,,,,,,,,,,,,,X86-32,,,,x86,,,,,,,,,,,,,,,,,,,,,,,,,,,,,,
Cyrix,486,Cx486DX2-80,,,,,,,,,CPU,,,,,,,,1,32,,,,80MHz,40MHz,,,2,,,,,,,,,,,,,,,,,,,,,,,,,,,CPGA-168,,,Socket-1/2/3,,,,,,,,,,,,,,,,,,,,,,,,,,,,,X86-32,,,,x86,,,,,,,,,,,,,,,,,,,,,,,http://www.oldcpu.cz/CPU/Cyrix/486-DX-DX2-DX4,,,,,,,
Cyrix,486,Cx486DX2-V66GP ,,,,,,,,,CPU,,,,,,,,1,32,,,,66MHz,33MHz,,,2,,,,,,,,,,,,,,,,,,,,,,,,,,,CPGA-168,,,Socket-1/2/3,,,,,,,,,,,,3.3V,,,,,,,,,,,,,,,,,X86-32,,,,x86,,,,,,,,,,,,,,,,,,,,,,,http://www.oldcpu.cz/CPU/Cyrix/486-DX-DX2-DX4,,,,,,,
Cyrix,486,Cx486DX2-V66QP ,,,,,,,,,CPU,,,,,,,,1,32,,,,66MHz,33MHz,,,2,,,,,,,,,,,,,,,,,,,,,,,,,,,PQFP-208,,,NA,,,,,,,,,,,,3.3V,,,,,,,,,,,,,,,,,X86-32,,,,x86,,,,,,,,,,,,,,,,,,,,,,,,,,,,,,
Cyrix,486,Cx486DX2-V80GP ,,,,,,,,,CPU,,,,,,,,1,32,,,,80MHz,40MHz,,,2,,,,,,,,,,,,,,,,,,,,,,,,,,,CPGA-168,,,Socket-1/2/3,,,,,,,,,,,,3.3V,,,,,,,,,,,,,,,,,X86-32,,,,x86,,,,,,,,,,,,,,,,,,,,,,,http://www.oldcpu.cz/CPU/Cyrix/486-DX-DX2-DX4,,,,,,,
Cyrix,486,Cx486DX4-100GP ,,,,,,,,,CPU,,,,,,,,1,32,,,,100MHz,33MHz,,,3,,,,,,,,,,,,,,,,,,,,,,,,,,,CPGA-168,,,Socket-1/2/3,,,,,,,,,,,,,,,,,,,,,,,,,,,,,X86-32,,,,x86,,,,,,,,,,,,,,,,,,,,,,,http://www.oldcpu.cz/CPU/Cyrix/486-DX-DX2-DX4,,,,,,,
Cyrix,486,Cx486DX4-100GP4 ,,,,,,,,,CPU,,,,,,,,1,32,,,,100MHz,33MHz,,,3,,,,,,,,,,,,,,,,,,,,,,,,,,,CPGA-168,,,Socket-1/2/3,,,,,,,,,,,,,,,,,,,,,,,,,,,,,X86-32,,,,x86,,,,,,,,,,,,,,,,,,,,,,,http://www.cpu-collection.de/?l0=co&l1=Cyrix&l2=Cx486%20DX#Cx486DX4-100GP4,,,,,,,
Cyrix,,Cx486S-33GP ,,,,,,,,,CPU,,,,,,,,1,32,,,,,,,,,,,,,,,,,,,,,,,,,,,,,,,,,,,CPGA-168,,,Socket-1/2/3,,,,,,,,,,,,,,,,,,,,,,,,,,,,,X86-32,,,,x86,,,,,,,,,,,,,,,,,,,,,,,http://www.cpu-world.com/CPUs/80486/Cyrix-Cx486S-33-GP.html,,,,,,,
Cyrix,,Cx486S-40,,,,,,,,,CPU,,,,,,,,1,32,,,,40MHz,40MHz,,,1,,,,,,,,,,,,,,,,,,,,,,,,,,,CPGA-168,,,Socket-1/2/3,,,,,,,,,,,,,,,,,,,,,,,,,,,,,X86-32,,,,x86,,,,,,,,,,,,,,,,,,,,,,,http://www.oldcpu.cz/CPU/Cyrix/486-S,,,,,,,
Cyrix,,Cx486S-40GP ,,,,,,,,,CPU,,,,,,,,1,32,,,,40MHz,40MHz,,,1,,,,,,,,,,,,,,,,,,,,,,,,,,,CPGA-168,,,Socket-1/2/3,,,,,,,,,,,,,,,,,,,,,,,,,,,,,X86-32,,,,x86,,,,,,,,,,,,,,,,,,,,,,,http://www.oldcpu.cz/CPU/Cyrix/486-S,,,,,,,
Cyrix,486SLC,Cx486SLC-25MP ,,,,,,,,,CPU,,,,,,,,1,32,,,,25MHz,25MHz,,,1,,,,,,,,,,,,,,,,,,,,,,,,,,,PQFP-100,,,NA,,,,,,,,,,,,,,,,,,,,,,,,,,,,,X86-32,,,,x86,,,,,,,,,,,,,,,,,,,,,,,http://www.oldcpu.cz/CPU/Cyrix/486-SLC,http://en.wikipedia.org/wiki/Cyrix_Cx486SLC,,,,,,
Cyrix,486SLC,Cx486SLC/e-33MP ,,,,,,,,,CPU,,,,,,,,1,32,,,,33MHz,,,,,,,,,,,,,,,,,,,,,,,,,,,,,,,PQFP-100,,,NA,,,,,,,,,,,,,,,,,,,,,,,,,,,,,X86-32,,,,x86,,,,,,,,,,,,,,,,,,,,,,,http://en.wikipedia.org/wiki/Cyrix_Cx486SLC,,,,,,,
Cyrix,486SLC,Cx486SLC/e-V25MP,,,,,,,,,CPU,,,,,,,,1,32,,,,,,,,,,,,,,,,,,,,,,,,,,,,,,,,,,,PQFP-100,,,NA,,,,,,,,,,,,,,,,,,,,,,,,,,,,,X86-32,,,,x86,,,,,,,,,,,,,,,,,,,,,,,http://www.cpu-world.com/CPUs/80386/Cyrix-Cx486SLC-e-V25MP.html,http://en.wikipedia.org/wiki/Cyrix_Cx486SLC,,,,,,
Cyrix,486SLC,Cx486SLC/e-V25MP ,,,,,,,,,CPU,,,,,,,,1,32,,,,25MHz,,,,,,,,,,,,,,,,,,,,,,,,,,,,,,,PQFP-100,,,NA,,,,,,,,,,,,,,,,,,,,,,,,,,,,,X86-32,,,,x86,,,,,,,,,,,,,,,,,,,,,,,http://www.cpu-world.com/CPUs/80386/Cyrix-Cx486SLC-e-V25MP.html,http://en.wikipedia.org/wiki/Cyrix_Cx486SLC,,,,,,
Cyrix,486SLC,Cx486SLC2-50MP ,,,,,,,,,CPU,,,,,,,,1,32,,,,50MHz,25MHz,,,2,,,,,,,,,,,,,,,,,,,,,,,,,,,PQFP-100,,,NA,,,,,,,,,,,,,,,,,,,,,,,,,,,,,X86-32,,,,x86,,,,,,,,,,,,,,,,,,,,,,,http://www.oldcpu.cz/CPU/Cyrix/486-SLC,http://en.wikipedia.org/wiki/Cyrix_Cx486SLC,,,,,,
Cyrix,,Cx486SRx2-25/50MP,,,,,,,,,CPU,,,,,,,,1,32,,,,50MHz,25MHz,,,2,,,,,,,,,,,,,,,,,,,,,,,,,,,PQFP-100,,,NA,,,,,,,,,,,,,,,,,,,,,,,,,,,,,X86-32,,,,x86,,,,,,,,,,,,,,,,,,,,,,,http://www.cpu-world.com/CPUs/80386/Cyrix-Cx486SRx2-25-50MP.html,,,,,,,
