Manufacturer,Family,Part #,Alternative Label 1,Alternative Label 2,Alternative Label 3,Alternative Label 4,Chip Type
AMD,186,A80186,,,,,CPU
AMD,186,A80186-10,,,,,CPU
AMD,186,A80186B,,,,,CPU
AMD,186,AM186EMLV-20KC,,,,,CPU
AMD,186,C80186-1,,,,,CPU
AMD,186,C80186-1B,,,,,CPU
AMD,186,C80186-3,,,,,CPU
AMD,186,C80186-3B,,,,,CPU
AMD,186,C80186-6,,,,,CPU
AMD,186,C80186-6B,,,,,CPU
AMD,186,CG80186-3,,,,,CPU
AMD,186,CG80186-3B,,,,,CPU
AMD,186,CG80186-6,,,,,CPU
AMD,186,CG80186-6B,,,,,CPU
AMD,186,IA80186B,,,,,CPU
AMD,186,IC80186-3,,,,,CPU
AMD,186,IC80186-3B,,,,,CPU
AMD,186,IC80186-6,,,,,CPU
AMD,186,IC80186-6B,,,,,CPU
AMD,186,IG80186-3,,,,,CPU
AMD,186,IG80186-3B,,,,,CPU
AMD,186,IG80186-6,,,,,CPU
AMD,186,IG80186-6B,,,,,CPU
AMD,186,IN80C186,,,,,CPU
AMD,186,IN80C186-12,,,,,CPU
AMD,186,IN80C186-16,,,,,CPU
AMD,186,IN80C186-20,,,,,CPU
AMD,186,IR80186B,,,,,CPU
AMD,186,J80186-1,,,,,CPU
AMD,186,J80186-1B,,,,,CPU
AMD,186,J80186-3,,,,,CPU
AMD,186,J80186-3B,,,,,CPU
AMD,186,J80186-6,,,,,CPU
AMD,186,J80186-6B,,,,,CPU
AMD,186,MG80186-6,,,,,CPU
AMD,186,MR80186-6,,,,,CPU
AMD,186,N80186,,,,,CPU
AMD,186,N80186-10,,,,,CPU
AMD,186,N80C186,,,,,CPU
AMD,186,N80C186-12,,,,,CPU
AMD,186,N80C186-16,,,,,CPU
AMD,186,N80C186-20,,,,,CPU
AMD,186,N80C186-25,,,,,CPU
AMD,186,R80186,,,,,CPU
AMD,186,R80186-10,,,,,CPU
AMD,186,R80186-3-B4,,,,,CPU
AMD,186,R80186B,,,,,CPU
AMD,186,S80C186,,,,,CPU
AMD,186,S80C186-12,,,,,CPU
AMD,186,S80C186-16,,,,,CPU
AMD,186,S80C186-20,,,,,CPU
AMD,186,S80C186-25,,,,,CPU
AMD,186,SB80C186,,,,,CPU
AMD,186,SB80C186-12,,,,,CPU
AMD,186,SB80C186-16,,,,,CPU
AMD,186,SB80C186-20,,,,,CPU
AMD,186,SB80C186-25,,,,,CPU
AMD,188,A80188,,,,,CPU
AMD,188,A80188-10,,,,,CPU
AMD,188,A80188B,,,,,CPU
AMD,188,Am188ES-20KC,,,,,CPU
AMD,188,IA80188B,,,,,CPU
AMD,188,IN80C188,,,,,CPU
AMD,188,IN80C188-12,,,,,CPU
AMD,188,IN80C188-16,,,,,CPU
AMD,188,IN80C188-20,,,,,CPU
AMD,188,IR80188B,,,,,CPU
AMD,188,MA80188B,,,,,CPU
AMD,188,N80188,,,,,CPU
AMD,188,N80188-10,,,,,CPU
AMD,188,N80C188,,,,,CPU
AMD,188,N80C188-12,,,,,CPU
AMD,188,N80C188-16,,,,,CPU
AMD,188,N80C188-20,,,,,CPU
AMD,188,N80C188-25,,,,,CPU
AMD,188,R80188,,,,,CPU
AMD,188,R80188-10,,,,,CPU
AMD,188,R80188B,,,,,CPU
AMD,188,S80C188,,,,,CPU
AMD,188,S80C188-12,,,,,CPU
AMD,188,S80C188-16,,,,,CPU
AMD,188,S80C188-20,,,,,CPU
AMD,188,S80C188-25,,,,,CPU
AMD,188,SB80C188,,,,,CPU
AMD,188,SB80C188-12,,,,,CPU
AMD,188,SB80C188-16,,,,,CPU
AMD,188,SB80C188-20,,,,,CPU
AMD,188,SB80C188-25,,,,,CPU
AMD,286,A80286-10,,,,,CPU
AMD,286,A80286-12/S,,,,,CPU
AMD,286,A80286-8/C2H,,,,,CPU
AMD,286,Am286ZX sample,,,,,CPU
AMD,286,C80286-6/C2,,,,,CPU
AMD,286,C80286-8/C2,,,,,CPU
AMD,286,CG80286-8,,,,,CPU
AMD,286,N80286-10/C2H,,,,,CPU
AMD,286,N80286-8/C2H,,,,,CPU
AMD,286,N80L286 sample,,,,,CPU
AMD,286,N80L286-10/C2H,N80L286-10/S,,,,CPU
AMD,286,N80L286-12/S,,,,,CPU
AMD,286,N80L286-16/S,,,,,CPU
AMD,286,N80L286-8/C2H,,,,,CPU
AMD,286,NG286LX-12,,,,,CPU
AMD,286,NG286LX-16,,,,,CPU
AMD,286,NG286ZX-12,,,,,CPU
AMD,286,NG286ZX-16,,,,,CPU
AMD,286,R80286-10/C2H,R80286-10/S,,,,CPU
AMD,286,R80286-12/C2H,R80286-12/S,,,,CPU
AMD,286,R80286-16/S,,,,,CPU
AMD,286,R80286-6/C2,,,,,CPU
AMD,286,R80286-8/C2,R80286-8/S,,,,CPU
AMD,386,A80386DX-33,,,,,CPU
AMD,386,A80386DXL-20,,,,,CPU
AMD,386,A80386DXL-25,,,,,CPU
AMD,386,A80386DXL-33,,,,,CPU
AMD,386,A80386DXL-40,,,,,CPU
AMD,386,NG80386DX-40,,,,,CPU
AMD,386,NG80386SX/SXL-33,,,,,CPU
AMD,386,NG80386SXL-25,NG80386SX-25,,,,CPU
AMD,486,A80486DX-40,,,,,CPU
AMD,486,A80486DX2-50,,,,,CPU
AMD,486,A80486DX2-66,,,,,CPU
AMD,486,A80486DX2-66N,,,,,CPU
AMD,486,A80486DX2-66NV8T,,,,,CPU
AMD,486,A80486DX2-66SV8B,,,,,CPU
AMD,486,A80486DX2-80,,,,,CPU
AMD,486,A80486DX2-80NV8T,,,,,CPU
AMD,486,A80486DX2-80SV8B,,,,,CPU
AMD,486,A80486DX2-80V8T,,,,,CPU
AMD,486,A80486DX4-100NV8T,,,,,CPU
AMD,486,A80486DX4-100SV8B,,,,,CPU
AMD,486,A80486DX4-100V8T,,,,,CPU
AMD,486,A80486DX4-120NV8T,,,,,CPU
AMD,486,A80486DX4-120SV8B,,,,,CPU
AMD,486,A80486DX4-75SV8B,,,,,CPU
AMD,486,A80486DX4-90NV8T,,,,,CPU
AMD,486,A80486DXL2-66,,,,,CPU
AMD,486,A80486DXL2-80/3V,,,,,CPU
AMD,486,A80486DXLV-33,,,,,CPU
AMD,486,A80486SX2-50N,,,,,CPU
AMD,486,A80486SX2-66,,,,,CPU
AMD,486,Am486DE2-66V8TGC,,,,,CPU
AMD,486,Am486DE2-66V8THC,,,,,CPU
AMD,486,Am486DX2-66V16BGC,,,,,CPU
AMD,486,Am486DX2-66V16BGI,,,,,CPU
AMD,486,Am486DX2-66V16BHC,,,,,CPU
AMD,486,Am486DX2-66V16BHI,,,,,CPU
AMD,486,Am486DX4-100V16BGC,,,,,CPU
AMD,486,Am486DX4-100V16BGI,,,,,CPU
AMD,486,Am486DX4-100V16BHC,,,,,CPU
AMD,486,Am486DX4-100V16BHI,,,,,CPU
AMD,486,Am486DX5-133V16BGC,,,,,CPU
AMD,486,Am486DX5-133V16BHC,,,,,CPU
AMD,486,Am486DX5-133W16BGC,,,,,CPU
AMD,486,Am486DX5-133W16BHC,,,,,CPU
AMD,486,Am5x86-P75,,,,,CPU
AMD,486,AMD-X5-133ADW,Am5x86-P75,,,,CPU
AMD,486,AMD-X5-133ADY,,,,,CPU
AMD,486,AMD-X5-133ADZ,,,,,CPU
AMD,486,S80486DX4-100SV8B,,,,,CPU
AMD,486,S80486DX4-75SV8B,,,,,CPU
AMD,2900,1820-2378,AM2910DC,,,,BSP
AMD,2900,AM2901ADC,,,,,BSP
AMD,2900,AM2901ADC-B,,,,,BSP
AMD,2900,AM2901ADM,,,,,BSP
AMD,2900,AM2901ADM-B,,,,,BSP
AMD,2900,AM2901AFM,,,,,BSP
AMD,2900,AM2901AFM-B,,,,,BSP
AMD,2900,AM2901APC,,,,,BSP
AMD,2900,AM2901APC-B,,,,,BSP
AMD,2900,AM2901AXC,,,,,BSP
AMD,2900,AM2901AXM,,,,,BSP
AMD,2900,AM2901BDC,,,,,BSP
AMD,2900,AM2901BDCB,,,,,BSP
AMD,2900,AM2901BDM,,,,,BSP
AMD,2900,AM2901BDMB,,,,,BSP
AMD,2900,AM2901BFM,,,,,BSP
AMD,2900,AM2901BFMB,,,,,BSP
AMD,2900,AM2901BPC,,,,,BSP
AMD,2900,AM2901BPC-B,,,,,BSP
AMD,2900,AM2901BXC,,,,,BSP
AMD,2900,AM2901BXM,,,,,BSP
AMD,2900,AM2901C/BQA,,,,,BSP
AMD,2900,AM2901CDC,,,,,BSP
AMD,2900,AM2901CDCB,,,,,BSP
AMD,2900,AM2901CDMB,,,,,BSP
AMD,2900,AM2901CFMB,,,,,BSP
AMD,2900,AM2901CLC,,,,,BSP
AMD,2900,AM2901CLMB,,,,,BSP
AMD,2900,AM2901CPC,,,,,BSP
AMD,2900,AM2901CXC,,,,,BSP
AMD,2900,AM2901CXM,,,,,BSP
AMD,2900,AM2901DC,,,,,BSP
AMD,2900,AM2901DC-B,,,,,BSP
AMD,2900,AM2901PC,,,,,BSP
AMD,2900,AM2903ADC,,,,,BSP
AMD,2900,AM2903ADCB,,,,,BSP
AMD,2900,AM2903ADMB,,,,,BSP
AMD,2900,AM2903AFMB,,,,,BSP
AMD,2900,AM2903ALC,,,,,BSP
AMD,2900,AM2903ALMB,,,,,BSP
AMD,2900,AM2903AXC,,,,,BSP
AMD,2900,AM2903AXM,,,,,BSP
AMD,2900,AM2903DC,,,,,BSP
AMD,2900,AM2903DMB,,,,,BSP
AMD,2900,AM2910ADC,,,,,BSP
AMD,2900,AM2910ADCB,,,,,BSP
AMD,2900,AM2910ADMB,,,,,BSP
AMD,2900,AM2910AFMB,,,,,BSP
AMD,2900,AM2910ALC,,,,,BSP
AMD,2900,AM2910ALMB,,,,,BSP
AMD,2900,AM2910APC,,,,,BSP
AMD,2900,AM2910AXC,,,,,BSP
AMD,2900,AM2910AXM,,,,,BSP
AMD,2900,AM29203DC,,,,,BSP
AMD,2900,AM29203DCB,,,,,BSP
AMD,2900,AM29203DMB,,,,,BSP
AMD,2900,AM29203FMB,,,,,BSP
AMD,2900,AM29203LC,,,,,BSP
AMD,2900,AM29203LMB,,,,,BSP
AMD,2900,AM29203XC,,,,,BSP
AMD,2900,AM29203XM,,,,,BSP
AMD,2900,QM2901A-2D1,AM2901CDC,,,,BSP
AMD,8080,1820-1701,,,,,CPU
AMD,8080,AM9080A-1CC,D8080A-1,,,,CPU
AMD,8080,AM9080A-1DC,,,,,CPU
AMD,8080,AM9080A-1DCB,,,,,CPU
AMD,8080,AM9080A-1DI,,,,,CPU
AMD,8080,AM9080A-1PC,,,,,CPU
AMD,8080,AM9080A-1PCB,,,,,CPU
AMD,8080,AM9080A-2CC,,,,,CPU
AMD,8080,AM9080A-2DC,,,,,CPU
AMD,8080,AM9080A-2DCB,,,,,CPU
AMD,8080,AM9080A-2DI,,,,,CPU
AMD,8080,AM9080A-2DIB,,,,,CPU
AMD,8080,AM9080A-2DM,,,,,CPU
AMD,8080,AM9080A-2DMB,,,,,CPU
AMD,8080,AM9080A-2PC,,,,,CPU
AMD,8080,AM9080A-2PCB,,,,,CPU
AMD,8080,AM9080A-4CC,,,,,CPU
AMD,8080,AM9080A-4DC,,,,,CPU
AMD,8080,AM9080ACC,,,,,CPU
AMD,8080,AM9080ACCB,D8080AB,,,,CPU
AMD,8080,AM9080ADC,,,,,CPU
AMD,8080,AM9080ADCB,,,,,CPU
AMD,8080,AM9080ADI,,,,,CPU
AMD,8080,AM9080ADIB,,,,,CPU
AMD,8080,AM9080ADM-B,,,,,CPU
AMD,8080,AM9080APC,P8080A,,,,CPU
AMD,8080,AM9080APCB,P8080AB,,,,CPU
AMD,8080,C8080,,,,,CPU
AMD,8080,C8080A,,,,,CPU
AMD,8080,D8080A,,,,,CPU
AMD,8080,D8080A-1,,,,,CPU
AMD,8080,D8080A-1B,,,,,CPU
AMD,8080,D8080A-2,,,,,CPU
AMD,8080,D8080A-2B,,,,,CPU
AMD,8080,D8080AB,,,,,CPU
AMD,8080,ID8080A,,,,,CPU
AMD,8080,ID8080A-1,,,,,CPU
AMD,8080,ID8080A-1B,,,,,CPU
AMD,8080,ID8080A-2,,,,,CPU
AMD,8080,ID8080A-2B,,,,,CPU
AMD,8080,ID8080AB,,,,,CPU
AMD,8080,MD8080A-2B,,,,,CPU
AMD,8080,MD8080AB,,,,,CPU
AMD,8080,P8080A,,,,,CPU
AMD,8080,P8080A-1,,,,,CPU
AMD,8080,P8080A-1B,,,,,CPU
AMD,8080,P8080A-2,,,,,CPU
AMD,8080,P8080A-2B,,,,,CPU
AMD,8080,P8080AB,,,,,CPU
AMD,8085,AM8085A-2CC,C8085A-2,,,,CPU
AMD,8085,AM8085A-2DC,C8085A-2,,,,CPU
AMD,8085,AM8085A-2PC,P8085A-2,,,,CPU
AMD,8085,AM8085ACC,,,,,CPU
AMD,8085,AM8085ADC,,,,,CPU
AMD,8085,AM8085APC,,,,,CPU
AMD,8085,AM8085APCB,,,,,CPU
AMD,8085,AM9085ADM,M8085A,,,,CPU
AMD,8085,C8085A-2,,,,,CPU
AMD,8085,D8085A,,,,,CPU
AMD,8085,D8085A-2,,,,,CPU
AMD,8085,D8085A-2B,AM8085A-2DCB,,,,CPU
AMD,8085,D8085AB,,,,,CPU
AMD,8085,D8085AH,,,,,CPU
AMD,8085,P8085A,,,,,CPU
AMD,8085,P8085A-2,,,,,CPU
AMD,8085,P8085A-2B,,,,,CPU
AMD,8085,P8085AH,,,,,CPU
AMD,8085,P8085AH-2,,,,,CPU
AMD,8085,QM8085A2WI,D8085A-2,,,,CPU
AMD,8085,QM8085AWI,D8085AH,,,,CPU
AMD,8086,D8086,,,,,CPU
AMD,8086,D8086-1,,,,,CPU
AMD,8086,D8086-1B,,,,,CPU
AMD,8086,D8086-2,,,,,CPU
AMD,8086,D8086-2B,,,,,CPU
AMD,8086,D8086B,,,,,CPU
AMD,8086,ID8086,,,,,CPU
AMD,8086,ID8086-2,,,,,CPU
AMD,8086,ID8086-2B,,,,,CPU
AMD,8086,ID8086B,,,,,CPU
AMD,8086,MD8086B,,,,,CPU
AMD,8086,N8086,,,,,CPU
AMD,8086,N8086-1,,,,,CPU
AMD,8086,N8086-2,,,,,CPU
AMD,8086,P8086,,,,,CPU
AMD,8086,P8086-1,,,,,CPU
AMD,8086,P8086-1B,,,,,CPU
AMD,8086,P8086-2,,,,,CPU
AMD,8086,P8086-2B,,,,,CPU
AMD,8086,P8086B,,,,,CPU
AMD,2900,AM2911DC,,,,,BSP
AMD,AM29000,AM29000-16/BZC,,,,,CPU
AMD,AM29000,AM29000-16GC,,,,,CPU
AMD,AM29000,AM29000-16GCB,,,,,CPU
AMD,AM29000,AM29000-16KC,,,,,CPU
AMD,AM29000,AM29000-16KC/W,,,,,CPU
AMD,AM29000,AM29000-20/BYC,,,,,CPU
AMD,AM29000,AM29000-20/BZC,,,,,CPU
AMD,AM29000,AM29000-20GC,,,,,CPU
AMD,AM29000,AM29000-20GCB,,,,,CPU
AMD,AM29000,AM29000-20KC,,,,,CPU
AMD,AM29000,AM29000-20KC/W,,,,,CPU
AMD,AM29000,AM29000-25GC,,,,,CPU
AMD,AM29000,AM29000-25GCB,,,,,CPU
AMD,AM29000,AM29000-33GC,,,,,CPU
AMD,AM29000,AM29000-33GCB,,,,,CPU
AMD,AM29000,AM29005-16KC,,,,,
AMD,AM29000,AM29005-16KC/W,,,,,
AMD,AM29000,AM29030-20FC/W,,,,,
AMD,AM29000,AM29030-25FC/W,,,,,
AMD,AM29000,AM29030-25GC,,,,,
AMD,AM29000,AM29030-33GC,,,,,
AMD,AM29000,AM29035-16FC/W,,,,,
AMD,AM29000,AM29040-33GC,,,,,
AMD,AM29000,AM29040-33KC/W,,,,,
AMD,AM29000,AM29040-40GC,,,,,
AMD,AM29000,AM29040-40KC/W,,,,,
AMD,AM29000,AM29040-50GC,,,,,
AMD,AM29000,AM29040-50KC/W,,,,,
AMD,AM29000,AM29045-50KC,,,,,
AMD,AM29000,AM29050-20GC,,,,,
AMD,AM29000,AM29050-20GI,,,,,
AMD,AM29000,AM29050-25GC,,,,,
AMD,AM29000,AM29050-25GI,,,,,
AMD,AM29000,AM29050-33GC,,,,,
AMD,AM29000,AM29050-33GI,,,,,
AMD,AM29000,AM29050-40GC,,,,,
AMD,AM29100,AM29111-16KC/W,,,,,
AMD,AM29100,AM29111-1GC,,,,,
AMD,AM29100,AM29112DC,,,,,
AMD,AM29100,AM29116ADC,,,,,
AMD,AM29100,AM29116DC,,,,,
AMD,AM29100,AM29116DCB,,,,,
AMD,AM29100,AM29116DMB,,,,,
AMD,AM29100,AM29116LC,,,,,
AMD,AM29100,AM29116LMB,,,,,
AMD,AM29100,AM29116XC,,,,,
AMD,AM29100,AM29116XM,,,,,
AMD,AM29100,AM29117GC/55,,,,,
AMD,AM29100,AM29117GCB/55,,,,,
AMD,AM29100,AM29117LC/55,,,,,
AMD,AM29100,AM29117LCB,,,,,
AMD,AM29100,AM29117XC/55,,,,,
AMD,AM29100,AM29117XCB,,,,,
AMD,AM29100,AM29C116-1DC,,,,,
AMD,AM29100,AM29C116-2JC,,,,,
AMD,AM29100,AM29C116DC,,,,,
AMD,AM29100,AM29L116ADC,,,,,
AMD,AM29100,AM29L116ADCB,,,,,
AMD,AM29100,AM29L116ALC,,,,,
AMD,AM29100,AM29L116AXCB,,,,,
AMD,AM29200,AM29200-16KC,,,,,
AMD,AM29200,AM29200-16KC/W,,,,,
AMD,AM29200,AM29200-16KI,,,,,
AMD,AM29200,AM29200-16KI/W,,,,,
AMD,AM29200,AM29200-20KC,,,,,
AMD,AM29200,AM29200-20KC/W,,,,,
AMD,AM29200,AM29200-20KI,,,,,
AMD,AM29200,AM29200-20KI/W,,,,,
AMD,AM29200,AM29200-25GC,,,,,
AMD,AM29200,AM29200-25KC,,,,,
AMD,AM29200,AM29202-12KC/W,,,,,
AMD,AM29200,AM29202-16KC/W,,,,,
AMD,AM29200,AM29202-20KC/W,,,,,
AMD,AM29200,AM29205-12KC,,,,,
AMD,AM29200,AM29205-12KC/W,,,,,
AMD,AM29200,AM29205-12KI,,,,,
AMD,AM29200,AM29205-12KI/W,,,,,
AMD,AM29200,AM29205-16KC,,,,,
AMD,AM29200,AM29205-16KC/W,,,,,
AMD,AM29200,AM29205-16KH,,,,,
AMD,AM29200,AM29205-16KH/W,,,,,
AMD,AM29200,AM29205-16KI,,,,,
AMD,AM29200,AM29205-16KI/W,,,,,
AMD,AM29200,AM29205BR,,,,,
AMD,AM29200,AM29240-20KC,,,,,
AMD,AM29200,AM29240-20KC/W,,,,,
AMD,AM29200,AM29240-25KC,,,,,
AMD,AM29200,AM29240-25KC/W,,,,,
AMD,AM29200,AM29240-33KC,,,,,
AMD,AM29200,AM29240-33KC/W,,,,,
AMD,AM29200,AM29240B5 sample,,,,,
AMD,AM29200,AM29240EH-20KC/W,,,,,
AMD,AM29200,AM29240EH-25KC/W,,,,,
AMD,AM29200,AM29243-20KC,,,,,
AMD,AM29200,AM29243-20KC/W,,,,,
AMD,AM29200,AM29243-25KC,,,,,
AMD,AM29200,AM29243-25KC/W,,,,,
AMD,AM29200,AM29243-33KC,,,,,
AMD,AM29200,AM29243-33KC/W,,,,,
AMD,AM29200,AM29243EH-20KC/W,,,,,
AMD,AM29200,AM29243EH-25KC/W,,,,,
AMD,AM29200,AM29245-16KC,,,,,
AMD,AM29200,AM29245-16KC/W,,,,,
AMD,AM29200,AM29245EH-16KC/W,,,,,
AMD,AM29300,AM29331AGC,,,,,
AMD,AM29300,AM29331AGCB,,,,,
AMD,AM29300,AM29331GC,,,,,
AMD,AM29300,AM29331GCB,,,,,
AMD,AM29300,AM29332AGC,,,,,
AMD,AM29300,AM29332AGCB,,,,,
AMD,AM29300,AM29332GC,,,,,
AMD,AM29300,AM29332GCB,,,,,
AMD,AM29300,AM29C331-1GC,,,,,
AMD,AM29300,AM29C331-1GCB,,,,,
AMD,AM29300,AM29C331GC,,,,,
AMD,AM29300,AM29C331GCB,,,,,
AMD,AM29300,AM29C332-1GC,,,,,
AMD,AM29300,AM29C332-1GCB,,,,,
AMD,AM29300,AM29C332/BZC,,,,,
AMD,AM29300,AM29C332GC,,,,,
AMD,AM29300,AM29C332GCB,,,,,
AMD,Athlon MP,AHX1000AMS3C,,,,,CPU
AMD,Athlon MP,AHX1200AMS3C,,,,,CPU
AMD,Athlon MP,AHX1200ANS3B,,,,,CPU
AMD,Athlon MP,AHX1200DHS3C,,,,,CPU
AMD,Athlon MP,AMP1500DMS3C,,,,,CPU
AMD,Athlon MP,AMP1600DMS3C,,,,,CPU
AMD,Athlon MP,AMP1800DMS3C,,,,,CPU
AMD,Athlon MP,AMP1900DMS3C,,,,,CPU
AMD,Athlon MP,AMP2000DMS3C,,,,,CPU
AMD,Athlon MP,AMP2100DMS3C,,,,,CPU
AMD,Athlon MP,AMSN2000DUT3C,,,,,CPU
AMD,Athlon MP,AMSN2200DKT3C,,,,,CPU
AMD,Athlon MP,AMSN2400DKT3C,,,,,CPU
AMD,Athlon MP,AMSN2400DUT3C,,,,,CPU
AMD,Athlon MP,AMSN2600DKT3C,,,,,CPU
AMD,Athlon MP,AMSN2600DUT4C,,,,,CPU
AMD,Athlon MP,AMSN2800DUT4C,,,,,CPU
AMD,Duron,D600AST1B,,,,,CPU
AMD,Duron,D600AUT1B,,,,,CPU
AMD,Duron,D650AST1B,,,,,CPU
AMD,Duron,D650AUT1B,,,,,CPU
AMD,Duron,D700AST1B,,,,,CPU
AMD,Duron,D700AUT1B,,,,,CPU
AMD,Duron,D700AVS1B,,,,,CPU
AMD,Duron,D750AST1B,,,,,CPU
AMD,Duron,D750AUT1B,,,,,CPU
AMD,Duron,D800AUT1B,,,,,CPU
AMD,Duron,D800AVS1B,,,,,CPU
AMD,Duron,D850AUT1B,,,,,CPU
AMD,Duron,D900AUT1B,,,,,CPU
AMD,Duron,D950AUT1B,,,,,CPU
AMD,Duron,DHD1000AMT1B,,,,,CPU
AMD,Duron,DHD1100AMT1B,,,,,CPU
AMD,Duron,DHD1200AMT1B,,,,,CPU
AMD,Duron,DHD1300AMT1B,,,,,CPU
AMD,Duron,DHD1400AMT1B,,,,,CPU
AMD,Duron,DHD1400DLV1C,,,,,CPU
AMD,Duron,DHD1600DLV1C,,,,,CPU
AMD,Duron,DHD1800DLV1C,,,,,CPU
AMD,Duron,DHD900AMT1B,,,,,CPU
AMD,Duron,DHD950AMT1B,,,,,CPU
AMD,Duron,DHG0800AVS1B,,,,,CPU
AMD,Duron,DHL1000AKT1B,,,,,CPU
AMD,Duron,DHM0800ALS1B,,,,,CPU
AMD,Duron,DHM0850ALS1B,,,,,CPU
AMD,Duron,DHM0850AVS1BM,,,,,CPU
AMD,Duron,DHM0900AQS1B,,,,,CPU
AMD,Duron,DHM0950AQS1B,,,,,CPU
AMD,Duron,DHM1000AKQ1B,,,,,CPU
AMD,Duron,DHM1000AVS1B,,,,,CPU
AMD,Duron,DHM1100AHQ1B,,,,,CPU
AMD,Duron,DHM1200AQQ1B,,,,,CPU
AMD,Duron,DHM1300ALQ1B,,,,,CPU
AMD,Duron,DM650AVS1B,,,,,CPU
AMD,Geode NX,ANXA2001FKC3D,,,,,CPU
AMD,Geode NX,ANXL1250FYC3F,,,,,CPU
AMD,Geode NX,ANXL1250FYC3M,,,,,CPU
AMD,Geode NX,ANXL1250FYC3S,,,,,CPU
AMD,Geode NX,ANXL1500FGC3F,,,,,CPU
AMD,Geode NX,ANXL1500FGC3M,,,,,CPU
AMD,Geode NX,ANXL1500FGC3S,,,,,CPU
AMD,Geode NX,ANXL1500FGC3S,,,,,CPU
AMD,Geode NX,ANXS1750FXC3F,,,,,CPU
AMD,Geode NX,ANXS1750FXC3M,,,,,CPU
AMD,Geode NX,ANXS1750FXC3S,,,,,CPU
AMD,K10 Athlon II,AD160UEAK13GM,,,,,CPU
AMD,K10 Athlon II,AD160UEAK13GQ,,,,,CPU
AMD,K10 Athlon II,AD170UEAK13GM,,,,,CPU
AMD,K10 Athlon II X2,AD210EHDK22GI,AD210EHDGIBOX,,,,CPU
AMD,K10 Athlon II X2,AD221XOJZ22GX,AD221XOJGXBOX,,,,CPU
AMD,K10 Athlon II X2,AD235EHDK23GQ,AD235EHDGQBOX,,,,CPU
AMD,K10 Athlon II X2,AD240EHDK23GM,AD240EHDGMBOX,,,,CPU
AMD,K10 Athlon II X2,AD240EHDK23GQ,AD240EHDGQBOX,,,,CPU
AMD,K10 Athlon II X2,AD245EHDK23GM,AD245EHDGMBOX,,,,CPU
AMD,K10 Athlon II X2,AD250EHDK23GM,AD250EHDGMBOX,,,,CPU
AMD,K10 Athlon II X2,AD250USCK23GQ,,,,,CPU
AMD,K10 Athlon II X2,AD260USCK23GM,,,,,CPU
AMD,K10 Athlon II X2,AD260USCK23GQ,,,,,CPU
AMD,K10 Athlon II X2,AD270USCK23GM,,,,,CPU
AMD,K10 Athlon II X2,ADX215OCK22GM,ADX215OCGMBOX,,,,CPU
AMD,K10 Athlon II X2,ADX215OCK22GQ,,,,,CPU
AMD,K10 Athlon II X2,ADX220OCK22GM,ADX220OCGMBOX,,,,CPU
AMD,K10 Athlon II X2,ADX240OCK23GM,ADX240OCGMBOX,,,,CPU
AMD,K10 Athlon II X2,ADX240OCK23GQ,ADX240OCGQBOX,,,,CPU
AMD,K10 Athlon II X2,ADX245OCK23GM,ADX245OCGMBOX,,,,CPU
AMD,K10 Athlon II X2,ADX245OCK23GQ,ADX245OCGQBOX,,,,CPU
AMD,K10 Athlon II X2,ADX250OCK23GM,ADX250OCGMBOX,,,,CPU
AMD,K10 Athlon II X2,ADX250OCK23GQ,ADX250OCGQBOX,,,,CPU
AMD,K10 Athlon II X2,ADX255OCK23GM,ADX255OCGMBOX,,,,CPU
AMD,K10 Athlon II X2,ADX255OCK23GQ,ADX255OCGQBOX,,,,CPU
AMD,K10 Athlon II X2,ADX260OCK23GM,ADX260OCGMBOX,,,,CPU
AMD,K10 Athlon II X2,ADX265OCK23GM,ADX265OCGMBOX,,,,CPU
AMD,K10 Athlon II X2,ADX270OCK23GM,ADX270OCGMBOX,,,,CPU
AMD,K10 Athlon II X2,ADXB22OCK23GM,,,,,CPU
AMD,K10 Athlon II X2,ADXB22OCK23GQ,,,,,CPU
AMD,K10 Athlon II X2,ADXB24OCK23GM,,,,,CPU
AMD,K10 Athlon II X2,ADXB24OCK23GQ,,,,,CPU
AMD,K10 Athlon II X2,ADXB26OCK23GM,,,,,CPU
AMD,K10 Athlon II X2,ADXB28OCK23GM,,,,,CPU
AMD,K10 Athlon II X2,ADXB30OCK23GM,,,,,CPU
AMD,K10 Athlon II X3,AD400EHDK32GI,AD400EHDGIBOX,,,,CPU
AMD,K10 Athlon II X3,AD405EHDK32GI,AD405EHDGIBOX,,,,CPU
AMD,K10 Athlon II X3,AD405EHDK32GM,AD405EHDGMBOX,,,,CPU
AMD,K10 Athlon II X3,AD415EHDK32GM,AD415EHDGMBOX,,,,CPU
AMD,K10 Athlon II X3,AD420EHDK32GM,AD420EHDGMBOX,,,,CPU
AMD,K10 Athlon II X3,AD425EHDK32GM,AD425EHDGMBOX,,,,CPU
AMD,K10 Athlon II X3,ADX425WFK32GI,ADX425WFGIBOX,,,,CPU
AMD,K10 Athlon II X3,ADX435WFK32GI,ADX435WFGIBOX,,,,CPU
AMD,K10 Athlon II X3,ADX435WFK32GM,ADX435WFGMBOX,,,,CPU
AMD,K10 Athlon II X3,ADX440WFK32GI,ADX440WFGIBOX,,,,CPU
AMD,K10 Athlon II X3,ADX440WFK32GM,ADX440WFGMBOX,,,,CPU
AMD,K10 Athlon II X3,ADX445WFK32GM,ADX445WFGMBOX,,,,CPU
AMD,K10 Athlon II X3,ADX450WFK32GM,ADX450WFGMBOX,,,,CPU
AMD,K10 Athlon II X3,ADX455WFK32GM,ADX455WFGMBOX,,,,CPU
AMD,K10 Athlon II X3,ADX460WFK32GM,ADX460WFGMBOX,,,,CPU
AMD,K10 Athlon II X4,AD600EHDK42GI,AD600EHDGIBOX,,,,CPU
AMD,K10 Athlon II X4,AD605EHDK42GI,AD605EHDGIBOX,,,,CPU
AMD,K10 Athlon II X4,AD605EHDK42GM,AD605EHDGMBOX,,,,CPU
AMD,K10 Athlon II X4,AD610EHDK42GM,AD610EHDGMBOX,,,,CPU
AMD,K10 Athlon II X4,AD615EHDK42GM,AD615EHDGMBOX,,,,CPU
AMD,K10 Athlon II X4,AD620EHDK42GM,AD620EHDGMBOX,,,,CPU
AMD,K10 Athlon II X4,AD631XWNZ43GX,AD631XWNGXBOX,,,,CPU
AMD,K10 Athlon II X4,AD638XOJZ43GX,AD638XOJGXBOX,,,,CPU
AMD,K10 Athlon II X4,AD641XWNZ43GX,AD641XWNGXBOX,,,,CPU
AMD,K10 Athlon II X4,AD651KWNZ43GX,AD651KWNGXBOX,,,,CPU
AMD,K10 Athlon II X4,AD651XWNZ43GX,AD651XWNGXBOX,,,,CPU
AMD,K10 Athlon II X4,ADX620WFK42GI,ADX620WFGIBOX,,,,CPU
AMD,K10 Athlon II X4,ADX630WFK42GI,ADX630WFGIBOX,,,,CPU
AMD,K10 Athlon II X4,ADX630WFK42GM,ADX630WFGMBOX,,,,CPU
AMD,K10 Athlon II X4,ADX635WFK42GI,ADX635WFGIBOX,,,,CPU
AMD,K10 Athlon II X4,ADX635WFK42GM,ADX635WFGMBOX,,,,CPU
AMD,K10 Athlon II X4,ADX640WFK42GM,ADX640WFGMBOX,,,,CPU
AMD,K10 Athlon II X4,ADX640WFK42GR,,,,,CPU
AMD,K10 Athlon II X4,ADX645WFK42GM,ADX645WFGMBOX,,,,CPU
AMD,K10 Athlon II X4,ADX650WFK42GM,ADX650WFGMBOX,,,,CPU
AMD,K10 Athlon X2,AD5000ODJ22GI,AD5000ODGIBOX,,,,CPU
AMD,K10 Athlon X2,AD5000OGJ22GI,,,,,CPU
AMD,K10 Athlon X2,AD5200OCK22GM,,,,,CPU
AMD,K10 Athlon X2,AD6500WCJ2BGH,AD6500WCGHBOX,,,,CPU
AMD,K10 Athlon X2,AD7450WCJ2BGH,,,,,CPU
AMD,K10 Athlon X2,AD7550WCJ2BGH,,,,,CPU
AMD,K10 Athlon X2,AD7750WCJ2BGH,AD7750WCGHBOX,,,,CPU
AMD,K10 Athlon X2,AD775ZWCJ2BGH,AD775ZWCGHBOX,,,,CPU
AMD,K10 Athlon X2,AD785ZWCJ2BGH,AD785ZWCGHBOX,,,,CPU
AMD,K10 Sempron,SDX130HBK12GM,,,,,CPU
AMD,K10 Sempron,SDX130HBK12GQ,,,,,CPU
AMD,K10 Sempron,SDX140HBK13GQ,SDX140HBGQBOX,,,,CPU
AMD,K10 Sempron,SDX145HBK13GM,SDX145HBGMBOX,,,,CPU
AMD,K10 Sempron,SDX150HBK13GM,SDX150HBGMBOX,,,,CPU
AMD,K10 Sempron X2,SD198XOJZ22GX,,,,,CPU
AMD,K10 Sempron X2,SDX180HDK22GM,,,,,CPU
AMD,K10 Sempron X2,SDX190HDK22GM,,,,,CPU
AMD,K5,AMD-K5-PR100ABQ,,,,,CPU
AMD,K5,AMD-K5-PR100ABR,,,,,CPU
AMD,K5,AMD-K5-PR120ABQ,,,,,CPU
AMD,K5,AMD-K5-PR120ABR,,,,,CPU
AMD,K5,AMD-K5-PR133ABQ,,,,,CPU
AMD,K5,AMD-K5-PR133ABR,,,,,CPU
AMD,K5,AMD-K5-PR150ABR,,,,,CPU
AMD,K5,AMD-K5-PR166ABQ,,,,,CPU
AMD,K5,AMD-K5-PR166ABR,,,,,CPU
AMD,K5,AMD-K5-PR166ABX,,,,,CPU
AMD,K5,AMD-K5-PR200ABX,,,,,CPU
AMD,K5,AMD-K5-PR75ABR,,,,,CPU
AMD,K5,AMD-K5-PR90ABQ,,,,,CPU
AMD,K5,AMD-SSA/5-75ABR,,,,,CPU
AMD,K5,AMD-SSA/5-90ABQ,,,,,CPU
AMD,K6,AMD-K6-166ALR,,,,,CPU
AMD,K6,AMD-K6-166ALYD,,,,,CPU
AMD,K6,AMD-K6-200ALR,,,,,CPU
AMD,K6,AMD-K6-200ALYD,,,,,CPU
AMD,K6,AMD-K6-233ANR,,,,,CPU
AMD,K6,AMD-K6/233ACZ,,,,,CPU
AMD,K6,AMD-K6/233ADZ,,,,,CPU
AMD,K6,AMD-K6/233APR,,,,,CPU
AMD,K6,AMD-K6/233BCZ,,,,,CPU
AMD,K6,AMD-K6/266ACZ,,,,,CPU
AMD,K6,AMD-K6/266ADZ,,,,,CPU
AMD,K6,AMD-K6/266AFR,,,,,CPU
AMD,K6,AMD-K6/266BCZ,,,,,CPU
AMD,K6,AMD-K6/300ADZ,,,,,CPU
AMD,K6,AMD-K6/300AFR,,,,,CPU
AMD,K6,AMD-K6/300BDZ,,,,,CPU
AMD,K6,AMD-K6/PR2-166ALR,,,,,CPU
AMD,K6,AMD-K6/PR2-200ALR,,,,,CPU
AMD,K6-2,AMD-K6 3D/233AFR,,,,,CPU
AMD,K6-2,AMD-K6 3D/250AFR,,,,,CPU
AMD,K6-2,AMD-K6 3D/300AFR,,,,,CPU
AMD,K6-2,AMD-K6-2/200AFR,,,,,CPU
AMD,K6-2,AMD-K6-2/233AFR,,,,,CPU
AMD,K6-2,AMD-K6-2/266AFR,,,,,CPU
AMD,K6-2,AMD-K6-2/266ANZ,,,,,CPU
AMD,K6-2,AMD-K6-2/266BNZ,,,,,CPU
AMD,K6-2,AMD-K6-2/300AFR,,,,,CPU
AMD,K6-2,AMD-K6-2/300AFR-66,,,,,CPU
AMD,K6-2,AMD-K6-2/300ANZ,,,,,CPU
AMD,K6-2,AMD-K6-2/300ANZ-66,,,,,CPU
AMD,K6-2,AMD-K6-2/300BNZ,,,,,CPU
AMD,K6-2,AMD-K6-2/333AFR,,,,,CPU
AMD,K6-2,AMD-K6-2/333AFR-66,,,,,CPU
AMD,K6-2,AMD-K6-2/333ANZ,,,,,CPU
AMD,K6-2,AMD-K6-2/333ANZ-66,,,,,CPU
AMD,K6-2,AMD-K6-2/333BNZ,,,,,CPU
AMD,K6-2,AMD-K6-2/350AFK,,,,,CPU
AMD,K6-2,AMD-K6-2/350AFQ,,,,,CPU
AMD,K6-2,AMD-K6-2/350AFR,,,,,CPU
AMD,K6-2,AMD-K6-2/366AFK,,,,,CPU
AMD,K6-2,AMD-K6-2/366AFR,,,,,CPU
AMD,K6-2,AMD-K6-2/380AFK,,,,,CPU
AMD,K6-2,AMD-K6-2/380AFR,,,,,CPU
AMD,K6-2,AMD-K6-2/400ACK,,,,,CPU
AMD,K6-2,AMD-K6-2/400AFK,,,,,CPU
AMD,K6-2,AMD-K6-2/400AFQ,,,,,CPU
AMD,K6-2,AMD-K6-2/400AFR,,,,,CPU
AMD,K6-2,AMD-K6-2/400AHX,,,,,CPU
AMD,K6-2,AMD-K6-2/433ADK,,,,,CPU
AMD,K6-2,AMD-K6-2/450ADK,,,,,CPU
AMD,K6-2,AMD-K6-2/450AFX,,,,,CPU
AMD,K6-2,AMD-K6-2/450AGX,,,,,CPU
AMD,K6-2,AMD-K6-2/450AHX,,,,,CPU
AMD,K6-2,AMD-K6-2/475ACK,,,,,CPU
AMD,K6-2,AMD-K6-2/475AFX,,,,,CPU
AMD,K6-2,AMD-K6-2/475AHX,,,,,CPU
AMD,K6-2,AMD-K6-2/500ADK,,,,,CPU
AMD,K6-2,AMD-K6-2/500AFX,,,,,CPU
AMD,K6-2,AMD-K6-2/500AHX,,,,,CPU
AMD,K6-2,AMD-K6-2/533AFX,,,,,CPU
AMD,K6-2,AMD-K6-2/550AFX,,,,,CPU
AMD,K6-2,AMD-K6-2/550AGR,,,,,CPU
AMD,K6-2,AMD-K6-2+/350AUZ,,,,,CPU
AMD,K6-2,AMD-K6-2+/350IUZ,,,,,CPU
AMD,K6-2,AMD-K6-2+/400ACR,,,,,CPU
AMD,K6-2,AMD-K6-2+/400ATZ,,,,,CPU
AMD,K6-2,AMD-K6-2+/400ICR,,,,,CPU
AMD,K6-2,AMD-K6-2+/400ITZ,,,,,CPU
AMD,K6-2,AMD-K6-2+/450ACR,,,,,CPU
AMD,K6-2,AMD-K6-2+/450ACZ,,,,,CPU
AMD,K6-2,AMD-K6-2+/450ACZM,,,,,CPU
AMD,K6-2,AMD-K6-2+/450ADZM,,,,,CPU
AMD,K6-2,AMD-K6-2+/450APZ,,,,,CPU
AMD,K6-2,AMD-K6-2+/450ICR,,,,,CPU
AMD,K6-2,AMD-K6-2+/475ACZ,,,,,CPU
AMD,K6-2,AMD-K6-2+/475ACZM,,,,,CPU
AMD,K6-2,AMD-K6-2+/500ACR,,,,,CPU
AMD,K6-2,AMD-K6-2+/500ACZ,,,,,CPU
AMD,K6-2,AMD-K6-2+/500ACZM,,,,,CPU
AMD,K6-2,AMD-K6-2+/533ACZ,,,,,CPU
AMD,K6-2,AMD-K6-2+/533ACZM,,,,,CPU
AMD,K6-2,AMD-K6-2+/550ACZ,,,,,CPU
AMD,K6-2,AMD-K6-2+/570ACZ,,,,,CPU
AMD,K6-2,AMD-K6-2E/233AFR,AMD-K6-2/233AFR,,,,CPU
AMD,K6-2,AMD-K6-2E/233AMZ,AMD-K6-2/233AMZ,,,,CPU
AMD,K6-2,AMD-K6-2E/266AFR,AMD-K6-2/266AFR,,,,CPU
AMD,K6-2,AMD-K6-2E/266AMZ,AMD-K6-2/266AMZ,,,,CPU
AMD,K6-2,AMD-K6-2E/300AFR,AMD-K6-2/300AFR,,,,CPU
AMD,K6-2,AMD-K6-2E/300AMZ,AMD-K6-2/300AMZ,,,,CPU
AMD,K6-2,AMD-K6-2E/333AFR,AMD-K6-2/333AFR,,,,CPU
AMD,K6-2,AMD-K6-2E/333AMZ,AMD-K6-2/333AMZ,,,,CPU
AMD,K6-2,AMD-K6-2E/350AFR,AMD-K6-2/350AFR,,,,CPU
AMD,K6-2,AMD-K6-2E/350AMZ,AMD-K6-2/350AMZ,,,,CPU
AMD,K6-2,AMD-K6-2E/400AFR,AMD-K6-2/400AFR,,,,CPU
AMD,K6-III,AMD-K6-III/333AFK,,,,,CPU
AMD,K6-III,AMD-K6-III/333AFR,,,,,CPU
AMD,K6-III,AMD-K6-III/350AFK,,,,,CPU
AMD,K6-III,AMD-K6-III/366AFK,,,,,CPU
AMD,K6-III,AMD-K6-III/380AFK,,,,,CPU
AMD,K6-III,AMD-K6-III/400ACK,,,,,CPU
AMD,K6-III,AMD-K6-III/400AFR,,,,,CPU
AMD,K6-III,AMD-K6-III/400AHX,,,,,CPU
AMD,K6-III,AMD-K6-III/433ACK,,,,,CPU
AMD,K6-III,AMD-K6-III/450ACK,,,,,CPU
AMD,K6-III,AMD-K6-III/450AFX,,,,,CPU
AMD,K6-III,AMD-K6-III/450AHX,,,,,CPU
AMD,K6-III,AMD-K6-III+/450ACZ,,,,,CPU
AMD,K6-III,AMD-K6-III+/475ACZ,,,,,CPU
AMD,K6-III,AMD-K6-III+/500ACZ,,,,,CPU
AMD,K6-III,K6-III+/400ACR,,,,,CPU
AMD,K6-III,K6-III+/400ATZ,,,,,CPU
AMD,K6-III,K6-III+/400ICR,,,,,CPU
AMD,K6-III,K6-III+/400ITZ,,,,,CPU
AMD,K6-III,K6-III+/450ACR,,,,,CPU
AMD,K6-III,K6-III+/450APZ,,,,,CPU
AMD,K6-III,K6-III+/450ICR,,,,,CPU
AMD,K6-III,K6-III+/500ACR,,,,,CPU
AMD,K6-III,K6-III+/500ANZ,,,,,CPU
AMD,K6-III,K6-III+/550ACR,,,,,CPU
AMD,K7 Athlon,AMD-A0650MPR24B A,,,,,CPU
AMD,K7 Athlon,AMD-A0700MPR24B A,,,,,CPU
AMD,K7 Athlon,AMD-A0750MPR24B A,,,,,CPU
AMD,K7 Athlon,AMD-A0800MPR24B A,,,,,CPU
AMD,K7 Athlon,AMD-A0850MPR24B A,,,,,CPU
AMD,K7 Athlon,AMD-A0900MMR24B A,,,,,CPU
AMD,K7 Athlon,AMD-A0950MMR24B A,,,,,CPU
AMD,K7 Athlon,AMD-A1000MMR24B A,,,,,CPU
AMD,K7 Athlon,AMD-K7100MNR53B A,,,,,CPU
AMD,K7 Athlon,AMD-K7500MTR51B C,,,,,CPU
AMD,K7 Athlon,AMD-K7550MTR51B A,,,,,CPU
AMD,K7 Athlon,AMD-K7550MTR51B C,,,,,CPU
AMD,K7 Athlon,AMD-K7550MTR51B R,,,,,CPU
AMD,K7 Athlon,AMD-K7600MTR51B A,,,,,CPU
AMD,K7 Athlon,AMD-K7600MTR51B C,,,,,CPU
AMD,K7 Athlon,AMD-K7650MTR51B A,,,,,CPU
AMD,K7 Athlon,AMD-K7650MTR51B C,,,,,CPU
AMD,K7 Athlon,AMD-K7650MTR51B R,,,,,CPU
AMD,K7 Athlon,AMD-K7700MTR51B A,,,,,CPU
AMD,K7 Athlon,AMD-K7700MTR51B C,,,,,CPU
AMD,K7 Athlon,AMD-K7750MTR52B A,,,,,CPU
AMD,K7 Athlon,AMD-K7800MPR52B A,,,,,CPU
AMD,K7 Athlon,AMD-K7850MPR52B A,,,,,CPU
AMD,K7 Athlon,AMD-K7900MNR53B A,,,,,CPU
AMD,K7 Athlon,AMD-K7950MNR53B A,,,,,CPU
AMD,K7 Athlon 4,AHM0850AVS3B,,,,,CPU
AMD,K7 Athlon 4,AHM0900AVS3B,,,,,CPU
AMD,K7 Athlon 4,AHM0950AVS3B,,,,,CPU
AMD,K7 Athlon 4,AHM1000AUQ3B,,,,,CPU
AMD,K7 Athlon 4,AHM1000AVS3B,,,,,CPU
AMD,K7 Athlon 4,AHM1100AUQ3B,,,,,CPU
AMD,K7 Athlon 4,AHM1100AVS3B,,,,,CPU
AMD,K7 Athlon 4,AHM1200AHQ3B,,,,,CPU
AMD,K7 Athlon 4,AHM1200AJS3B,,,,,CPU
AMD,K7 Athlon 4,AHM1200AQQ3B,,,,,CPU
AMD,K7 Athlon 4,AHM1500ALQ3B,,,,,CPU
AMD,K7 Athlon 4,AHM1600AQQ3B,,,,,CPU
AMD,K7 Athlon Thunderbird,A0600AMT3B,,,,,CPU
AMD,K7 Athlon Thunderbird,A0650AMT3B,,,,,CPU
AMD,K7 Athlon Thunderbird,A0650APT3B,,,,,CPU
AMD,K7 Athlon Thunderbird,A0700AMT3B,,,,,CPU
AMD,K7 Athlon Thunderbird,A0700APT3B,,,,,CPU
AMD,K7 Athlon Thunderbird,A0750AMT3B,,,,,CPU
AMD,K7 Athlon Thunderbird,A0750APT3B,,,,,CPU
AMD,K7 Athlon Thunderbird,A0800AMT3B,,,,,CPU
AMD,K7 Athlon Thunderbird,A0800APT3B,,,,,CPU
AMD,K7 Athlon Thunderbird,A0850AMT3B,,,,,CPU
AMD,K7 Athlon Thunderbird,A0850APT3B,,,,,CPU
AMD,K7 Athlon Thunderbird,A0900AMT3B,,,,,CPU
AMD,K7 Athlon Thunderbird,A0900APT3B,,,,,CPU
AMD,K7 Athlon Thunderbird,A0900DMT3B,,,,,CPU
AMD,K7 Athlon Thunderbird,A0950AMT3B,,,,,CPU
AMD,K7 Athlon Thunderbird,A0950APT3B,,,,,CPU
AMD,K7 Athlon Thunderbird,A0950DMT3B,,,,,CPU
AMD,K7 Athlon Thunderbird,A1000AMS3B,,,,,CPU
AMD,K7 Athlon Thunderbird,A1000AMS3C,,,,,CPU
AMD,K7 Athlon Thunderbird,A1000AMT3B,,,,,CPU
AMD,K7 Athlon Thunderbird,A1000AMT3C,,,,,CPU
AMD,K7 Athlon Thunderbird,A1000APT3B,,,,,CPU
AMD,K7 Athlon Thunderbird,A1000DMT3B,,,,,CPU
AMD,K7 Athlon Thunderbird,A1000DMT3C,,,,,CPU
AMD,K7 Athlon Thunderbird,A1100AMS3B,,,,,CPU
AMD,K7 Athlon Thunderbird,A1100AMT3B,,,,,CPU
AMD,K7 Athlon Thunderbird,A1133AMS3C,,,,,CPU
AMD,K7 Athlon Thunderbird,A1200AMS3B,,,,,CPU
AMD,K7 Athlon Thunderbird,A1200AMS3C,,,,,CPU
AMD,K7 Athlon Thunderbird,A1266AMS3C,,,,,CPU
AMD,K7 Athlon Thunderbird,A1300AMS3B,,,,,CPU
AMD,K7 Athlon Thunderbird,A1300APS3B,,,,,CPU
AMD,K7 Athlon Thunderbird,A1333AMS3C,,,,,CPU
AMD,K7 Athlon Thunderbird,A1400AMS3B,,,,,CPU
AMD,K7 Athlon Thunderbird,A1400AMS3C,,,,,CPU
AMD,K7 Athlon XP,AHL1000AUT3B,,,,,CPU
AMD,K7 Athlon XP,AHL1100AUT3B,,,,,CPU
AMD,K7 Athlon XP,AHL1200AHT3B,,,,,CPU
AMD,K7 Athlon XP,AHL1200DHT3B,,,,,CPU
AMD,K7 Athlon XP,AX1500DMT3C,,,,,CPU
AMD,K7 Athlon XP,AX1600DMT3C,,,,,CPU
AMD,K7 Athlon XP,AX1700DMT3C,,,,,CPU
AMD,K7 Athlon XP,AX1800DMT3C,,,,,CPU
AMD,K7 Athlon XP,AX1900DMT3C,,,,,CPU
AMD,K7 Athlon XP,AX2000DMT3C,,,,,CPU
AMD,K7 Athlon XP,AX2100DMT3C,,,,,CPU
AMD,K7 Athlon XP,AXDA1600DUT3C,,,,,CPU
AMD,K7 Athlon XP,AXDA1700DLT3C,,,,,CPU
AMD,K7 Athlon XP,AXDA1700DUT3C,,,,,CPU
AMD,K7 Athlon XP,AXDA1800DLT3C,,,,,CPU
AMD,K7 Athlon XP,AXDA1800DUT3C,,,,,CPU
AMD,K7 Athlon XP,AXDA1900DLT3C,,,,,CPU
AMD,K7 Athlon XP,AXDA2000DKT3C,,,,,CPU
AMD,K7 Athlon XP,AXDA2000DKV3C,,,,,CPU
AMD,K7 Athlon XP,AXDA2000DUT3C,,,,,CPU
AMD,K7 Athlon XP,AXDA2100DUT3C,,,,,CPU
AMD,K7 Athlon XP,AXDA2200DKV3C,,,,,CPU
AMD,K7 Athlon XP,AXDA2200DUV3C,,,,,CPU
AMD,K7 Athlon XP,AXDA2400DKV3C,,,,,CPU
AMD,K7 Athlon XP,AXDA2400DUV3C,,,,,CPU
AMD,K7 Athlon XP,AXDA2500DKV4C,,,,,CPU
AMD,K7 Athlon XP,AXDA2500DKV4D,,,,,CPU
AMD,K7 Athlon XP,AXDA2600DKV3C,,,,,CPU
AMD,K7 Athlon XP,AXDA2600DKV3D,,,,,CPU
AMD,K7 Athlon XP,AXDA2600DKV4D,,,,,CPU
AMD,K7 Athlon XP,AXDA2600DLV4D,,,,,CPU
AMD,K7 Athlon XP,AXDA2700DKV3D,,,,,CPU
AMD,K7 Athlon XP,AXDA2700DKV4D,,,,,CPU
AMD,K7 Athlon XP,AXDA2800DKV3D,,,,,CPU
AMD,K7 Athlon XP,AXDA2800DKV4C,,,,,CPU
AMD,K7 Athlon XP,AXDA2800DKV4D,,,,,CPU
AMD,K7 Athlon XP,AXDA2900DKV4E,,,,,CPU
AMD,K7 Athlon XP,AXDA3000DKV4D,,,,,CPU
AMD,K7 Athlon XP,AXDA3000DKV4E,,,,,CPU
AMD,K7 Athlon XP,AXDA3200DKV4D,,,,,CPU
AMD,K7 Athlon XP,AXDA3200DKV4E,,,,,CPU
AMD,K7 Athlon XP,AXDC2000DLT3C,,,,,CPU
AMD,K7 Athlon XP,AXDC2000DUT3C,,,,,CPU
AMD,K7 Athlon XP,AXDC2200DUV3C,,,,,CPU
AMD,K7 Athlon XP,AXDC2400DKV3C,,,,,CPU
AMD,K7 Athlon XP,AXDC2600DKV3C,,,,,CPU
AMD,K7 Athlon XP,AXDC3100DKV3E,,,,,CPU
AMD,K7 Athlon XP,AXDL2200DUV3C,,,,,CPU
AMD,K7 Athlon XP,AXDL2400DUV3C,,,,,CPU
AMD,K7 Athlon XP,AXDL2500DLV4D,,,,,CPU
AMD,K7 Athlon XP,AXDL2600DLV4D,,,,,CPU
AMD,K7 Athlon XP,AXDL2800DKV4D,,,,,CPU
AMD,K7 Athlon XP,AXDL2800DLV4D,,,,,CPU
AMD,K7 Athlon XP,AXDL3000DLV4E,,,,,CPU
AMD,K7 Athlon XP,AXL1500DLT3B,,,,,CPU
AMD,K7 Athlon XP,AXL1600DQT3B,,,,,CPU
AMD,K7 Athlon XP,AXLD1500DQT3C,,,,,CPU
AMD,K7 Athlon XP,AXLD1600DQT3C,,,,,CPU
AMD,K7 Athlon XP,AXLD1700DQT3C,,,,,CPU
AMD,K7 Athlon XP,AXLD1800DVT3C,,,,,CPU
AMD,K7 Athlon XP-M,AXMA2000FUT3C,,,,,CPU
AMD,K7 Athlon XP-M,AXMA2200FUT3C,,,,,CPU
AMD,K7 Athlon XP-M,AXMA2400FKT3C,,,,,CPU
AMD,K7 Athlon XP-M,AXMA2400FUT4C,,,,,CPU
AMD,K7 Athlon XP-M,AXMA2500FKT4C,,,,,CPU
AMD,K7 Athlon XP-M,AXMA2600FKT3C,,,,,CPU
AMD,K7 Athlon XP-M,AXMA2600FKT4C,,,,,CPU
AMD,K7 Athlon XP-M,AXMA2800FKT4C,,,,,CPU
AMD,K7 Athlon XP-M,AXMA3000FKT4C,,,,,CPU
AMD,K7 Athlon XP-M,AXMD1400FQQ3B,,,,,CPU
AMD,K7 Athlon XP-M,AXMD1400FQQ3C,,,,,CPU
AMD,K7 Athlon XP-M,AXMD1500FQQ3B,,,,,CPU
AMD,K7 Athlon XP-M,AXMD1500FQQ3C,,,,,CPU
AMD,K7 Athlon XP-M,AXMD1600FJQ3C,,,,,CPU
AMD,K7 Athlon XP-M,AXMD1600FQQ3B,,,,,CPU
AMD,K7 Athlon XP-M,AXMD1600FQQ3C,,,,,CPU
AMD,K7 Athlon XP-M,AXMD1700FJQ3C,,,,,CPU
AMD,K7 Athlon XP-M,AXMD1700FQQ3C,,,,,CPU
AMD,K7 Athlon XP-M,AXMD1800FJQ3C,,,,,CPU
AMD,K7 Athlon XP-M,AXMD1800FQQ3B,,,,,CPU
AMD,K7 Athlon XP-M,AXMD1800FVQ3C,,,,,CPU
AMD,K7 Athlon XP-M,AXMD1800GJQ3C,,,,,CPU
AMD,K7 Athlon XP-M,AXMD1800GJQ4C,,,,,CPU
AMD,K7 Athlon XP-M,AXMD1900FVQ3B,,,,,CPU
AMD,K7 Athlon XP-M,AXMD1900FVQ3C,,,,,CPU
AMD,K7 Athlon XP-M,AXMD1900GJQ3C,,,,,CPU
AMD,K7 Athlon XP-M,AXMD2000FJQ3C,,,,,CPU
AMD,K7 Athlon XP-M,AXMD2000GJQ3C,,,,,CPU
AMD,K7 Athlon XP-M,AXMD2000GJQ4C,,,,,CPU
AMD,K7 Athlon XP-M,AXMD2200FJQ4C,,,,,CPU
AMD,K7 Athlon XP-M,AXMD2200GJQ4C,,,,,CPU
AMD,K7 Athlon XP-M,AXMD2400FJQ4C,,,,,CPU
AMD,K7 Athlon XP-M,AXMD2400GJQ4C,,,,,CPU
AMD,K7 Athlon XP-M,AXMD2600GJQ4D,,,,,CPU
AMD,K7 Athlon XP-M,AXMF2500FVQ4C,,,,,CPU
AMD,K7 Athlon XP-M,AXMG2600FQQ4C,,,,,CPU
AMD,K7 Athlon XP-M,AXMH1400FQQ3C,,,,,CPU
AMD,K7 Athlon XP-M,AXMH1500FQQ3C,,,,,CPU
AMD,K7 Athlon XP-M,AXMH1600FHQ3C,,,,,CPU
AMD,K7 Athlon XP-M,AXMH1600FQQ3C,,,,,CPU
AMD,K7 Athlon XP-M,AXMH1700FHQ3C,,,,,CPU
AMD,K7 Athlon XP-M,AXMH1700FQQ3C,,,,,CPU
AMD,K7 Athlon XP-M,AXMH1800FHQ3C,,,,,CPU
AMD,K7 Athlon XP-M,AXMH1800FQQ3C,,,,,CPU
AMD,K7 Athlon XP-M,AXMH1900FLQ3C,,,,,CPU
AMD,K7 Athlon XP-M,AXMH1900FQQ3C,,,,,CPU
AMD,K7 Athlon XP-M,AXMH2000FLQ3C,,,,,CPU
AMD,K7 Athlon XP-M,AXMH2000FQQ3C,,,,,CPU
AMD,K7 Athlon XP-M,AXMH2200FQQ3C,,,,,CPU
AMD,K7 Athlon XP-M,AXMH2400FQQ4C,,,,,CPU
AMD,K7 Athlon XP-M,AXMH2500FQQ4C,,,,,CPU
AMD,K7 Athlon XP-M,AXMJ2800FHQ4C,,,,,CPU
AMD,K7 Athlon XP-M,AXML1200GTS3B,,,,,CPU
AMD,K7 Athlon XP-M,AXML1300GCS3B,,,,,CPU
AMD,K7 Athlon XP-M,AXML1300GYS3B,,,,,CPU
AMD,K7 Athlon XP-M,AXML1400GYS3B,,,,,CPU
AMD,K7 Athlon XP-M,AXML1400GYS3C,,,,,CPU
AMD,K7 Athlon XP-M,AXML1500GYS3B,,,,,CPU
AMD,K7 Athlon XP-M,AXML1700GYS4B,,,,,CPU
AMD,K7 Athlon XP-M,AXML1800GYS4B,,,,,CPU
AMD,K7 Athlon XP-M,AXMS1400FWS3B,,,,,CPU
AMD,K7 Athlon XP-M,AXMS1400GWS3B,,,,,CPU
AMD,K7 Athlon XP-M,AXMS1400GWS3C,,,,,CPU
AMD,K7 Athlon XP-M,AXMS1400GXS3B,,,,,CPU
AMD,K7 Athlon XP-M,AXMS1400GXS3C,,,,,CPU
AMD,K7 Athlon XP-M,AXMS1500FWS3B,,,,,CPU
AMD,K7 Athlon XP-M,AXMS1500GWS3B,,,,,CPU
AMD,K7 Athlon XP-M,AXMS1500GWS3C,,,,,CPU
AMD,K7 Athlon XP-M,AXMS1500GXS3B,,,,,CPU
AMD,K7 Athlon XP-M,AXMS1500GXS3C,,,,,CPU
AMD,K7 Athlon XP-M,AXMS1600FWS3B,,,,,CPU
AMD,K7 Athlon XP-M,AXMS1600FWS3C,,,,,CPU
AMD,K7 Athlon XP-M,AXMS1600GWS3B,,,,,CPU
AMD,K7 Athlon XP-M,AXMS1600GWS3C,,,,,CPU
AMD,K7 Athlon XP-M,AXMS1600GXS3B,,,,,CPU
AMD,K7 Athlon XP-M,AXMS1600GXS3C,,,,,CPU
AMD,K7 Athlon XP-M,AXMS1700GXS3C,,,,,CPU
AMD,K7 Athlon XP-M,AXMS1800FXS3C,,,,,CPU
AMD,K7 Athlon XP-M,AXMS1800GXS3C,,,,,CPU
AMD,K7 Athlon XP-M,AXMS1800GXS4B,,,,,CPU
AMD,K7 Athlon XP-M,AXMS1800GXS4C,,,,,CPU
AMD,K7 Athlon XP-M,AXMS1900GXS4C,,,,,CPU
AMD,K7 Athlon XP-M,AXMS2000FXS4C,,,,,CPU
AMD,K7 Athlon XP-M,AXMS2000GXS4C,,,,,CPU
AMD,K7 Athlon XP-M,AXMS2100GXS4B,,,,,CPU
AMD,K7 Athlon XP-M,AXMS2100GXS4C,,,,,CPU
AMD,K7 Athlon XP-M,AXMT2200GWS4C,,,,,CPU
AMD,K7 Sempron,SDA2200DUT3D,SDA2200BOX,,,,CPU
AMD,K7 Sempron,SDA2200DUT3D,SDA2200BOX,,,,CPU
AMD,K7 Sempron,SDA2300DUT3D,SDA2300BOX,,,,CPU
AMD,K7 Sempron,SDA2400DUT3D,SDA2400BOX,,,,CPU
AMD,K7 Sempron,SDA2400DUT3D,SDA2400BOX,,,,CPU
AMD,K7 Sempron,SDA2500DUT3D,SDA2500BOX,,,,CPU
AMD,K7 Sempron,SDA2600DUT3D,SDA2600BOX,,,,CPU
AMD,K7 Sempron,SDA2800DUT3D,SDA2800BOX,,,,CPU
AMD,K7 Sempron,SDA3000DUT4D,SDA3000BOX,,,,CPU
AMD,K7 Sempron,SDA3000DUT4D,SDA3000BOX,,,,CPU
AMD,K7 Sempron,SDA3300DKV4E,,,,,CPU
AMD,K7 Sempron,SDC2200DUT3D,SDC2200BOX,,,,CPU
AMD,K7 Sempron,SDC2400DUT3D,SDC2400BOX,,,,CPU
AMD,K7 Sempron,SDC2600DUT3D,SDC2600BOX,,,,CPU
AMD,K7 Sempron,SDC2800DUT3D,SDC2800BOX,,,,CPU
AMD,K8 Athlon 64,ADA2800AEP4AP,ADA2800BOX,,,,CPU
AMD,K8 Athlon 64,ADA2800AEP4AR,ADA2800BOX,,,,CPU
AMD,K8 Athlon 64,ADA2800AEP4AX,ADA2800AXBOX,,,,CPU
AMD,K8 Athlon 64,ADA3000AEP4AP,ADA3000BOX,,,,CPU
AMD,K8 Athlon 64,ADA3000AEP4AR,ADA3000BOX,,,,CPU
AMD,K8 Athlon 64,ADA3000AEP4AX,ADA3000AXBOX,,,,CPU
AMD,K8 Athlon 64,ADA3000AEP5AP,,,,,CPU
AMD,K8 Athlon 64,ADA3000AEP5AR,,,,,CPU
AMD,K8 Athlon 64,ADA3000AIK4BX,ADA3000BXBOX,,,,CPU
AMD,K8 Athlon 64,ADA3000AKK4BX,,,,,CPU
AMD,K8 Athlon 64,ADA3000DAA4BP,ADA3000BPBOX,,,,CPU
AMD,K8 Athlon 64,ADA3000DAA4BW,ADA3000BWBOX,,,,CPU
AMD,K8 Athlon 64,ADA3000DEP4AW,ADA3000AWBOX,,,,CPU
AMD,K8 Athlon 64,ADA3000DIK4BI,ADA3000BIBOX,,,,CPU
AMD,K8 Athlon 64,ADA3000IAA4CN,ADA3000CNBOX,,,,CPU
AMD,K8 Athlon 64,ADA3000IAA4CW,ADA3000CWBOX,,,,CPU
AMD,K8 Athlon 64,ADA3100AEP5AJ,,,,,CPU
AMD,K8 Athlon 64,ADA3100AEP5AO,,,,,CPU
AMD,K8 Athlon 64,ADA3200AEP4AX,ADA3200AXBOX,,,,CPU
AMD,K8 Athlon 64,ADA3200AEP5AP,ADA3200BOX,,,,CPU
AMD,K8 Athlon 64,ADA3200AEP5AR,ADA3200BOX,,,,CPU
AMD,K8 Athlon 64,ADA3200AIO4BX,ADA3200BXBOX,,,,CPU
AMD,K8 Athlon 64,ADA3200DAA4BP,ADA3200BPBOX,,,,CPU
AMD,K8 Athlon 64,ADA3200DAA4BW,ADA3200BWBOX,,,,CPU
AMD,K8 Athlon 64,ADA3200DEP4AW,ADA3200AWBOX,,,,CPU
AMD,K8 Athlon 64,ADA3200DIK4BI,ADA3200BIBOX,,,,CPU
AMD,K8 Athlon 64,ADA3200DKA4CG,ADA3200CGBOX,,,,CPU
AMD,K8 Athlon 64,ADA3200IAA4CN,ADA3200CNBOX,,,,CPU
AMD,K8 Athlon 64,ADA3200IAA4CW,ADA3200CWBOX,,,,CPU
AMD,K8 Athlon 64,ADA3300AEP3AR,,,,,CPU
AMD,K8 Athlon 64,ADA3300AEP3AX,,,,,CPU
AMD,K8 Athlon 64,ADA3400AEP4AR,,,,,CPU
AMD,K8 Athlon 64,ADA3400AEP4AX,ADA3400AXBOX,,,,CPU
AMD,K8 Athlon 64,ADA3400AEP5AO,,,,,CPU
AMD,K8 Athlon 64,ADA3400AEP5AP,ADA3400BOX,,,,CPU
AMD,K8 Athlon 64,ADA3400AEP5AR,ADA3400BOX,,,,CPU
AMD,K8 Athlon 64,ADA3400AIK4BO,,,,,CPU
AMD,K8 Athlon 64,ADA3400DAA4BY,,,,,CPU
AMD,K8 Athlon 64,ADA3400DAA4BZ,,,,,CPU
AMD,K8 Athlon 64,ADA3400DEP4AW,ADA3400AWBOX,,,,CPU
AMD,K8 Athlon 64,ADA3400DEP4AZ,,,,,CPU
AMD,K8 Athlon 64,ADA3500DAA4BN,ADA3500BNBOX,,,,CPU
AMD,K8 Athlon 64,ADA3500DAA4BP,ADA3500BPBOX,,,,CPU
AMD,K8 Athlon 64,ADA3500DAA4BW,ADA3500BWBOX,,,,CPU
AMD,K8 Athlon 64,ADA3500DEP4AS,ADA3500ASBOX,,,,CPU
AMD,K8 Athlon 64,ADA3500DEP4AW,ADA3500AWBOX,,,,CPU
AMD,K8 Athlon 64,ADA3500DIK4BI,ADA3500BIBOX,,,,CPU
AMD,K8 Athlon 64,ADA3500DKA4CG,ADA3500CGBOX,,,,CPU
AMD,K8 Athlon 64,ADA3500IAA4CN,ADA3500CNBOX,,,,CPU
AMD,K8 Athlon 64,ADA3500IAA4CW,ADA3500CWBOX,,,,CPU
AMD,K8 Athlon 64,ADA3500IAA4DH,ADA3500DHBOX,,,,CPU
AMD,K8 Athlon 64,ADA3700AEP5AR,ADA3700BOX,,,,CPU
AMD,K8 Athlon 64,ADA3700DAA5BN,ADA3700BNBOX,,,,CPU
AMD,K8 Athlon 64,ADA3700DEP4AW,ADA3700AWBOX,,,,CPU
AMD,K8 Athlon 64,ADA3700DKA5CF,ADA3700CFBOX,,,,CPU
AMD,K8 Athlon 64,ADA3800DAA4BP,ADA3800BPBOX,,,,CPU
AMD,K8 Athlon 64,ADA3800DAA4BW,ADA3800BWBOX,,,,CPU
AMD,K8 Athlon 64,ADA3800DEP4AS,ADA3800ASBOX,,,,CPU
AMD,K8 Athlon 64,ADA3800DEP4AW,ADA3800AWBOX,,,,CPU
AMD,K8 Athlon 64,ADA3800IAA4CN,ADA3800CNBOX,,,,CPU
AMD,K8 Athlon 64,ADA3800IAA4CW,ADA3800CWBOX,,,,CPU
AMD,K8 Athlon 64,ADA3800IAA4DH,ADA3800DHBOX,,,,CPU
AMD,K8 Athlon 64,ADA4000DAA5BN,ADA4000BNBOX,,,,CPU
AMD,K8 Athlon 64,ADA4000DEP5AS,ADA4000ASBOX,,,,CPU
AMD,K8 Athlon 64,ADA4000DKA5CF,ADA4000CFBOX,,,,CPU
AMD,K8 Athlon 64,ADA4000IAA4CW,ADA4000CWBOX,,,,CPU
AMD,K8 Athlon 64,ADA4000IAA4DH,ADA4000DHBOX,,,,CPU
AMD,K8 Athlon 64,ADAAA2800ACN5,,,,,CPU
AMD,K8 Athlon 64,ADC1500B2X4BX,,,,,CPU
AMD,K8 Athlon 64,ADC2100HAX4CM,,,,,CPU
AMD,K8 Athlon 64,ADD3000IAA4CN,,,,,CPU
AMD,K8 Athlon 64,ADD3500IAA4CN,ADD3500CNBOX,,,,CPU
AMD,K8 Athlon 64,ADF2000IAV4DR,ADF2000IAV4DRE,,,,CPU
AMD,K8 Athlon 64,ADG2600IAV4DR,ADG2600IAV4DRE,,,,CPU
AMD,K8 Athlon 64,ADG2650IAV4DP,ADG2650DPBOX,,,,CPU
AMD,K8 Athlon 64,ADH1600IAA5DH,ADH1600DHBOX,,,,CPU
AMD,K8 Athlon 64,ADH1620IAA5DH,ADH1620DHBOX,,,,CPU
AMD,K8 Athlon 64,ADH1640IAA4DP,ADH1640DPBOX,,,,CPU
AMD,K8 Athlon 64,ADH1640IAA5DH,ADH1640DHBOX,,,,CPU
AMD,K8 Athlon 64,ADH1640IAA5DP,ADH1640DPBOX,,,,CPU
AMD,K8 Athlon 64,ADH164BIAA4DP,,,,,CPU
AMD,K8 Athlon 64,ADH1660IAA4DP,ADH1660DPBOX,,,,CPU
AMD,K8 Athlon 64,ADH3200IAA4DE,ADH3200DEBOX,,,,CPU
AMD,K8 Athlon 64,ADH3500IAA4DE,ADH3500DEBOX,,,,CPU
AMD,K8 Athlon 64,ADH3800IAA4DE,ADH3800DEBOX,,,,CPU
AMD,K8 Athlon 64,ADJ2850IAA4DP,,,,,CPU
AMD,K8 Athlon 64,ADS3100IAR4DR,ADS3100IAR4DRE,,,,CPU
AMD,K8 Athlon 64,AMA2700BEY4AJ,,,,,CPU
AMD,K8 Athlon 64,AMA2700BEY4AP,,,,,CPU
AMD,K8 Athlon 64,AMA3000BEX5AP,,,,,CPU
AMD,K8 Athlon 64,AMA3000BEX5AR,,,,,CPU
AMD,K8 Athlon 64,AMA3000BEY4AJ,,,,,CPU
AMD,K8 Athlon 64,AMA3200BEX5AP,,,,,CPU
AMD,K8 Athlon 64,AMA3200BEX5AR,,,,,CPU
AMD,K8 Athlon 64,AMA3400BEX5AP,,,,,CPU
AMD,K8 Athlon 64,AMA3400BEX5AR,,,,,CPU
AMD,K8 Athlon 64,AMA3700BEX5AR,,,,,CPU
AMD,K8 Athlon 64,AMB3000BKX4LB,,,,,CPU
AMD,K8 Athlon 64,AMD2700BKX4LB,,,,,CPU
AMD,K8 Athlon 64,AMD2700BQX4AR,,,,,CPU
AMD,K8 Athlon 64,AMD2700BQX4AX,,,,,CPU
AMD,K8 Athlon 64,AMD2800BKX4LB,,,,,CPU
AMD,K8 Athlon 64,AMD2800BQX4AX,,,,,CPU
AMD,K8 Athlon 64,AMD3000BKX4LB,,,,,CPU
AMD,K8 Athlon 64,AMD3000BQX4AX,,,,,CPU
AMD,K8 Athlon 64,AMDTF38HAX3DN,,,,,CPU
AMD,K8 Athlon 64,AMGTF20HAX4DN,,,,,CPU
AMD,K8 Athlon 64,AMML110HAX4DN,,,,,CPU
AMD,K8 Athlon 64,AMN2800BIX5AP,,,,,CPU
AMD,K8 Athlon 64,AMN2800BIX5AR,,,,,CPU
AMD,K8 Athlon 64,AMN3000BIX5AP,,,,,CPU
AMD,K8 Athlon 64,AMN3000BIX5AR,,,,,CPU
AMD,K8 Athlon 64,AMN3000BKX5BU,,,,,CPU
AMD,K8 Athlon 64,AMN3200BIX5AP,,,,,CPU
AMD,K8 Athlon 64,AMN3200BIX5AR,,,,,CPU
AMD,K8 Athlon 64,AMN3200BKX5BU,,,,,CPU
AMD,K8 Athlon 64,AMN3400BIX5AR,,,,,CPU
AMD,K8 Athlon 64,AMN3400BKX5BU,,,,,CPU
AMD,K8 Athlon 64,AMN3700BKX5BU,,,,,CPU
AMD,K8 Athlon 64,AMN4000BKX5BU,,,,,CPU
AMD,K8 Athlon 64,AMQI46SAM12GG,,,,,CPU
AMD,K8 Athlon 64,AMSTF36HAX3DN,,,,,CPU
AMD,K8 Athlon 64,AMU3700BEX5AR,,,,,CPU
AMD,K8 Athlon 64 FX,ADAFX51CEP5AK,ADAFX51BOX,,,,CPU
AMD,K8 Athlon 64 FX,ADAFX51CEP5AT,ADAFX51BOX,,,,CPU
AMD,K8 Athlon 64 FX,ADAFX53CEP5AT,ADAFX53ASBOX,,,,CPU
AMD,K8 Athlon 64 FX,ADAFX53DEP5AS,ADAFX53BOX,,,,CPU
AMD,K8 Athlon 64 FX,ADAFX55DAA5BN,ADAFX55BNBOX,,,,CPU
AMD,K8 Athlon 64 FX,ADAFX55DEI5AS,ADAFX55ASBOX,,,,CPU
AMD,K8 Athlon 64 FX,ADAFX57DAA5BN,ADAFX57BNBOX,,,,CPU
AMD,K8 Athlon 64 FX,ADAFX60DAA6CD,ADAFX60CDBOX,,,,CPU
AMD,K8 Athlon 64 FX,ADAFX62IAA6CS,ADAFX62CSBOX,,,,CPU
AMD,K8 Athlon 64 FX,ADAFX70GAA6DI,ADAFX70DIBOX,,,,CPU
AMD,K8 Athlon 64 FX,ADAFX72GAA6DI,ADAFX72DIBOX,,,,CPU
AMD,K8 Athlon 64 FX,ADAFX74GAA6DI,ADAFX74DIBOX,,,,CPU
AMD,K8 Athlon 64 X2,ADA3600DAA4BV,,,,,CPU
AMD,K8 Athlon 64 X2,ADA3800DAA5BV,ADA3800BVBOX,,,,CPU
AMD,K8 Athlon 64 X2,ADA3800DAA5CD,ADA3800CDBOX,,,,CPU
AMD,K8 Athlon 64 X2,ADA3800IAA5CU,ADA3800CUBOX,,,,CPU
AMD,K8 Athlon 64 X2,ADA4000IAA6CS,ADA4000CSBOX,,,,CPU
AMD,K8 Athlon 64 X2,ADA4200DAA5BV,ADA4200BVBOX,,,,CPU
AMD,K8 Athlon 64 X2,ADA4200DAA5CD,ADA4200CDBOX,,,,CPU
AMD,K8 Athlon 64 X2,ADA4200IAA5CU,ADA4200CUBOX,,,,CPU
AMD,K8 Athlon 64 X2,ADA4400DAA5BV,ADA4400BVBOX,,,,CPU
AMD,K8 Athlon 64 X2,ADA4400DAA6CD,ADA4400CDBOX,,,,CPU
AMD,K8 Athlon 64 X2,ADA4400IAA6CS,ADA4400CSBOX,,,,CPU
AMD,K8 Athlon 64 X2,ADA4600DAA5BV,ADA4600BVBOX,,,,CPU
AMD,K8 Athlon 64 X2,ADA4600DAA5CD,ADA4600CDBOX,,,,CPU
AMD,K8 Athlon 64 X2,ADA4600IAA5CU,ADA4600CUBOX,,,,CPU
AMD,K8 Athlon 64 X2,ADA4800DAA6CD,ADA4800CDBOX,,,,CPU
AMD,K8 Athlon 64 X2,ADA4800IAA6CS,ADA4800CSBOX,,,,CPU
AMD,K8 Athlon 64 X2,ADA5000IAA5CS,ADA5000CSBOX,,,,CPU
AMD,K8 Athlon 64 X2,ADA5000IAA5CU,ADA5000CUBOX,,,,CPU
AMD,K8 Athlon 64 X2,ADA5000IAA5CZ,,,,,CPU
AMD,K8 Athlon 64 X2,ADA5200IAA6CS,ADA5200CSBOX,,,,CPU
AMD,K8 Athlon 64 X2,ADA5200IAA6CZ,ADA5200CZBOX,,,,CPU
AMD,K8 Athlon 64 X2,ADA5400IAA5CZ,ADA5400CZBOX,,,,CPU
AMD,K8 Athlon 64 X2,ADA5600IAA5DO,ADA5600DOBOX,,,,CPU
AMD,K8 Athlon 64 X2,ADA5600IAA6CZ,ADA5600CZBOX,,,,CPU
AMD,K8 Athlon 64 X2,ADA5800IAA5DO,,,,,CPU
AMD,K8 Athlon 64 X2,ADA6000IAA6CZ,ADA6000CZBOX,,,,CPU
AMD,K8 Athlon 64 X2,ADD3400IAA5CU,,,,,CPU
AMD,K8 Athlon 64 X2,ADD3600IAA5DO,ADD3600IAA5DOE,,,,CPU
AMD,K8 Athlon 64 X2,ADD3800IAA5CU,,,,,CPU
AMD,K8 Athlon 64 X2,ADD3800IAT5CU,ADD3800CUBOX,,,,CPU
AMD,K8 Athlon 64 X2,ADD4200IAA5DO,ADD4200IAA5DOE,,,,CPU
AMD,K8 Athlon 64 X2,ADE3000HAX5DC,,,,,CPU
AMD,K8 Athlon 64 X2,ADE3000HAX5DM,,,,,CPU
AMD,K8 Athlon 64 X2,ADH2300IAA5DD,ADH2300DDBOX,,,,CPU
AMD,K8 Athlon 64 X2,ADH2300IAA5DO,ADH2300DOBOX,,,,CPU
AMD,K8 Athlon 64 X2,ADH2350IAA5DD,ADH2350DDBOX,,,,CPU
AMD,K8 Athlon 64 X2,ADH2350IAA5DO,ADH2350DOBOX,,,,CPU
AMD,K8 Athlon 64 X2,ADH2400IAA5DD,ADH2400DDBOX,,,,CPU
AMD,K8 Athlon 64 X2,ADH2400IAA5DO,ADH2400DOBOX,,,,CPU
AMD,K8 Athlon 64 X2,ADH2450IAA5DO,,,,,CPU
AMD,K8 Athlon 64 X2,ADH4050IAA5DO,ADH4050DOBOX,,,,CPU
AMD,K8 Athlon 64 X2,ADH4450IAA5DO,ADH4450DOBOX,,,,CPU
AMD,K8 Athlon 64 X2,ADH445BIAA5DO,ADH445BDOBOX,,,,CPU
AMD,K8 Athlon 64 X2,ADH4850IAA5DO,ADH4850DOBOX,,,,CPU
AMD,K8 Athlon 64 X2,ADH485BIAA5DO,ADH485BDOBOX,,,,CPU
AMD,K8 Athlon 64 X2,ADH5050IAA5DO,ADH5050DOBOX,,,,CPU
AMD,K8 Athlon 64 X2,ADI5200IAA5DD,ADI5200DDBOX,,,,CPU
AMD,K8 Athlon 64 X2,ADJ3250IAA5DO,,,,,CPU
AMD,K8 Athlon 64 X2,ADJ3250IAV5DO,ADJ3250DOBOX,,,,CPU
AMD,K8 Athlon 64 X2,ADJ3400IAA5DO,ADJ3400IAA5DOE,,,,CPU
AMD,K8 Athlon 64 X2,ADO3600IAA4CU,ADO3600CUBOX,,,,CPU
AMD,K8 Athlon 64 X2,ADO3600IAA4DD,,,,,CPU
AMD,K8 Athlon 64 X2,ADO3600IAA5CU,,,,,CPU
AMD,K8 Athlon 64 X2,ADO3600IAA5DD,ADO3600DDBOX,,,,CPU
AMD,K8 Athlon 64 X2,ADO3600IAA5DL,,,,,CPU
AMD,K8 Athlon 64 X2,ADO3800IAA5CS,ADO3800CSBOX,,,,CPU
AMD,K8 Athlon 64 X2,ADO3800IAA5CU,ADO3800CUBOX,,,,CPU
AMD,K8 Athlon 64 X2,ADO3800IAA5CZ,ADO3800CZBOX,,,,CPU
AMD,K8 Athlon 64 X2,ADO4000IAA5DD,ADO4000DDBOX,,,,CPU
AMD,K8 Athlon 64 X2,ADO4000IAA6CS,ADO4000CSBOX,,,,CPU
AMD,K8 Athlon 64 X2,ADO4200IAA5CU,ADO4200CUBOX,,,,CPU
AMD,K8 Athlon 64 X2,ADO4200IAA5DD,ADO4200DDBOX,,,,CPU
AMD,K8 Athlon 64 X2,ADO4200IAA5DO,ADO4200DOBOX,,,,CPU
AMD,K8 Athlon 64 X2,ADO4400IAA5DD,ADO4400DDBOX,,,,CPU
AMD,K8 Athlon 64 X2,ADO4400IAA5DO,ADO4400DOBOX,,,,CPU
AMD,K8 Athlon 64 X2,ADO4400IAA5DU,,,,,CPU
AMD,K8 Athlon 64 X2,ADO4400IAA6CS,ADO4400CSBOX,,,,CPU
AMD,K8 Athlon 64 X2,ADO4600IAA5CS,,,,,CPU
AMD,K8 Athlon 64 X2,ADO4600IAA5CU,ADO4600CUBOX,,,,CPU
AMD,K8 Athlon 64 X2,ADO4600IAA5CZ,ADO4600CZBOX,,,,CPU
AMD,K8 Athlon 64 X2,ADO4600IAA5DO,ADO4600DOBOX,,,,CPU
AMD,K8 Athlon 64 X2,ADO4800IAA5DD,ADO4800DDBOX,,,,CPU
AMD,K8 Athlon 64 X2,ADO4800IAA5DO,ADO4800DOBOX,,,,CPU
AMD,K8 Athlon 64 X2,ADO4800IAA6CS,ADO4800CSBOX,,,,CPU
AMD,K8 Athlon 64 X2,ADO5000IAA5CS,ADO5000CSBOX,,,,CPU
AMD,K8 Athlon 64 X2,ADO5000IAA5CU,ADO5000CUBOX,,,,CPU
AMD,K8 Athlon 64 X2,ADO5000IAA5CZ,ADO5000CZBOX,,,,CPU
AMD,K8 Athlon 64 X2,ADO5000IAA5DD,ADO5000DDBOX,,,,CPU
AMD,K8 Athlon 64 X2,ADO5000IAA5DO,ADO5000DOBOX,,,,CPU
AMD,K8 Athlon 64 X2,ADO5000IAA5DS,ADO5000DSWOF,,,,CPU
AMD,K8 Athlon 64 X2,ADO5000IAA5DU,,,,,CPU
AMD,K8 Athlon 64 X2,ADO500BIAA5DO,,,,,CPU
AMD,K8 Athlon 64 X2,ADO5200IAA5DD,ADO5200DDBOX,,,,CPU
AMD,K8 Athlon 64 X2,ADO5200IAA5DO,ADO5200DOBOX,,,,CPU
AMD,K8 Athlon 64 X2,ADO5200IAA6CS,ADO5200CSBOX,,,,CPU
AMD,K8 Athlon 64 X2,ADO5200IAA6CZ,ADO5200CZBOX,,,,CPU
AMD,K8 Athlon 64 X2,ADO520BIAA5DO,,,,,CPU
AMD,K8 Athlon 64 X2,ADO5400IAA5DO,ADO5400DOBOX,,,,CPU
AMD,K8 Athlon 64 X2,ADO5400IAA5DS,ADO5400DSWOF,,,,CPU
AMD,K8 Athlon 64 X2,ADO540BIAA5DO,ADO540BDOBOX,,,,CPU
AMD,K8 Athlon 64 X2,ADO5600IAA5DO,ADO5600DOBOX,,,,CPU
AMD,K8 Athlon 64 X2,ADO560BIAA5DO,,,,,CPU
AMD,K8 Athlon 64 X2,ADV4400DAA6CD,ADA4400CDBOX,,,,CPU
AMD,K8 Athlon 64 X2,ADV6000IAA5DO,ADV6000DOBOX,,,,CPU
AMD,K8 Athlon 64 X2,ADX6000IAA6CZ,ADX6000CZBOX,,,,CPU
AMD,K8 Athlon 64 X2,ADX6400IAA6CZ,ADX6400CZBOX,ADX6400CZWOF,,,CPU
AMD,K8 Athlon 64 X2,AMDTK53HAX4DC,,,,,CPU
AMD,K8 Athlon 64 X2,AMDTK55HAX4CT,,,,,CPU
AMD,K8 Athlon 64 X2,AMDTK55HAX4DC,,,,,CPU
AMD,K8 Athlon 64 X2,AMDTK57HAX4DM,,,,,CPU
AMD,K8 Athlon 64 X2,AMETK42HAX5DM,,,,,CPU
AMD,K8 Athlon 64 X2,AMML310HAX5DM,,,,,CPU
AMD,K8 Athlon 64 X2,AMN3800IAT5CU,,,,,CPU
AMD,K8 Athlon 64 X2,AMN4200IAT5CU,,,,,CPU
AMD,K8 Athlon 64 X2,AMQL60DAM22GG,,,,,CPU
AMD,K8 Athlon 64 X2,AMQL62DAM22GG,,,,,CPU
AMD,K8 Athlon 64 X2,AMQL64DAM22GG,,,,,CPU
AMD,K8 Athlon 64 X2,AMQL65DAM22GG,,,,,CPU
AMD,K8 Athlon 64 X2,AMQL66DAM22GG,,,,,CPU
AMD,K8 Athlon 64 X2,AMQL67DAM22GG,,,,,CPU
AMD,K8 Athlon Neo,ADD6650IAA5DO,,,,,CPU
AMD,K8 Athlon Neo,ADJ6850IAA5DO,,,,,CPU
AMD,K8 Athlon Neo,AMGMV40OAX4DV,,,,,CPU
AMD,K8 Athlon Neo,AMGMV40OAX4DX,,,,,CPU
AMD,K8 Athlon Neo,AMZL325OAX5DY,,,,,CPU
AMD,K8 Athlon Neo,AMZL335OAX5DY,,,,,CPU
AMD,K8 Athlon XP-M,AHN2800BIX2AP,,,,,CPU
AMD,K8 Athlon XP-M,AHN2800BIX2AR,,,,,CPU
AMD,K8 Athlon XP-M,AHN2800BIX2AX,,,,,CPU
AMD,K8 Athlon XP-M,AHN2800BIX2AY,,,,,CPU
AMD,K8 Athlon XP-M,AHN3000BIX3AP,,,,,CPU
AMD,K8 Athlon XP-M,AHN3000BIX3AX,,,,,CPU
AMD,K8 Athlon XP-M,AHN3000BIX3AY,,,,,CPU
AMD,K8 Opteron,OSA140CCO5AG,,,,,CPU
AMD,K8 Opteron,OSA140CEP5AK,OSA140BOX,,,,CPU
AMD,K8 Opteron,OSA140CEP5AT,OSA140ATBOX,,,,CPU
AMD,K8 Opteron,OSA142CCO5AG,,,,,CPU
AMD,K8 Opteron,OSA142CEP5AK,OSA142BOX,,,,CPU
AMD,K8 Opteron,OSA142CEP5AT,OSA142ATBOX,,,,CPU
AMD,K8 Opteron,OSA142FAA5BK,OSA142BKBOX,,,,CPU
AMD,K8 Opteron,OSA144CCO5AG,,,,,CPU
AMD,K8 Opteron,OSA144CEP5AG,,,,,CPU
AMD,K8 Opteron,OSA144CEP5AK,OSA144BOX,,,,CPU
AMD,K8 Opteron,OSA144CEP5AT,OSA144ATBOX,,,,CPU
AMD,K8 Opteron,OSA144DAA5BN,OSA144BNBOX,,,,CPU
AMD,K8 Opteron,OSA144FAA5BK,OSA144BKBOX,,,,CPU
AMD,K8 Opteron,OSA146CEP5AK,OSA146BOX,,,,CPU
AMD,K8 Opteron,OSA146CEP5AT,OSA146ATBOX,,,,CPU
AMD,K8 Opteron,OSA146DAA5BN,OSA146BNBOX,,,,CPU
AMD,K8 Opteron,OSA146FAA5BK,OSA146BKBOX,,,,CPU
AMD,K8 Opteron,OSA148CEP5AK,OSA148BOX,,,,CPU
AMD,K8 Opteron,OSA148CEP5AT,OSA148ATBOX,,,,CPU
AMD,K8 Opteron,OSA148DAA5BN,OSA148BNBOX,,,,CPU
AMD,K8 Opteron,OSA148FAA5BK,OSA148BKBOX,,,,CPU
AMD,K8 Opteron,OSA150CEP5AT,OSA150ATBOX,,,,CPU
AMD,K8 Opteron,OSA150DAA5BN,OSA150BNBOX,,,,CPU
AMD,K8 Opteron,OSA150FAA5BK,OSA150BKBOX,,,,CPU
AMD,K8 Opteron,OSA152DAA5BN,OSA152BNBOX,,,,CPU
AMD,K8 Opteron,OSA152FAA5BK,OSA152BKBOX,,,,CPU
AMD,K8 Opteron,OSA154DAA5BN,OSA154BNBOX,,,,CPU
AMD,K8 Opteron,OSA156DAA5BN,OSA156BNBOX,,,,CPU
AMD,K8 Opteron,OSA240CCO5AD,,,,,CPU
AMD,K8 Opteron,OSA240CCO5AH,,,,,CPU
AMD,K8 Opteron,OSA240CEP5AL,OSA240BOX,,,,CPU
AMD,K8 Opteron,OSA240CEP5AU,OSA240AUBOX,OSA240AUWOF,,,CPU
AMD,K8 Opteron,OSA242CCO5AD,,,,,CPU
AMD,K8 Opteron,OSA242CCO5AH,,,,,CPU
AMD,K8 Opteron,OSA242CEP5AL,OSA242BOX,,,,CPU
AMD,K8 Opteron,OSA242CEP5AU,OSA242AUBOX,OSA242AUWOF,,,CPU
AMD,K8 Opteron,OSA242FAA5BL,OSA242BLBOX,OSA242BLWOF,,,CPU
AMD,K8 Opteron,OSA244CCO5AH,,,,,CPU
AMD,K8 Opteron,OSA244CEP5AL,OSA244BOX,,,,CPU
AMD,K8 Opteron,OSA244CEP5AU,OSA244AUBOX,OSA244AUWOF,,,CPU
AMD,K8 Opteron,OSA244FAA5BL,OSA244BLBOX,OSA244BLWOF,,,CPU
AMD,K8 Opteron,OSA246CEP5AL,OSA246BOX,,,,CPU
AMD,K8 Opteron,OSA246CEP5AU,OSA246AUBOX,OSA246AUWOF,,,CPU
AMD,K8 Opteron,OSA246FAA5BL,OSA246BLBOX,OSA246BLWOF,,,CPU
AMD,K8 Opteron,OSA248CEP5AL,OSA248BOX,,,,CPU
AMD,K8 Opteron,OSA248CEP5AU,OSA248AUBOX,OSA248AUWOF,,,CPU
AMD,K8 Opteron,OSA248FAA5BL,OSA248BLBOX,OSA248BLWOF,,,CPU
AMD,K8 Opteron,OSA250CEP5AU,OSA250AUBOX,OSA250AUWOF,,,CPU
AMD,K8 Opteron,OSA250FAA5BL,OSA250BLBOX,OSA250BLWOF,,,CPU
AMD,K8 Opteron,OSA252FAA5BL,OSA252BLBOX,OSA252BLWOF,,,CPU
AMD,K8 Opteron,OSA254FAA5BL,OSA254BLBOX,OSA254BLWOF,,,CPU
AMD,K8 Opteron,OSA256FAA5BL,OSA256BLBOX,OSA256BLWOF,,,CPU
AMD,K8 Opteron,OSA840CCO5AI,,,,,CPU
AMD,K8 Opteron,OSA840CEP5AM,,,,,CPU
AMD,K8 Opteron,OSA840CEP5AV,OSA840AVWOF,,,,CPU
AMD,K8 Opteron,OSA842CCO5AI,,,,,CPU
AMD,K8 Opteron,OSA842CEP5AM,,,,,CPU
AMD,K8 Opteron,OSA842CEP5AV,OSA842AVWOF,,,,CPU
AMD,K8 Opteron,OSA842FAA5BM,OSA842BMWOF,,,,CPU
AMD,K8 Opteron,OSA844CCO5AI,,,,,CPU
AMD,K8 Opteron,OSA844CEP5AM,,,,,CPU
AMD,K8 Opteron,OSA844CEP5AV,OSA844AVWOF,,,,CPU
AMD,K8 Opteron,OSA844FAA5BM,OSA844BMWOF,,,,CPU
AMD,K8 Opteron,OSA846CEP5AM,,,,,CPU
AMD,K8 Opteron,OSA846CEP5AV,OSA846AVWOF,,,,CPU
AMD,K8 Opteron,OSA846FAA5BM,OSA846BMWOF,,,,CPU
AMD,K8 Opteron,OSA848CEP5AM,,,,,CPU
AMD,K8 Opteron,OSA848CEP5AV,OSA848AVWOF,,,,CPU
AMD,K8 Opteron,OSA848FAA5BM,OSA848BMWOF,,,,CPU
AMD,K8 Opteron,OSA850CEP5AV,OSA850AVWOF,,,,CPU
AMD,K8 Opteron,OSA850FAA5BM,OSA850BMWOF,,,,CPU
AMD,K8 Opteron,OSA852FAA5BM,OSA852BMWOF,,,,CPU
AMD,K8 Opteron,OSA854FAA5BM,OSA854BMWOF,,,,CPU
AMD,K8 Opteron,OSA856FAA5BM,OSA856BMWOF,,,,CPU
AMD,K8 Opteron,OSADA240CCO5,,,,,CPU
AMD,K8 Opteron,OSADA242CCO5,,,,,CPU
AMD,K8 Opteron,OSB140CSP5AT,,,,,CPU
AMD,K8 Opteron,OSB240CSP5AU,,,,,CPU
AMD,K8 Opteron,OSB840CSP5AV,,,,,CPU
AMD,K8 Opteron,OSK146CMP5AT,OSK146ATBOX,,,,CPU
AMD,K8 Opteron,OSK148FAA5BK,,,,,CPU
AMD,K8 Opteron,OSK244CMP5AL,,,,,CPU
AMD,K8 Opteron,OSK246CMP5AU,OSK246AUBOX,OSK246AUWOF,,,CPU
AMD,K8 Opteron,OSK246FAA5BL,OSK246BLBOX,,,,CPU
AMD,K8 Opteron,OSK248FAA5BL,OSK248BLBOX,OSK248BLWOF,,,CPU
AMD,K8 Opteron,OSK250FAA5BL,OSK250BLBOX,OSK250BLWOF,,,CPU
AMD,K8 Opteron,OSK846CMP5AV,OSK846AVWOF,,,,CPU
AMD,K8 Opteron,OSK846FAA5BM,,,,,CPU
AMD,K8 Opteron,OSK848FAA5BM,OSK848BMWOF,,,,CPU
AMD,K8 Opteron,OSK850FAA5BM,OSK850BMWOF,,,,CPU
AMD,K8 Opteron,OSP250CIP5AU,,,,,CPU
AMD,K8 Opteron,OSP250FAA5BL,,,,,CPU
AMD,K8 Opteron,OSP252FAA5BL,,,,,CPU
AMD,K8 Opteron,OSP254FAA5BL,,,,,CPU
AMD,K8 Opteron,OSP852FAA5BM,,,,,CPU
AMD,K8 Opteron,OSP854FAA5BM,,,,,CPU
AMD,K8 Opteron 2nd gen,OSA1210IAA6CS,OSA1210CSBOX,,,,CPU
AMD,K8 Opteron 2nd gen,OSA1210IAA6CZ,OSA1210CZBOX,,,,CPU
AMD,K8 Opteron 2nd gen,OSA1212IAA6CS,OSA1212CSBOX,,,,CPU
AMD,K8 Opteron 2nd gen,OSA1212IAA6CZ,OSA1212CZBOX,,,,CPU
AMD,K8 Opteron 2nd gen,OSA1214IAA6CS,OSA1214CSBOX,,,,CPU
AMD,K8 Opteron 2nd gen,OSA1214IAA6CZ,OSA1214CZBOX,,,,CPU
AMD,K8 Opteron 2nd gen,OSA1216IAA6CS,OSA1216CSBOX,,,,CPU
AMD,K8 Opteron 2nd gen,OSA1216IAA6CZ,OSA1216CZBOX,,,,CPU
AMD,K8 Opteron 2nd gen,OSA1218IAA6CS,OSA1218CSBOX,,,,CPU
AMD,K8 Opteron 2nd gen,OSA1218IAA6CZ,OSA1218CZBOX,,,,CPU
AMD,K8 Opteron 2nd gen,OSA1220IAA6CZ,OSA1220CZBOX,,,,CPU
AMD,K8 Opteron 2nd gen,OSA1222IAA6CZ,OSA1222CZBOX,,,,CPU
AMD,K8 Opteron 2nd gen,OSA2210GAA6CQ,OSA2210CQWOF,,,,CPU
AMD,K8 Opteron 2nd gen,OSA2210GAA6CX,OSA2210CXWOF,,,,CPU
AMD,K8 Opteron 2nd gen,OSA2212GAA6CQ,OSA2212CQWOF,,,,CPU
AMD,K8 Opteron 2nd gen,OSA2212GAA6CX,OSA2212CXWOF,,,,CPU
AMD,K8 Opteron 2nd gen,OSA2214GAA6CQ,OSA2214CQWOF,,,,CPU
AMD,K8 Opteron 2nd gen,OSA2214GAA6CX,OSA2214CXWOF,,,,CPU
AMD,K8 Opteron 2nd gen,OSA2216GAA6CQ,OSA2216CQWOF,,,,CPU
AMD,K8 Opteron 2nd gen,OSA2216GAA6CX,OSA2216CXWOF,,,,CPU
AMD,K8 Opteron 2nd gen,OSA2218GAA6CQ,OSA2218CQWOF,,,,CPU
AMD,K8 Opteron 2nd gen,OSA2218GAA6CX,OSA2218CXWOF,,,,CPU
AMD,K8 Opteron 2nd gen,OSA2220GAA6CQ,OSA2220CQWOF,,,,CPU
AMD,K8 Opteron 2nd gen,OSA2220GAA6CX,OSA2220CXWOF,,,,CPU
AMD,K8 Opteron 2nd gen,OSA2222GAA6CX,OSA2222CXWOF,,,,CPU
AMD,K8 Opteron 2nd gen,OSA8212GAA6CR,OSA8212CRWOF,,,,CPU
AMD,K8 Opteron 2nd gen,OSA8212GAA6CY,OSA8212CYWOF,,,,CPU
AMD,K8 Opteron 2nd gen,OSA8214GAA6CR,OSA8214CRWOF,,,,CPU
AMD,K8 Opteron 2nd gen,OSA8214GAA6CY,OSA8214CYWOF,,,,CPU
AMD,K8 Opteron 2nd gen,OSA8216GAA6CR,OSA8216CRWOF,,,,CPU
AMD,K8 Opteron 2nd gen,OSA8216GAA6CY,OSA8216CYWOF,,,,CPU
AMD,K8 Opteron 2nd gen,OSA8218GAA6CR,OSA8218CRWOF,,,,CPU
AMD,K8 Opteron 2nd gen,OSA8218GAA6CY,OSA8218CYWOF,,,,CPU
AMD,K8 Opteron 2nd gen,OSA8220GAA6CR,OSA8220CRWOF,,,,CPU
AMD,K8 Opteron 2nd gen,OSA8220GAA6CY,OSA8220CYWOF,,,,CPU
AMD,K8 Opteron 2nd gen,OSA8222GAA6CY,OSA8222CYWOF,,,,CPU
AMD,K8 Opteron 2nd gen,OSH2210GAS6CX,OSH2210GAS6CXE,,,,CPU
AMD,K8 Opteron 2nd gen,OSO1210IAA6CZ,OSO1210CZWOF,,,,CPU
AMD,K8 Opteron 2nd gen,OSO1212IAA6CZ,OSO1212CZWOF,,,,CPU
AMD,K8 Opteron 2nd gen,OSO1214IAA6CZ,OSO1214CZWOF,,,,CPU
AMD,K8 Opteron 2nd gen,OSO1216IAA6CZ,OSO1216CZWOF,,,,CPU
AMD,K8 Opteron 2nd gen,OSO1218IAA6CZ,OSO1218CZWOF,,,,CPU
AMD,K8 Opteron 2nd gen,OSP2210GAA6CQ,OSP2210CQWOF,,,,CPU
AMD,K8 Opteron 2nd gen,OSP2210GAA6CX,OSP2210CXWOF,,,,CPU
AMD,K8 Opteron 2nd gen,OSP2212GAA6CQ,OSP2212CQWOF,,,,CPU
AMD,K8 Opteron 2nd gen,OSP2212GAA6CX,OSP2212CXWOF,,,,CPU
AMD,K8 Opteron 2nd gen,OSP2214GAA6CQ,OSP2214CQWOF,,,,CPU
AMD,K8 Opteron 2nd gen,OSP2214GAA6CX,OSP2214CXWOF,,,,CPU
AMD,K8 Opteron 2nd gen,OSP2214GAU6CX,OSP2214GAU6CXE,,,,CPU
AMD,K8 Opteron 2nd gen,OSP2216GAA6CQ,OSP2216CQWOF,,,,CPU
AMD,K8 Opteron 2nd gen,OSP2216GAA6CX,OSP2216CXWOF,,,,CPU
AMD,K8 Opteron 2nd gen,OSP2218GAA6CX,OSP2218CXWOF,,,,CPU
AMD,K8 Opteron 2nd gen,OSP8212GAA6CR,OSP8212CRWOF,,,,CPU
AMD,K8 Opteron 2nd gen,OSP8212GAA6CY,,,,,CPU
AMD,K8 Opteron 2nd gen,OSP8214GAA6CR,OSP8214CRWOF,,,,CPU
AMD,K8 Opteron 2nd gen,OSP8214GAA6CY,,,,,CPU
AMD,K8 Opteron 2nd gen,OSP8216GAA6CR,OSP8216CRWOF,,,,CPU
AMD,K8 Opteron 2nd gen,OSP8216GAA6CY,,,,,CPU
AMD,K8 Opteron 2nd gen,OSP8218GAA6CY,,,,,CPU
AMD,K8 Opteron 2nd gen,OSX1220IAA6CS,OSX1220CSBOX,,,,CPU
AMD,K8 Opteron 2nd gen,OSX1220IAA6CZ,,,,,CPU
AMD,K8 Opteron 2nd gen,OSX1222IAA6CS,,,,,CPU
AMD,K8 Opteron 2nd gen,OSX1222IAA6CZ,,,,,CPU
AMD,K8 Opteron 2nd gen,OSX1224IAA6CZ,,,,,CPU
AMD,K8 Opteron 2nd gen,OSY2220GAA6CQ,OSY2220CQWOF,,,,CPU
AMD,K8 Opteron 2nd gen,OSY2220GAA6CX,,,,,CPU
AMD,K8 Opteron 2nd gen,OSY2222GAA6CX,,,,,CPU
AMD,K8 Opteron 2nd gen,OSY2224GAA6CX,,,,,CPU
AMD,K8 Opteron 2nd gen,OSY8220GAA6CR,OSY8220CRWOF,,,,CPU
AMD,K8 Opteron 2nd gen,OSY8220GAA6CY,,,,,CPU
AMD,K8 Opteron 2nd gen,OSY8222GAA6CY,,,,,CPU
AMD,K8 Opteron 2nd gen,OSY8224GAA6CY,,,,,CPU
AMD,K8 Opteron Dual-Core,OSA165DAA6CD,OSA165CDBOX,,,,CPU
AMD,K8 Opteron Dual-Core,OSA170DAA6CD,OSA170CDBOX,,,,CPU
AMD,K8 Opteron Dual-Core,OSA175DAA6CD,OSA175CDBOX,,,,CPU
AMD,K8 Opteron Dual-Core,OSA180DAA6CD,OSA180CDBOX,,,,CPU
AMD,K8 Opteron Dual-Core,OSA185DAA6CD,OSA185CDBOX,,,,CPU
AMD,K8 Opteron Dual-Core,OSA265FAA6CB,OSA265CBBOX,OSA265CBWOF,,,CPU
AMD,K8 Opteron Dual-Core,OSA270FAA6CB,OSA270CBBOX,OSA270CBWOF,,,CPU
AMD,K8 Opteron Dual-Core,OSA275FAA6CB,OSA275CBBOX,OSA275CBWOF,,,CPU
AMD,K8 Opteron Dual-Core,OSA280FAA6CB,OSA280CBBOX,OSA280CBWOF,,,CPU
AMD,K8 Opteron Dual-Core,OSA285FAA6CB,OSA285CBBOX,OSA285CBWOF,,,CPU
AMD,K8 Opteron Dual-Core,OSA290FAA6CB,OSA290CBBOX,OSA290CBWOF,,,CPU
AMD,K8 Opteron Dual-Core,OSA865FAA6CC,OSA865CCWOF,,,,CPU
AMD,K8 Opteron Dual-Core,OSA865FKM6BS,,,,,CPU
AMD,K8 Opteron Dual-Core,OSA870FAA6CC,OSA870CCWOF,,,,CPU
AMD,K8 Opteron Dual-Core,OSA870FKM6BS,,,,,CPU
AMD,K8 Opteron Dual-Core,OSA875FAA6CC,OSA875CCWOF,,,,CPU
AMD,K8 Opteron Dual-Core,OSA875FKM6BS,,,,,CPU
AMD,K8 Opteron Dual-Core,OSA880FAA6CC,OSA880CCWOF,,,,CPU
AMD,K8 Opteron Dual-Core,OSA885FAA6CC,OSA885CCWOF,,,,CPU
AMD,K8 Opteron Dual-Core,OSA890FAA6CC,OSA890CCWOF,,,,CPU
AMD,K8 Opteron Dual-Core,OSK260FAA6CB,OSK260CBBOX,,,,CPU
AMD,K8 Opteron Dual-Core,OSK265FAA6CB,OSK265CBBOX,,,,CPU
AMD,K8 Opteron Dual-Core,OSK270FAA6CB,OSK270CBBOX,,,,CPU
AMD,K8 Opteron Dual-Core,OSK275FAA6CB,OSK275CBBOX,,,,CPU
AMD,K8 Opteron Dual-Core,OSK860FAA6CC,OSK860CCWOF,,,,CPU
AMD,K8 Opteron Dual-Core,OSK865FAA6CC,OSK865CCWOF,,,,CPU
AMD,K8 Opteron Dual-Core,OSK870FAA6CC,OSK870CCWOF,,,,CPU
AMD,K8 Opteron Dual-Core,OSK875FAA6CC,OSK875CCWOF,,,,CPU
AMD,K8 Opteron Dual-Core,OSP265FAA6CB,,,,,CPU
AMD,K8 Opteron Dual-Core,OSP270FAA6CB,,,,,CPU
AMD,K8 Opteron Dual-Core,OSP275FAA6CB,,,,,CPU
AMD,K8 Opteron Dual-Core,OSP280FAA6CB,,,,,CPU
AMD,K8 Opteron Dual-Core,OST270FAA6CB,,,,,CPU
AMD,K8 Opteron Dual-Core,OST275FAA6CB,,,,,CPU
AMD,K8 Opteron Dual-Core,OST280FAA6CB,,,,,CPU
AMD,K8 Opteron Dual-Core,OST285FAA6CB,,,,,CPU
AMD,K8 Opteron Dual-Core,OST865FAA6CC,,,,,CPU
AMD,K8 Opteron Dual-Core,OST865FKQ6BS,,,,,CPU
AMD,K8 Opteron Dual-Core,OST870FAA6CC,,,,,CPU
AMD,K8 Opteron Dual-Core,OST870FKQ6BS,,,,,CPU
AMD,K8 Opteron Dual-Core,OST875FAA6CC,,,,,CPU
AMD,K8 Opteron Dual-Core,OST875FKQ6BS,,,,,CPU
AMD,K8 Opteron Dual-Core,OST880FAA6CC,,,,,CPU
AMD,K8 Opteron Dual-Core,OST885FAA6CC,,,,,CPU
AMD,K8 Opteron Dual-Core,OSY280FAA6CB,,,,,CPU
AMD,K8 Opteron Dual-Core,OSY285FAA6CB,,,,,CPU
AMD,K8 Sempron,SMD3800HAX3CM,,,,,CPU
AMD,K8 Sempron,SMD3800HAX3DN,,,,,CPU
AMD,K8 Sempron,SMD4000HAX4DN,,,,,CPU
AMD,K8 Sempron,SMF200UOAX3DV,,,,,CPU
AMD,K8 Sempron,SMF2100HAX3DQ,SMF2100HAX3DQE,,,,CPU
AMD,K8 Sempron,SMG210UOAX3DV,,,,,CPU
AMD,K8 Sempron,SMG210UOAX3DX,,,,,CPU
AMD,K8 Sempron,SMN2600BIX2AY,,,,,CPU
AMD,K8 Sempron,SMN2600BIX2BA,,,,,CPU
AMD,K8 Sempron,SMN2600BKX2BX,,,,,CPU
AMD,K8 Sempron,SMN2800BIX3AY,,,,,CPU
AMD,K8 Sempron,SMN2800BIX3BA,,,,,CPU
AMD,K8 Sempron,SMN3000BIX2AY,,,,,CPU
AMD,K8 Sempron,SMN3000BIX2BA,,,,,CPU
AMD,K8 Sempron,SMN3000BKX2BX,,,,,CPU
AMD,K8 Sempron,SMN3100BIX3BA,,,,,CPU
AMD,K8 Sempron,SMN3100BKX3BX,,,,,CPU
AMD,K8 Sempron,SMN3300BIX2BA,,,,,CPU
AMD,K8 Sempron,SMN3300BKX2BX,,,,,CPU
AMD,K8 Sempron,SMN3400BKX3BX,,,,,CPU
AMD,K8 Sempron,SMN3600BKX2BX,,,,,CPU
AMD,K8 Sempron,SMNI52DAM21GG,,,,,CPU
AMD,K8 Sempron,SMS2600BOX2LA,,,,,CPU
AMD,K8 Sempron,SMS2600BOX2LB,,,,,CPU
AMD,K8 Sempron,SMS2600BQX2LF,,,,,CPU
AMD,K8 Sempron,SMS2800BOX3LA,,,,,CPU
AMD,K8 Sempron,SMS2800BOX3LB,,,,,CPU
AMD,K8 Sempron,SMS2800BQX3LF,,,,,CPU
AMD,K8 Sempron,SMS3000BOX2LB,,,,,CPU
AMD,K8 Sempron,SMS3000BQX2LF,,,,,CPU
AMD,K8 Sempron,SMS3100BOX3LB,,,,,CPU
AMD,K8 Sempron,SMS3100BQX3LF,,,,,CPU
AMD,K8 Sempron,SMS3200HAX4CM,,,,,CPU
AMD,K8 Sempron,SMS3300BQX2LF,,,,,CPU
AMD,K8 Sempron,SMS3400BQX3LF,,,,,CPU
AMD,K8 Sempron,SMS3400HAX3CM,,,,,CPU
AMD,K8 Sempron,SMS3500HAX4CM,,,,,CPU
AMD,K8 Sempron,SMS3600HAX3CM,,,,,CPU
AMD,K8 Sempron,SMS3600HAX3DN,,,,,CPU
AMD,K8 Sempron,SMS3700HAX4DQ,SMS3700HAX4DQE,,,,CPU
AMD,K8 Sempron,SMSI40SAM12GG,,,,,CPU
AMD,K8 Sempron,SMSI42SAM12GG,,,,,CPU
AMD,K8 Sempron 64,SDA2500AIO3BX,SDA2500BXBOX,,,,CPU
AMD,K8 Sempron 64,SDA2600AIO2BA,SDA2600BABOX,SDA2600CVBOX,,,CPU
AMD,K8 Sempron 64,SDA2600AIO2BO,SDA2600BOBOX,,,,CPU
AMD,K8 Sempron 64,SDA2600AIO2BX,SDA2600BXBOX,,,,CPU
AMD,K8 Sempron 64,SDA2800AIO3BA,SDA2800BABOX,SDA2800CVBOX,,,CPU
AMD,K8 Sempron 64,SDA2800AIO3BO,SDA2800BOBOX,,,,CPU
AMD,K8 Sempron 64,SDA2800AIO3BX,SDA2800BXBOX,,,,CPU
AMD,K8 Sempron 64,SDA2800IAA2CN,SDA2800CNBOX,,,,CPU
AMD,K8 Sempron 64,SDA3000AIO2BA,SDA3000BABOX,SDA3000CVBOX,,,CPU
AMD,K8 Sempron 64,SDA3000AIO2BO,SDA3000BOBOX,,,,CPU
AMD,K8 Sempron 64,SDA3000AIO2BX,SDA3000BXBOX,,,,CPU
AMD,K8 Sempron 64,SDA3000AIP2AX,,,,,CPU
AMD,K8 Sempron 64,SDA3000DIO2BA,,,,,CPU
AMD,K8 Sempron 64,SDA3000DIO2BI,,,,,CPU
AMD,K8 Sempron 64,SDA3000DIO2BP,,,,,CPU
AMD,K8 Sempron 64,SDA3000DIO2BW,,,,,CPU
AMD,K8 Sempron 64,SDA3000IAA3CN,SDA3000CNBOX,,,,CPU
AMD,K8 Sempron 64,SDA3100AIO3BA,SDA3100BABOX,SDA3100CVBOX,,,CPU
AMD,K8 Sempron 64,SDA3100AIO3BO,SDA3100BOBOX,,,,CPU
AMD,K8 Sempron 64,SDA3100AIO3BX,SDA3100BXBOX,,,,CPU
AMD,K8 Sempron 64,SDA3100AIP3AX,SDA3100AXBOX,,,,CPU
AMD,K8 Sempron 64,SDA3200DIO3BI,,,,,CPU
AMD,K8 Sempron 64,SDA3200DIO3BP,,,,,CPU
AMD,K8 Sempron 64,SDA3200DIO3BW,,,,,CPU
AMD,K8 Sempron 64,SDA3200IAA2CN,SDA3200CNBOX,,,,CPU
AMD,K8 Sempron 64,SDA3200IAA2CW,SDA3200CWBOX,SDA3200CWWOF,,,CPU
AMD,K8 Sempron 64,SDA3300AIO2BA,SDA3300BABOX,SDA3300CVBOX,,,CPU
AMD,K8 Sempron 64,SDA3300AIO2BO,SDA3300BOBOX,,,,CPU
AMD,K8 Sempron 64,SDA3300AIO2BX,SDA3300BXBOX,,,,CPU
AMD,K8 Sempron 64,SDA3400AIO3BX,SDA3400BXBOX,,,,CPU
AMD,K8 Sempron 64,SDA3400DIO2BW,,,,,CPU
AMD,K8 Sempron 64,SDA3400IAA3CN,SDA3400CNBOX,,,,CPU
AMD,K8 Sempron 64,SDA3400IAA3CW,SDA3400CWBOX,,,,CPU
AMD,K8 Sempron 64,SDA3500DIO3BW,,,,,CPU
AMD,K8 Sempron 64,SDA3500IAA2CN,SDA3500CNBOX,,,,CPU
AMD,K8 Sempron 64,SDA3500IAA2CW,,,,,CPU
AMD,K8 Sempron 64,SDA3600IAA3CN,SDA3600CNBOX,,,,CPU
AMD,K8 Sempron 64,SDA3600IAA3CW,SDA3600CWBOX,,,,CPU
AMD,K8 Sempron 64,SDA3800IAA3CN,SDA3800CNBOX,,,,CPU
AMD,K8 Sempron 64,SDC2100HAX3CM,,,,,CPU
AMD,K8 Sempron 64,SDD3000IAA3CN,SDD3000CNBOX,,,,CPU
AMD,K8 Sempron 64,SDD3200IAA2CN,SDD3200CNBOX,,,,CPU
AMD,K8 Sempron 64,SDD3400IAA3CN,SDD3400CNBOX,,,,CPU
AMD,K8 Sempron 64,SDD3500IAA2CN,SDD3500CNBOX,,,,CPU
AMD,K8 Sempron 64,SDH1100IAA3DE,SDH1100DEBOX,,,,CPU
AMD,K8 Sempron 64,SDH1150IAA3DE,SDH1150DEBOX,,,,CPU
AMD,K8 Sempron 64,SDH1200IAA4DE,SDH1200DEBOX,,,,CPU
AMD,K8 Sempron 64,SDH1200IAA4DP,SDH1200DPBOX,,,,CPU
AMD,K8 Sempron 64,SDH1250IAA4DP,SDH1250DPBOX,,,,CPU
AMD,K8 Sempron 64,SDH1250IAA4DW,,,,,CPU
AMD,K8 Sempron 64,SDH1300IAA4DP,SDH1300DPBOX,,,,CPU
AMD,K8 Sempron X2,SDO2100IAA4DD,SDO2100DDBOX,,,,CPU
AMD,K8 Sempron X2,SDO2100IAA4DO,SDO2100DOBOX,,,,CPU
AMD,K8 Sempron X2,SDO2200IAA4DO,,,,,CPU
AMD,K8 Sempron X2,SDO2300IAA4DO,SDO2300DOBOX,,,,CPU
AMD,Phenom X3,HD8250ODJ3BGH,HD8250ODGHBOX,,,,CPU
AMD,Phenom X3,HD8400WCJ3BGD,,,,,CPU
AMD,Phenom X3,HD8450ODJ3BGH,HD8450ODGHBOX,,,,CPU
AMD,Phenom X3,HD8450WCJ3BGH,HD8450WCGHBOX,,,,CPU
AMD,Phenom X3,HD8550WCJ3BGH,HD8550WCGHBOX,,,,CPU
AMD,Phenom X3,HD8600WCJ3BGD,,,,,CPU
AMD,Phenom X3,HD860BWCJ3BGD,HD860BWCGDBOX,,,,CPU
AMD,Phenom X3,HD860BWCJ3BGH,HD860BWCGHBOX,,,,CPU
AMD,Phenom X3,HD8650WCJ3BGH,HD8650WCGHBOX,,,,CPU
AMD,Phenom X3,HD8750WCJ3BGH,HD8750WCGHBOX,,,,CPU
AMD,Phenom X3,HD875BWCJ3BGH,HD875BWCGHBOX,,,,CPU
AMD,Phenom X3,HD875ZWCJ3BGH,HD875ZWCGHBOX,,,,CPU
AMD,Phenom X3,HD8850WCJ3BGH,HD8850WCGHBOX,,,,CPU
AMD,Phenom X3,HD885BWCJ3BGH,,,,,CPU
AMD,Turion 64,TMDMK36HAX4CM,,,,,CPU
AMD,Turion 64,TMDMK38HAX4CM,,,,,CPU
AMD,Turion 64,TMDML28BKX4LD,,,,,CPU
AMD,Turion 64,TMDML30BKX5LD,,,,,CPU
AMD,Turion 64,TMDML32BKX4LD,,,,,CPU
AMD,Turion 64,TMDML34BKX5LD,,,,,CPU
AMD,Turion 64,TMDML37BKX5LD,,,,,CPU
AMD,Turion 64,TMDML40BKX5LD,,,,,CPU
AMD,Turion 64,TMDML42BKX4LD,,,,,CPU
AMD,Turion 64,TMDML44BKX5LD,,,,,CPU
AMD,Turion 64,TMSMT28BQX4LD,,,,,CPU
AMD,Turion 64,TMSMT30BQX5LD,,,,,CPU
AMD,Turion 64,TMSMT32BQX4LD,TMSMT32LDWOF,,,,CPU
AMD,Turion 64,TMSMT34BQX5LD,TMSMT34LDWOF,,,,CPU
AMD,Turion 64,TMSMT37BQX5LD,TMSMT37LDWOF,,,,CPU
AMD,Turion 64,TMSMT40BQX5LD,,,,,CPU
AMD,Turion 64 X2,TMDTL50HAX4CT,TMDTL50CTWOF,,,,CPU
AMD,Turion 64 X2,TMDTL52HAX5CT,TMDTL52CTWOF,,,,CPU
AMD,Turion 64 X2,TMDTL56HAX5CT,TMDTL56CTWOF,,,,CPU
AMD,Turion 64 X2,TMDTL56HAX5DC,,,,,CPU
AMD,Turion 64 X2,TMDTL56HAX5DM,,,,,CPU
AMD,Turion 64 X2,TMDTL58HAX5CT,,,,,CPU
AMD,Turion 64 X2,TMDTL58HAX5DC,,,,,CPU
AMD,Turion 64 X2,TMDTL58HAX5DM,,,,,CPU
AMD,Turion 64 X2,TMDTL60HAX5CT,TMDTL60CTWOF,,,,CPU
AMD,Turion 64 X2,TMDTL60HAX5DC,,,,,CPU
AMD,Turion 64 X2,TMDTL60HAX5DM,,,,,CPU
AMD,Turion 64 X2,TMDTL62HAX5CT,,,,,CPU
AMD,Turion 64 X2,TMDTL62HAX5DM,,,,,CPU
AMD,Turion 64 X2,TMDTL64HAX5CT,,,,,CPU
AMD,Turion 64 X2,TMDTL64HAX5DC,,,,,CPU
AMD,Turion 64 X2,TMDTL64HAX5DM,,,,,CPU
AMD,Turion 64 X2,TMDTL66HAX5DC,,,,,CPU
AMD,Turion 64 X2,TMDTL66HAX5DM,,,,,CPU
AMD,Turion 64 X2,TMDTL68HAX5DM,,,,,CPU
AMD,Turion 64 X2,TMEL510HAX5DM,,,,,CPU
AMD,Turion 64 X2,TMRM70DAM22GG,,,,,CPU
AMD,Turion 64 X2,TMRM70DAM22GK,,,,,CPU
AMD,Turion 64 X2,TMRM72DAM22GG,,,,,CPU
AMD,Turion 64 X2,TMRM74DAM22GG,,,,,CPU
AMD,Turion 64 X2,TMRM75DAM22GG,,,,,CPU
AMD,Turion 64 X2,TMRM76DAM22GG,,,,,CPU
AMD,Turion 64 X2,TMRM77DAM22GG,,,,,CPU
AMD,Turion Neo X2,TMZL625OAX5DY,,,,,CPU
AMD,Turion X2 Ultra,TMZM80DAM23GG,,,,,CPU
AMD,Turion X2 Ultra,TMZM82DAM23GG,,,,,CPU
AMD,Turion X2 Ultra,TMZM84DAM23GG,,,,,CPU
AMD,Turion X2 Ultra,TMZM85DAM23GG,,,,,CPU
AMD,Turion X2 Ultra,TMZM86DAM23GG,,,,,CPU
AMD,Turion X2 Ultra,TMZM87DAM23GG,,,,,CPU
AMD,Turion X2 Ultra,TMZM88DAM23GG,,,,,CPU
