Generation,Manufacturer,Name,Model,Proceed,Succeed,Location,Product Line,Family,Type,Date,Num Sold,Price,Clone,CPU Family,,Bits,CPU,CPU part label,Speed,Chip 2,Chip 3,Chip 4,Chip 5,Game medium,Game Count,RAM,Graphics,Ram other,Reference 1,Ref 1 Date,Reference 2,Ref 2 Date,Reference 3,Ref 3 Date,Reference 4,Ref 4 Date,Reference 5,Ref 5 Date,Photo 1 link,Photo 1 Date,Photo 2 link,Photo 2 Date,Photo 3 link,Photo 3 Date,Photo 4 link,Photo 4 Date,Notes
,Acetronic,MPU 1000,,,,,,,,1976,,,,,,,,,,,,,,,,,,,,,,,,,,,,,,,,,,,,,
3,Amstrad,GX4000,,,,,,,Console,1990,,,,Z80,1,8,Z80A,ST Z8400AB1(Z80A),4MHz,AMSTRAD Pt. No40489,,,,,30,64k(system),16k,,http://www.the-liberator.net/site-files/retro-games/hardware/Atari-XE/atari-xe-rev-a-green-pcb.htm,01/10/21,https://commons.wikimedia.org/wiki/File:Amstrad-GX4000-Motherboard-Flat-Top.jpg,01/10/21,https://www.retrogamingconsoles.com/consoles/amstrad-gx4000/,01/10/21,,,,,,,,,,,,,
4,Amstrad,Mega PC,,,,,,,,1993,,,,x86(386),1,32,,AMD Am386SX/SXL-25,,,,,,,,1M,,,https://mcretro.net/amstrad-sega-mega-pc-486-cpu-upgrade-failure/,01/10/21,,,,,,,,,,,,,,,,,
,APF,"Imagination Machine, MP-1000, M-1000",,,,,,,Console +PC,1979,,,Base: MP1000,6800,1,8,6800,,,,,,,,,9k,,,http://videogamekraken.com/apf-mp-1000-imagination-machine-2,01/10/21,,,,,,,,,,,,,,,,,
2,APF,MP1000,,,,,,,Console,1978,,,,6800,1,8,6800,Motorola MC6800P,0.895MHz,,,,,,,1k,,,https://commons.wikimedia.org/wiki/File:APF-MP1000-Motherboard-Flat.jpg,01/10/21,,,,,,,,,,,,,,,,,
2,Atari,5200,,Atari 2600,,,,,Console,1982,1M,,no,6502,1,8,6502,Rockwell C014806-12,1.79MHz,,,,,ROM,69,16k,,,https://commons.wikimedia.org/wiki/User:Evan-Amos/VOGM/Atari5200,01/10/21,,,,,,,,,,,,,,,,,
3,Atari,7800,,Atari 5200,Atari XEGS,,,,Console,1986,100k(US),140,no,6502 based,1,8,Atari SALLY,NRC C014806C-29 or UMC UM6502I,1.19MHz,Rockwell R6532-15 or UM6532,,,,ROM,59,4k,,,https://the-liberator.net/site-files/retro-games/hardware/Atari-7800/atari-7800-rev-c-pal.htm,01/10/21,https://commons.wikimedia.org/wiki/User:Evan-Amos/VOGM/Atari7800,01/10/21,https://en.wikipedia.org/wiki/Atari_7800,01/10/21,https://en.wikipedia.org/wiki/List_of_Atari_7800_games,01/10/21,,,,,,,,,,,
2,Atari,"2600, 2600 Jr.",,Atari Home Pong,Atari 5200,,Atari 2600,,Console,1977,30M,199,no,6502,1,8,6507,Rockwell R6507-15 (C010745-12) or MOS C010547 or Synertek C010745-03 or UMC UM6507,1.19MHz,,,,,ROM,527,128B,,,https://the-liberator.net/site-files/retro-games/hardware/Atari-2600/atari-2600-4-switch-vader-rev6-1981-unstamped.htm,01/10/21,https://commons.wikimedia.org/wiki/User:Evan-Amos/VOGM/Atari2600,01/10/21,https://en.wikipedia.org/wiki/List_of_Atari_5200_games,01/10/21,http://www.the-liberator.net/site-files/retro-games/hardware/Atari-2600/atari-2600-odd-6-switch-woody-sunnyvale-rev-a-1978.htm,01/10/21,https://en.wikipedia.org/wiki/List_of_Atari_2600_games,01/10/21,,,,,,,,,
2,Atari,2800 VCS,,Atari 2600,,Japan,Atari 2600,,Console,1983,,,no,6502,1,8,MOS 6507,,1.19MHz,,,,,ROM,~30,,,,http://videogamekraken.com/atari-2800,01/10/21,https://www.atari.io/atari-2800/,01/10/21,,,,,,,,,,,,,,,
,Atari,7800 Nolan Bushnell Signature Series,,,,,,,,,,,,,,,,,,,,,,,,,,,http://www.videogameconsolelibrary.com/pg80-7800.htm#page=models,01/10/21,,,,,,,,,,,,,,,,,
,Atari,7800 Peritel,,,,,,,,,,,,,,,,,,,,,,,,,,,http://www.videogameconsolelibrary.com/pg80-7800.htm#page=models,01/10/21,,,,,,,,,,,,,,,,,
,Atari,7800 ProSystem,,,,,,,,,,,,,,,,,,,,,,,,,,,http://www.videogameconsolelibrary.com/pg80-7800.htm#page=models,01/10/21,,,,,,,,,,,,,,,,,
,Atari,AEGS/XE Rev A,,,,,,,console,,,,no,6502 based,,,,Rockwell C014806-12 or NRC C014806C-29 ,,,,,,,,,,,http://www.the-liberator.net/site-files/retro-games/hardware/Atari-XE/atari-xe-rev-a-brown-pcb.htm,01/10/21,,,,,,,,,,,,,,,,,
2,Atari,Flashback,,,,,Flashback,,Console: Emulator,2004,,,Emulator: Atari 2600,,,,,,,,,,,Preprogrammed,,,,,https://en.wikipedia.org/wiki/Atari_Flashback_series,01/10/21,,,,,,,,,,,,,,,,,
2,Atari,Flashback 2+,,,,,Flashback,,Console: Emulator,2010,,,Emulator: Atari 2600,,,,,,,,,,,Preprogrammed,,,,,https://en.wikipedia.org/wiki/Atari_Flashback_series,01/10/21,,,,,,,,,,,,,,,,,
2,Atari,Flashback 3,,,,,Flashback,,Console: Emulator,2011,,,Emulator: Atari 2600,,,,,,,,,,,Preprogrammed,,,,,https://en.wikipedia.org/wiki/Atari_Flashback_series,01/10/21,,,,,,,,,,,,,,,,,
2,Atari,Flashback 4,,,,,Flashback,,Console: Emulator,2012,,,Emulator: Atari 2600,,,,,,,,,,,Preprogrammed,,,,,https://en.wikipedia.org/wiki/Atari_Flashback_series,01/10/21,,,,,,,,,,,,,,,,,
2,Atari,Flashback 5,,,,,Flashback,,Console: Emulator,2014,,,Emulator: Atari 2600,,,,,,,,,,,Preprogrammed,,,,,https://en.wikipedia.org/wiki/Atari_Flashback_series,01/10/21,,,,,,,,,,,,,,,,,
2,Atari,Flashback 6,,,,,Flashback,,Console: Emulator,2015,,,Emulator: Atari 2600,,,,,,,,,,,Preprogrammed,,,,,https://en.wikipedia.org/wiki/Atari_Flashback_series,01/10/21,,,,,,,,,,,,,,,,,
2,Atari,Flashback 7,,,,,Flashback,,Console: Emulator,2016,,,Emulator: Atari 2600,,,,,,,,,,,Preprogrammed,,,,,https://en.wikipedia.org/wiki/Atari_Flashback_series,01/10/21,,,,,,,,,,,,,,,,,
2,Atari,Flashback 8,,,,,Flashback,,Console: Emulator,2017,,,Emulator: Atari 2600,,,,,,,,,,,Preprogrammed,,,,,https://en.wikipedia.org/wiki/Atari_Flashback_series,01/10/21,,,,,,,,,,,,,,,,,
2,Atari,Flashback 9,,,,,Flashback,,Console: Emulator,2018,,,Emulator: Atari 2600,,,,,,,,,,,Preprogrammed,,,,,https://en.wikipedia.org/wiki/Atari_Flashback_series,01/10/21,,,,,,,,,,,,,,,,,
2,Atari,Flashback II,,,,,Flashback,,Console: Emulator,2004,,,Emulator: Atari 2600,,,,,,,,,,,Preprogrammed,,,,,https://en.wikipedia.org/wiki/Atari_Flashback_series,01/10/21,,,,,,,,,,,,,,,,,
2,Atari,Flashback Portable,,,,,Flashback,,Handheld,2016,,,Emulator: Atari 2600,,,,,,,,,,,Preprogrammed,,,,,https://en.wikipedia.org/wiki/Atari_Flashback_series,01/10/21,,,,,,,,,,,,,,,,,
2,Atari,Flashback X,,,,,Flashback,,Console,2019,,,Emulator: Atari 2600,,,,,,,,,,,Preprogrammed,,,,,https://en.wikipedia.org/wiki/Atari_Flashback_series,01/10/21,,,,,,,,,,,,,,,,,
5,Atari,Jaguar,,XEGS,Jaguar CD,,Jaguar,,Console,1993,<250k,250$US,no,68000,1,32,,Motorola MC68000FN12F (used as manager of Tom chip and Jerry chip),13.3MHz,Atari 6SC600HF106(DSP)(Jerry Chip,Atari 6SC880HF106(GPU)(Tom chip),,,ROM,50,2M,,,https://the-liberator.net/site-files/retro-games/hardware/Atari-Jaguar/atari-jaguar-console-ntsc-rev-b.htm,01/10/21,https://en.wikipedia.org/wiki/Atari_Jaguar,01/10/21,https://en.wikipedia.org/wiki/List_of_Atari_Jaguar_games,01/10/21,,,,,,,,,,,,,
5,Atari,Jaguar CD,,Jaguar,Atari VCS,,Jaguar,,Disk drive,1995,20k,,no,,,,,,,,,,,,13,,,,http://www.videogameconsolelibrary.com/pg90-jaguar_cd.htm#page=reviews,01/10/21,https://en.wikipedia.org/wiki/Atari_Jaguar_CD,01/10/21,,,,,,,,,,,,,,,
4,Atari,Lynx,,,Lynx II,,Lynx,,Handheld,1990,189,3M,no,6502 based,1,16,65C02,Atari C301719-001 (Mikey),4MHz (16MHz?),"Atari C302284-001 (“Suzy” Chip [Blitter (bit-map block transfer) unit, graphics engine, math co-processor])",,,,ROM,,64k,,,https://commons.wikimedia.org/wiki/User:Evan-Amos/VOGM/AtariLynx,01/10/21,https://atarilynxdeveloper.wordpress.com/2013/09/01/lynx-model-2-hardware-revisions/,01/10/21,,,,,,,,,,,,,,,
,Atari,Lynx II,,Lynx,,,Lynx,,Handheld,1991,179,500k,no,6502 based,1,16,65C02,Atari C301719-001 (Hayato-Mikey) or VLSI VC5138-0002 (Mikey),4MHz (16MHz?),"Atari C302284-001 or VLSI VC5139-0002 (“Suzy” Chip [Blitter (bit-map block transfer) unit, graphics engine, math co-processor])",,,,ROM,,64k,,,https://atarilynxdeveloper.wordpress.com/2013/09/01/lynx-model-2-hardware-revisions/,01/10/21,,,,,,,,,,,,,,,,,
,Atari,"VCS, CX2600 (Rev 1)",,,,,Atari 2600,,Console,,,,no,,,,,MOS C0-10745,,,,,,,,,,,,,,,,,,,,,,,,,,,,,
3,Atari,XEGS,,Atari 7800,Jaguar,,XE,,Console,1987,,159,no,6502 based,1,8,,Rockwell C014806C-29(custom 6502C),,,,,,ROM,32MB RAM (Dingoo A320) / 64MB RAM (Dingoo A330),64k,,,http://www.the-liberator.net/site-files/retro-games/hardware/Atari-XE/atari-xe-rev-a-brown-pcb.htm,01/10/21,https://en.wikipedia.org/wiki/List_of_Atari_XEGS_games,01/10/21,,,,,,,,,,,,,,,
,Atari SA,Atari VCS,,,,,,,Console,2020,,199,,,2,64,AMD Rysen,,,Radeon Vega 3,,,,,,4-8G,4G,,,,,,,,,,,,,,,,,,,,
2,Audiosonic,1292 Advanced Programmable Video System,,,,Europe,,,Console,1978,,,,2650,1,8,2650,Signetics 2650AI,4.45MHz,,,,,,,43B,,,https://en.wikipedia.org/wiki/1292_Advanced_Programmable_Video_System,01/10/21,,,,,,,,,,,,,,,,,
2,Audiosonic,1392 Advanced Programmable Video System,,,,,,1292,Console,1978,,,,,,,,,,,,,,,,,,,https://en.wikipedia.org/wiki/1292_Advanced_Programmable_Video_System,01/10/21,,,,,,,,,,,,,,,,,
,Baiyi,C2: Color & Card,,,,China,,,Handheld,2015,,,,,,,,,,,,,,ROM,5,,,,http://videogamekraken.com/c2-color-card-by-baiyi-animation,01/10/21,,,,,,,,,,,,,,,,,
2,Bally,Astrocade,,,,,,,Console,1978,,,,Z80,1,8,Z80 clone,SGS Z8400AB1,1.789 MHz,,,,,,,4k,,,https://atariage.com/forums/topic/264057-dead-astrocade-strange-motherboard/,01/10/21,,,,,,,,,,,,,,,,,
,Bally,Professional Arcade,,,,,,,Console,1977,,,,Z80,,,Z80,Mostek MK3880N,,,,,,,,,,,https://commons.wikimedia.org/wiki/User:Evan-Amos/VOGM/ProfessionalArcade,01/10/21,,,,,,,,,,,,,,,,,
,Bandai,"Datach, Datach Joint ROM System",,,,,Family Computer,,Add-on,1992,,,,,,,,,,,,,,,7,,,,https://en.wikipedia.org/wiki/Datach,01/10/21,,,,,,,,,,,,,,,,,
,Bandai,"Design Master Denshi Mangajuku, Denshi Manga Juku, Paluseata",,,,Japan,,,,1995,,"¥9,800",,,,,,,,,,,,ROM,4,,,,,,,,,,,,,,,,,,,,,,
,Bandai,Let's! TV Play Classic,,,,,,,Emulator: arcade,2006,,,,,,,,,,,,,,,,,,,https://en.wikipedia.org/wiki/Let%27s!_TV_Play_Classic,01/10/21,,,,,,,,,,,,,,,,,
5,Bandai,Pippin @WORLD,,,,US,Pippin,,Console,1995,12k,599,no,PowerPC,,,PowerPC 603,,66MHz,,,,,CD-ROM,,6M shared,,,https://en.wikibooks.org/wiki/History_of_video_games/Fifth_generation_of_video_game_consoles/Apple_Pippin,01/10/21,http://www.videogameconsolelibrary.com/pg90-pippin.htm#page=specs,01/10/21,https://pippin.fandom.com/wiki/Pippin_@WORLD,01/10/21,,,,,,,,,,,,,
5,Bandai,Pippin Atmark,,,,Japan,Pippin,,Console,1995,30k,"JP¥ 49,800 (body set + 4 disks)",no,PowerPC,,,PowerPC 603,,66MHz,Brooktree Bt856KPJ,,,,CD-ROM,,6M shared,,,https://en.wikibooks.org/wiki/History_of_video_games/Fifth_generation_of_video_game_consoles/Apple_Pippin,01/10/21,http://www.videogameconsolelibrary.com/pg90-pippin.htm#page=specs,01/10/21,https://pippin.fandom.com/wiki/Pippin_Atmark,01/10/21,,,,,,,,,,,,,
5,Bandai,Playdia,,,,,,,Console,1994,,"¥24,800",,TLCS-870,1,8,,Toshiba TMP87C800F,8MHz,NEC PD78214GC,Asahi Kasei AK8000 (audio/video),,,,33,256k,512k,,https://en.wikibooks.org/wiki/History_of_video_games/Fifth_generation_of_video_game_consoles/Playdia,01/10/21,https://www.datasheetarchive.com/pdf/download.php?id=a25c9e5925233f5def88a796fd6c239df81489&type=O&term=TMP87C800F,01/10/21,https://commons.wikimedia.org/wiki/File:Bandai-Playdia-Motherboard-BR.jpg,01/10/21,,,,,,,,,,,,,
,Bandai,RX-78,,,,,,,Console,1983,,,,Z80,1,8,Z80,LH0080A,4.1MHz,,,,,,19,30k,,,https://en.wikipedia.org/wiki/Bandai_RX-78,01/10/21,,,,,,,,,,,,,,,,,
4,Bandai,SuFami Turbo,,,,,Super Famicom,,Add-on: Super Famicom,1996,,,,,,,,,,,,,,,13,,,,https://en.wikipedia.org/wiki/SuFami_Turbo,01/10/21,,,,,,,,,,,,,,,,,
2,Bandai,Super Vision 8000,,,,,,,Console,1979,,"59,800 Yen",no,Z80,1,8,Z80 clone,NEC uPD780C,3.58MHz,S68047P (video),AY-3-8910 (sound),,,,7,,,,,,,,,,,,,,,,,,,,,,
5,Bandai,SwanCrystal (SCT-001),,,,,WonderSwan,,Handheld,2002,,"JP¥ 7,800",no,V30,1,16,NEC V30MZ Clone,Bandai SPGY-1002,3MHz,,,,,ROM,,64k,,,https://www.pocketgamer.com/articles/007285/handheld-classics-bandai-wonderswan/,01/10/21,,,,,,,,,,,,,,,,,
,Bandai,WonderSwan (SW-001),,,WonderSwan Color,,WonderSwan,,Handheld,1999,3.5M,"JP¥ 4,800",no,V30,1,16,NEC V30 MZ,,3MHz,,,,,ROM,,32k,,,https://au.pcmag.com/gaming-systems/43073/son-of-pc-the-history-of-x86-game-consoles,01/10/21,https://www.pocketgamer.com/articles/007285/handheld-classics-bandai-wonderswan/,01/10/21,https://wonderswan.fandom.com/wiki/WonderSwan,01/10/21,,,,,,,,,,,,,
,Bandai,WonderSwan Color (WSC-001),,WonderSwan,,,WonderSwan,,Handheld,2000,,"JP¥ 6,800",no,V30,1,16,NEC V30MZ Clone,Bandai SPGY-1002,3MHz,,,,,ROM,,64k,,,https://www.pocketgamer.com/articles/007285/handheld-classics-bandai-wonderswan/,01/10/21,,,,,,,,,,,,,,,,,
,Bandi,Terebikko,,,,,,,Console,1988,,,no,,,,,,,,VHS,,,,,,,,https://en.wikipedia.org/wiki/Terebikko,01/10/21,,,,,,,,,,,,,,,,,
3,BBC,Bridge Companion,,,,,,,Console,1985,,,,Z80,1,8,Z80,SGS Z8400AB1,,,,,,,,2k,system,,https://live.staticflickr.com/3343/3522891660_c1ccd909d8.jpg,01/10/21,,,,,,,,,,,,,,,,,
4,Bit Corperation,Gamate,,,,,,,,1990,,,,6502 based,1,8,,UMC UA6588F or NCR 81489,,,,,,,,16k,,,,,,,,,,,,,,,,,,,,,
,Blaze,Evercade,,,,,,,,2020,,,Emulator,ARM Cortex,,,Cortex-A7,,1.2GHz,,,,,,,,,,https://en.wikipedia.org/wiki/Evercade,01/10/21,,,,,,,,,,,,,,,,,
,Boxer8,OUYA,,,,,,,,2012,,,,ARM Cortex,4,,Cortex-A9,,1.7GHz,Nvidia Tegra3 T33,,,,,,1G,,,http://www.videogameconsolelibrary.com/pg10-ouya.htm#page=specs,01/10/21,,,,,,,,,,,,,,,,,
,Brezzasoft,Brezzasoft Crystal System,,,,,,,Arcade,2001,,,,,,32,,ADC SE3208,,Magic Eyes VRender,,,,,,,,,https://wiki.arcadeotaku.com/w/Brezzasoft_Crystal_System,01/10/21,,,,,,,,,,,,,,,,,
,BrezzaSoft,Crystal System,,,,,,,Arcade,2001,,,,,,32,ADC SE3208 32bit RISC,,43MHz,,,,,,2,,,,https://snk.fandom.com/wiki/Crystal_System,01/10/21,,,,,,,,,,,,,,,,,
,Bright Things,Bubble Games,,,,,,,,2005,,,,,,,,,,,,,,DVD,,,,,http://kelvin.leadhoster.com/bubble/index.htm,01/10/21,,,,,,,,,,,,,,,,,
,Cadaco,Buzztime Home Trivia System,,,,,,,,,,,,,,,,,,,,,,,,,,,,,,,,,,,,,,,,,,,,,
,Camerica,Aladdin Deck Enhancer,,,,,,,Add-on,1992,,,,,,,,,,,,,,ROM,7,,,,https://en.wikipedia.org/wiki/Aladdin_Deck_Enhancer,01/10/21,,,,,,,,,,,,,,,,,
,Capcom,CPS,,,,,,,,1994,,,,68000 based,1,,,,10MHz,Sony CXA1645 (chroma encoder),,,,,,on cartridge,,,http://www.videogameconsolelibrary.com/pg90-capcom.htm#page=specs,01/10/21,,,,,,,,,,,,,,,,,
5,Casio,Loopy,,,,,,,,1995,,,,SuperH (SH-3),1,32,SH7021,HD6437021TE20,,NEC CDT109,Casio RH-7500,,,,,,,,https://commons.wikimedia.org/wiki/File:Casio-Loopy-Motherboard-BR.jpg,01/10/21,,,,,,,,,,,,,,,,,
3,Casio,PV-1000,,,,,,,Console,1983,,,,Z80,1,8,Z80,NEC D780C-1,3.579MHz,,,,,,,2k,1k allocated for vram,,https://pbs.twimg.com/media/DWwh6n0X4AAbSUE.jpg,01/10/21,,,,,,,,,,,,,,,,,
,Casio,PV-2000,,,,,,,,,,,,,,,,,,,,,,,,,,,http://www.videogameconsolelibrary.com/pg80-pv1000.htm#page=models,01/10/21,,,,,,,,,,,,,,,,,
,CBS Electronics,ColecoVision,,,,,ColecoVision,,Console,1982,2M,,,Z80,1,8,Z80,Goldstar Z8400BPS or Zilog Z8400APS,,,,,,,,1k,,,https://the-liberator.net/site-files/retro-games/hardware/ColecoVision/colecovision.htm,01/10/21,https://commons.wikimedia.org/wiki/User:Evan-Amos/VOGM/ColecoVision,01/10/21,http://www.videogameconsolelibrary.com/pg80-colecovision.htm#page=models,01/10/21,,,,,,,,,,,,,
,Coby,VZON TF-DVD560,,,,,,,Handheld + DVD player,2006,,,"Emulator: Sega Master, GameGear",,,,,,,,,,,,,,,,http://videogamekraken.com/coby-vzon-tf-dvd560,01/10/21,,,,,,,,,,,,,,,,,
2,Coleco,ColecoVision,,,,,ColecoVision,,Console,1982,2M,,,Z80,1,8,Z80,Goldstar Z8400BPS or Zilog Z8400APS,,,,,,,,1k,,,https://the-liberator.net/site-files/retro-games/hardware/ColecoVision/colecovision.htm,01/10/21,https://commons.wikimedia.org/wiki/User:Evan-Amos/VOGM/ColecoVision,01/10/21,,,,,,,,,,,,,,,
7,Coleco,Sonic,,,,,,,,2006,,,"Emulator: Master System, Game Gear",,,,,,,,,,,,20,,,,https://en.wikipedia.org/wiki/Coleco_Sonic,01/10/21,,,,,,,,,,,,,,,,,
,Commodore,Amiga CD32,,,,,Amiga,,,1993,,,,68020,1,32,,Motorola MC68EC020FG16,14MHz,CSG 391010-01 8374-alice (DMA controller),HP 391227-01 1XS6-LISA (video),"VLSI 391563-01 VY06575-2 (ASIC 3D graphic, CD-ROM, AUX port)",,,,2M,,,http://www.videogameconsolelibrary.com/pg90-cd32.htm#page=specs,01/10/21,http://amiga.serveftp.net/datasheets.html,01/10/21,https://bigbookofamigahardware.com/bboah/product.aspx?id=1479,01/10/21,,,,,,,,,,,,,
,Commodore,C64 Direct-to-TV,,,,,C64,,,,,,Emulator: C64,6502 based,,,"ASIC: 6510 CPU, VIC-II, SID, CIA, and PLA",,32MHz,,,,,,,,,,,,,,,,,,,,,,,,,,,,
3,Commodore,C64 Games System,,,,,C64,,Console,,,,,6502,1,8,,CSG 8500,,,,,,,,,,,https://www.breadbox64.com/c64-hardware/commodore-64gs/,01/10/21,,,,,,,,,,,,,,,,,
,Conic,M-1200,,,,,,,Console,,,,,,,,,,,,,,,,,,,,,,,,,,,,,,,,,,,,,,
3,Daewoo,Zemmix V CPC-51,,,,,,,,1985,,,,Z80,1,8,Z80,Goldstar Z8400A PS,,,,,,,,,,"Versions: CPC-50, Superboy, CPC-51, CPC-330K, CPC-61,  CPG-120",https://www.generation-msx.nl/hardware/daewoo-electronics/cpc-51-zemmix-v/media/115/,01/10/21,,,,,,,,,,,,,,,,,
,Dendy,Junior II ,,,,,Junior,,,,,,,,,,,,,,,,,,,,,,,,,,,,,,,,,,,,,,,,
,Dingoo,Dingoo,,,,,,,Handheld,,1M(2009),,,Xburst,,,,Jz4732 / Jz4740,360MHz,,,,,,32MB RAM (Dingoo A320) / 64MB RAM (Dingoo A330),,,,https://en.wikipedia.org/wiki/Dingoo,01/10/21,,,,,,,,,,,,,,,,,
,eedoo,"CT510, iSec, eBox",,,,,,,Console,2012,,,,,,,,,,,,,,,,,,,https://en.wikipedia.org/wiki/CT510,01/10/21,,,,,,,,,,,,,,,,,
,Elecktor,TV Games Computer,,,,,,,Console,1979,,£ 200-300,,2650,,,,Signetics 2636 (Graphics),,,,,,Cassette,,,,,,,,,,,,,,,,,,,,,,,
2,Emerson Radio,Arcadia 2001,,,,,,,Console,1982,,,"UFO Super Game, Galaxy 16-Bit Power Play, Pegasus Mark II, PC Boy, Super Engine ",2650,1,8,2650,Signetics 2650 or 2650AN,,Signetics 2637N,,,,,,1k,,,,,,,,,,,,,,,,,,,,,
2,Entex,Adventure Vision,,,,,,,,1982,,,,MCS-48,1,8,,National Semiconductor INS8048-11KDP/N,0.733MHz,,,,,,,1k,system,,https://handheldmuseum.com/Entex/AV.html,01/10/21,,,,,,,,,,,,,,,,,
2,Entex,Select-A-Game,,,,,,,Handheld,1981,,54.99,,,,,,,,,,,,,6,,,,https://en.wikipedia.org/wiki/Entex_Select-A-Game,01/10/21,,,,,,,,,,,,,,,,,
,Envizions,EVO,,,,,EVO,,Console,2009,,,,X86-64,,,AMD 64x2 5600,,2.9GHz,ATI HD 3200 ,,,,,,1G,,,http://www.videogameconsolelibrary.com/pg00-evo.htm#page=specs,01/10/21,,,,,,,,,,,,,,,,,
,Envizions,EVO 2,,,,,EVO,,Console,2013,,,,X86-64,,,"AMD CORTEX A8 core, Samsung S5PV210",,1GHz,Nvidia Tegra ,,,,,,,,,http://www.videogameconsolelibrary.com/pg00-evo.htm#page=models,01/10/21,,,,,,,,,,,,,,,,,
,Envizions,EVO 2 DX,,,,,EVO,,Console,2011,,,,X86-64,,,,,,,,,,,,1G,,,http://www.videogameconsolelibrary.com/pg00-evo.htm#page=models,01/10/21,,,,,,,,,,,,,,,,,
,Envizions,"EVO Smart Console, Evo: Phase One",,,,,EVO,,Console,2008,,250$US,,x86,,64,AMD Athlon 64x2 5600+,,2.9GHz,ATI HD 3200,,,,"CD-ROM, DVD",2G,,,,https://en.wikipedia.org/wiki/EVO_Smart_Console,01/10/21,,,,,,,,,,,,,,,,,
2,Epoch,Cassette Vision,,,Super Cassette Vision,,Cassette Vision,,Console,1981,,,,uPD77xx,1,8,uPD7801,NEC D7801G,,EPOCH TV-I,,,,,,,,,http://self.gutenberg.org/articles/super_cassette_vision,01/10/21,,,,,,,,,,,,,,,,,
2,Epoch,Game Pocket Computer,,,,,,,Handheld,1984,,,,uPD7800,1,8,,NEC uPD78c06,6MHz,,,,,,,2k,,,,,,,,,,,,,,,,,,,,,
3,Epoch,Super Cassette Vision,,Cassette Vision,,,Cassette Vision,,,1984,,,,Z80 based,1,8,,NEC uPD7801G,4MHz,,,,,,,128B,,,https://www.old-computers.com/museum/computer.asp?c=844,01/10/21,,,,,,,,,,,,,,,,,
,Epoch/Yeno,"CASSETTE VISION LADY, ",,,,,,,,1985,,,,,,,,,,,,,,,25,,,,http://ultimateconsoledatabase.com/others/cassette_vision_lady.htm,01/10/21,,,,,,,,,,,,,,,,,
2,Fairchild,Channel F,,,Channel F System II,,Channel F,,Console,1976,250k,169.95,no,F8,1,8,Fairchild F3850,Fairchild F3850,1.79 MHz,,,,,,27,64B,,,https://en.wikipedia.org/wiki/Fairchild_Channel_F,01/10/21,,,,,,,,,,,,,,,,,
,Fairchild,Channel F System II,,Channel F,,,Channel F,,Console,1979,,,no,F8,1,8,,,,,,,,,6,,,,https://en.wikipedia.org/wiki/Fairchild_Channel_F,01/10/21,,,,,,,,,,,,,,,,,
4,Fujitsu,FM Towns,,,,,FM Towns,,PC + Console,1989,,,,386,1,32,,?AMD Am386DX/DXL-20,?20MHz,,,,,,,1-2M,,,https://www.m-e-g-a.org/fm-towns-mega-archive/,01/10/21,,,,,,,,,,,,,,,,,
5,Fujitsu,FM Towns Car Marty MVP-1,,,,,FM Towns,,Console: Car,1994,,,,x86,1,32,,,,,,,,CD-ROM,,,,,http://videogamekraken.com/car-marty-by-fujitsu-ten,01/10/21,,,,,,,,,,,,,,,,,
,Fujitsu,FM Towns Car Marty MVP-10,,,,,FM Towns,,,2014,,,,x86,1,32,,,,,,,,CD-ROM,,,,,http://videogamekraken.com/car-marty-by-fujitsu-ten,01/10/21,,,,,,,,,,,,,,,,,
,Fujitsu,FM Towns CX,,,,,FM Towns,,PC+Console,,,,,x86,1,32,,386DX-16,16MHz,,,,,,,,,,https://en.wikipedia.org/wiki/FM_Towns,01/10/21,,,,,,,,,,,,,,,,,
,Fujitsu,"FM Towns Fresh-FS, Fresh-FT",,,,,FM Towns,,PC+Console,,,,,x86,1,32,,486DX4-100,66MHz,,,,,,,,,,https://en.wikipedia.org/wiki/FM_Towns,01/10/21,,,,,,,,,,,,,,,,,
,Fujitsu,FM Towns HB,,,,,FM Towns,,PC+Console,,,,,x86,1,32,,Pentium,60MHz,,,,,,,,,,https://en.wikipedia.org/wiki/FM_Towns,01/10/21,,,,,,,,,,,,,,,,,
,Fujitsu,FM Towns HC,,,,,FM Towns,,PC+Console,,,,,x86,1,32,,Pentium,90MHz,,,,,,,,,,https://en.wikipedia.org/wiki/FM_Towns,01/10/21,,,,,,,,,,,,,,,,,
,Fujitsu,FM Towns HD,,,,,FM Towns,,PC+Console,,,,,x86,1,32,,386DX-20,20MHz,,,,,,,,,,https://en.wikipedia.org/wiki/FM_Towns,01/10/21,,,,,,,,,,,,,,,,,
,Fujitsu,"FM Towns HR, UR",,,,,FM Towns,,PC+Console,,,,,x86,1,32,,486SX-20,20MHz,,,,,,,,,,https://en.wikipedia.org/wiki/FM_Towns,01/10/21,,,,,,,,,,,,,,,,,
,Fujitsu,FM Towns II CX-20,,,,,FM Towns,,PC+Console,,,,,x86,1,32,,? Intel 386DX,,,,,,,,,,,https://en.wikipedia.org/wiki/FM_Towns,01/10/21,,,,,,,,,,,,,,,,,
,Fujitsu,"FM Towns MA, MF, Fresh, FreshTV, Fresh-T, EA",,,,,FM Towns,,PC+Console,,,,,x86,1,32,,486SX-33,33MHz,,,,,,,,,,https://en.wikipedia.org/wiki/FM_Towns,01/10/21,,,,,,,,,,,,,,,,,
5,Fujitsu,FM Towns Marty,,,,,FM Towns,,Console,1993,,,,x86(386),1,32,,AMD NC80386SX-16,16MHz,MB88505H,,,,,,2M,,,https://console5.com/wiki/FM_Towns_Marty,01/10/21,,,,,,,,,,,,,,,,,
5,Fujitsu,FM Towns Marty II,,,,,FM Towns,,Console,,,,,x86,1,32,,,,,,,,,,,,,,,,,,,,,,,,,,,,,,,
,Fujitsu,FM Towns ME,,,,,FM Towns,,PC+Console,,,,,x86,1,32,,486SX-25,25MHz,,,,,,,,,,https://en.wikipedia.org/wiki/FM_Towns,01/10/21,,,,,,,,,,,,,,,,,
,Fujitsu,"FM Towns MX, Fresh-E, Fresh-ES, Fresh-ET, HA",,,,,FM Towns,,PC+Console,,,,,x86,1,32,,486DX2-66,66MHz,,,,,,,,,,https://en.wikipedia.org/wiki/FM_Towns,01/10/21,,,,,,,,,,,,,,,,,
,Fujitsu,FM Towns UG,,,,,FM Towns,,PC+Console,,,,,x86,1,32,,386SX-20,20MHz,,,,,,,,,,https://en.wikipedia.org/wiki/FM_Towns,01/10/21,,,,,,,,,,,,,,,,,
,Fujitsu,FM Towns UX,,,,,FM Towns,,PC+Console,,,,,x86,1,32,,386SX-16,16MHz,,,,,,,,,,https://en.wikipedia.org/wiki/FM_Towns,01/10/21,,,,,,,,,,,,,,,,,
,Fujitsu,"FMV Towns Fresh GT, Fresh GS",,,,,FM Towns,,PC+Console,,,,,x86,1,32,,Pentium,90MHz,,,,,,,,,,https://en.wikipedia.org/wiki/FM_Towns,01/10/21,,,,,,,,,,,,,,,,,
,Fujitsu,FMV Towns Model H,,,,,FM Towns,,PC+Console,,,,,x86,1,32,,Pentium,120MHz,,,,,,,,,,https://en.wikipedia.org/wiki/FM_Towns,01/10/21,,,,,,,,,,,,,,,,,
4,Funtech,Super A’Can,,,,,,,,1995,,,no,68000,,,680000,Motorola MC68000P10,10.738635 MHz ,UMC UM6618 (graphics),UMC UM6619 (sound),,,,,256k,128B,,https://commons.wikimedia.org/wiki/File:Super-Acan-Motherboard-03.jpg,01/10/21,,,,,,,,,,,,,,,,,
2,Gakken,Compact Vision TV Boy,,,,,,,,1983,,,,6800,1,8,6801,MC6801(in cartidge),4MHz,,,,,,,2k,,,http://videogamekraken.com/gp32-by-game-park,01/10/21,,,,,,,,,,,,,,,,,
,Game Consoles Worldwide,GCW Zero,,,,,GCW,,Handheld,2013,,150,,,,,Ingenic JZ4770,,1GHz,Vivante GC860,,,,,,,,,https://en.wikipedia.org/wiki/GCW_Zero,01/10/21,,,,,,,,,,,,,,,,,
7,Game Park,GP2X,,,,,GP2X,,Emulator,2005,"60,000 (inc. GP2X F200 sales)",185,,,,,,,,,,,,,,,,,,,,,,,,,,,,,,,,,,,
7,Game Park,GP2X Caanoo,,,,,GP2X,,,2010,,150,,,,,,,,,,,,,,,,,,,,,,,,,,,,,,,,,,,
7,Game Park,GP2X Wiz,,,,,GP2X,,,2009,,179,,,,,,,,,,,,,,,,,,,,,,,,,,,,,,,,,,,
,Game Park,GP32,,,,,,,Handheld,2001,30k,,,ARM9,,,ARM920T,Samsung S3C2400X01,133MHz,,,,,,,8M,,,,,,,,,,,,,,,,,,,,,
,GamePad Digital,GDP Win 1st ed,,,,,GDP,,Handheld,2016,,350–400,,,,,"Intel Atom x7-Z8700 (1st ed.), Intel Atom x7-Z8750 (2nd Ed.)",,,,,,,,,4G,,,https://en.wikipedia.org/wiki/GPD_Win,01/10/21,,,,,,,,,,,,,,,,,
,GamePad Digital,GDP Win Max,,,,,GDP,,Handheld,,,,,,,,Intel Core i5-1035G7,,,,,,,,,16G,,,https://en.wikipedia.org/wiki/GPD_Win_Max,01/10/21,,,,,,,,,,,,,,,,,
,GamePad Digital,GPD Win 2 (2017),,,,,GDP,,Handheld,2018,,,,,,,Intel Core M3-7Y30,,2.6GHz,,,,,,,8G,,,https://en.wikipedia.org/wiki/GPD_Win,01/10/21,https://en.wikipedia.org/wiki/GPD_Win_2,01/10/21,,,,,,,,,,,,,,,
,GamePad Digital,GPD Win 2 (2019),,,,,GDP,,Handheld,2018,,,,,,,Intel core M3-8100Y,,2.6GHz,,,,,,,8G,,,https://en.wikipedia.org/wiki/GPD_Win,01/10/21,https://en.wikipedia.org/wiki/GPD_Win_2,01/10/21,,,,,,,,,,,,,,,
,GamePad Digital,GPD XD,,,,,GDP,,Handheld,2015,,$194,,ARM Cortex,,,ARM Cortex-A17,Rockchip RK3288,1.4GHz,ARM Mali-T764,,,,,,2G,,,https://en.wikipedia.org/wiki/GPD_XD,01/10/21,,,,,,,,,,,,,,,,,
,GamePad Digital,GPD XD Plus,,,,,GDP,,Handheld,2018,,$207,,,,,,,,,,,,,,,,,,,,,,,,,,,,,,,,,,,
2,GCE/Milton Bradley,Vectrex,,,,,,,Console,1982,,,,6809,1,8,6809,Hitachi HD68A09P,1.5MHz,GI AY-3-8912 (sound),,,,,,1k,,,http://www.vectrex.de/es/download/,01/10/21,http://www.vectrex.de/wp-content/uploads/2013/12/Vectrex-Logic-Board-Layout.jpg,01/10/21,http://videogamekraken.com/vectrex,01/10/21,https://commons.wikimedia.org/wiki/User:Evan-Amos/VOGM/Vectrex,01/10/21,,,,,,,,,,,
,Gemei ,Gemei X760+ ,,,,,,,Handheld: emulator,,,,"Emulator: GBA, Neo-Geo, CPS1, NES. Sega Genesis, CPS2, GB & GBC",MIPS32,1,32,MIPS XBurst,Ingenic JZ4740,400MHz,,,,,,,,,,https://www.ecrater.com/p/5603317/gemei-x760-multi-platform-portable,01/10/21,,,,,,,,,,,,,,,,,
,Giochi Preziosi,My Life,,,,,,,Handheld,2007,,€64.90,,,,,,,,,,,,,,,,,,,,,,,,,,,,,,,,,,,
,Giochi Preziosi,My Real Life,,,,,,,Handheld,2010,1M,€114.90 ,,,,,,,,,,,,,,,,,,,,,,,,,,,,,,,,,,,
4,Hartung,"Game Master, Super Game, Game Tronic",,,,Germany,Game Master,,Handheld,1990,,,no,uPD7810,,,NEC D78C11AGF,,,,,,,ROM,19,,,,https://en.wikipedia.org/wiki/Game_Master_(console),01/10/21,https://web.archive.org/web/20120206060224/http://www.angrypixel.net/pressstart/index.php?s=content&p=insidehgm,01/10/21,,,,,,,,,,,,,,,
3,Hasbro,Control-Vision,,,,,,,Console,1985,,,no,,,,,,,,VHS,,,,,,,,https://en.wikipedia.org/wiki/View-Master_Interactive_Vision,01/10/21,,,,,,,,,,,,,,,,,
,Hasbro,"iON, iON EGS",,,,,,,Console: Educational,2006,,,,,,,,,,,,,,,,,,,http://videogamekraken.com/ion-educational-gaming-system-by-hasbro,01/10/21,,,,,,,,,,,,,,,,,
,Hasbro,Net Jet,,,,,,,Console/PC Add-on,,,,,,,,,,,,,,,,,,,,https://en.wikipedia.org/wiki/Net_Jet,01/10/21,,,,,,,,,,,,,,,,,
,Hitachi,HiSaturn,,,,,,,,,"Possibly then only 2,000 ","150,000 Yen",,,2 chips,32,SH-2,,,,,,,,,,,,https://nfggames.com/games/hisaturn/,01/10/21,,,,,,,,,,,,,,,,,
,Hitachi,HiSaturn Navi,,,,,,,,,,,,,,,,,,,,,,,,,,,,,,,,,,,,,,,,,,,,,
,Intelligent Systems,Wide-Boy64,,,,,,,Extension,,,,,,,,,Nintendo CPU CGB C,,,,,,,,,,,,,,,,,,,,,,,,,,,,,
,JungleTac,VG Pocket Caplet,,,,,,,Handheld,2008,,40,,,,16,,,,,,,,Built-in,50,,,,https://en.wikipedia.org/wiki/VG_Pocket,01/10/21,https://bootleggames.fandom.com/wiki/Pelican_VG_Pocket,01/10/21,https://bootleggames.fandom.com/wiki/VG_Pocket_Caplet,01/10/21,,,,,,,,,,,,,
,JungleTac,"VG Pocket Max, Gamespower 50(UK)",,,,,,,Handheld,2005,,,,,,,VT09,,,,,,,Built-in,75,,,,https://en.wikipedia.org/wiki/VG_Pocket,01/10/21,https://bootleggames.fandom.com/wiki/Pelican_VG_Pocket,01/10/21,https://bootleggames.fandom.com/wiki/VG_Pocket_Max,01/10/21,,,,,,,,,,,,,
,JungleTac,VG Pocket Mini,,,,,,,Handheld,,,,,,,,,,,,,,,,30,,,,https://en.wikipedia.org/wiki/VG_Pocket,01/10/21,https://bootleggames.fandom.com/wiki/Pelican_VG_Pocket,01/10/21,,,,,,,,,,,,,,,
,JungleTac,VG Pocket Tablet,,,,,,,Handheld,2006,,29.99,,,,,VT09,,,,,,,Built-in,25,,,,https://en.wikipedia.org/wiki/VG_Pocket,01/10/21,https://bootleggames.fandom.com/wiki/Pelican_VG_Pocket,01/10/21,https://bootleggames.fandom.com/wiki/VG_Pocket_Tablet,01/10/21,,,,,,,,,,,,,
,JungleTac,"VG Pocket, VG Pocket 50  ",,,,,,,Handheld,2005,,,,,,,VT09,,,,,,,,50,,,,https://en.wikipedia.org/wiki/VG_Pocket,01/10/21,https://bootleggames.fandom.com/wiki/Pelican_VG_Pocket,01/10/21,,,,,,,,,,,,,,,
,JungleTac,"Vii, Sport Vii(Japan)",,,,,,,Console,2007,">300,000(2007)",,no,S+Core,,16,Sunplus SPG,,,,,,,,,,,,https://en.wikipedia.org/wiki/Vii,01/10/21,,,,,,,,,,,,,,,,,
,JungleTac,Wireless 60,,Wireless Hunting Video Game System,Wireless Air 60,,,,Console,,,,,,,,,,,,,,,,60,,,,https://bootleggames.fandom.com/wiki/Wireless_60,01/10/21,,,,,,,,,,,,,,,,,
,JungleTac,Wireless Air 60,,Wireless 60,,,,,Console,,,,,,,,,,,,,,,,60,,,,https://bootleggames.fandom.com/wiki/Wireless_Air_60,01/10/21,,,,,,,,,,,,,,,,,
,JungleTac,"Wireless Hunting Video Game System, Wireless",,,Wireless 60,,,,,,,,,,,,,,,,,,,,,,,,https://bootleggames.fandom.com/wiki/Wireless_Hunting_Video_Game_System,01/10/21,,,,,,,,,,,,,,,,,
,JVC,V-Saturn,,,,,,,,,,,,,,,,,,,,,,,,,,,,,,,,,,,,,,,,,,,,,
4,Konami,Picno,,,Picno2,Japan,Picno,,Console,1992,,"¥29,800",no,H8,,,H8/532,HD6435328F10,,,,,,,23,,,,http://videogamekraken.com/picno-by-konami,01/10/21,https://github.com/mamedev/mame/commit/4f536b2d0dcb7649a02d046d550b7142c0426933,01/10/21,,,,,,,,,,,,,,,
,Konami,Picno2,,Picno,,Japan,Picno,,Console,1993,,"¥15,800",no,,,,,,,,,,,,23,,,,http://videogamekraken.com/picno2-by-konami,01/10/21,https://github.com/mamedev/mame/commit/4f536b2d0dcb7649a02d046d550b7142c0426933,01/10/21,,,,,,,,,,,,,,,
,Kooton,Odyssey 2,,,,Japan,,,,,,,,,,,,,,,,,,,,,,,,,,,,,,,,,,,,,,,,,
,LeapFrog,Didj,,,,,,,,,,,,,,,,,,,,,,,,,,,,,,,,,,,,,,,,,,,,,
,LeapFrog,iQuest,,,,,,,,,,,,,,,,,,,,,,,,,,,,,,,,,,,,,,,,,,,,,
6,LeapFrog,Leapster,,,,,Leapster,,Handheld: Educational,2003,,,no,ARC,1,32,,ARCTangent-A5,96Mhz,ATI(Graphics),,,,,,2M,4M,,https://en.wikipedia.org/wiki/Leapster,01/10/21,,,,,,,,,,,,,,,,,
6,LeapFrog,Leapster 2,,,,,Leapster,,Handheld: Educational,2008,,,no,ARC,1,32,,ARCTangent-A5,(Overclocked),ATI(Graphics),,,,,,16M,4M,,https://en.wikipedia.org/wiki/Leapster,01/10/21,,,,,,,,,,,,,,,,,
7,LeapFrog,Leapster Explorer,,,,,Leapster,,Handheld: Educational,2010?,,,no,ARM9,1,32,,ARM9,393Mhz,,,,,,,64M,,,https://en.wikipedia.org/wiki/Leapster_Explorer,01/10/21,,,,,,,,,,,,,,,,,
,LeapFrog,LeapsterGS Explorer,,,,,Leapster,,Handheld: Educational,,,,no,,,,,,,,,,,,,,,,,,,,,,,,,,,,,,,,,,
,LeapFrog,LeapTV,,,,,,,Console: Educational,2014,,149.99,no,,,,,,,,,,,ROM,9,,,,https://en.wikipedia.org/wiki/LeapTV,01/10/21,,,,,,,,,,,,,,,,,
,LetCool ,N350JP,,,,,,,Handheld,,,75.95,"Emulator: GB/GBC, Sega Genesis, SNES, NES, GBA ",ARM9,,,Sunplus80XX,,,,,,,,,,,,https://computer.fandom.com/wiki/Letcool_N350JP,01/10/21,,,,,,,,,,,,,,,,,
3,LJN,Video Art,,,,,,,Console: Educational,1985?1987,,,no,,,,,,,,,,,ROM,,,,,https://en.wikipedia.org/wiki/LJN_Video_Art,01/10/21,,,,,,,,,,,,,,,,,
,M&D,Monon Color,,,,,,,Handheld,2014,,,,,,,,,100MHz,,,,,ROM,,15k,,,,,,,,,,,,,,,,,,,,,
,Mad Catz,M.O.J.O.,,,,,,,,2013,,,,Tegra,,,NVIDIA Tegra 4,,1.8GHz,,,,,,,,,,http://www.videogameconsolelibrary.com/pg10-mojo.htm#page=specs,01/10/21,,,,,,,,,,,,,,,,,
2,Magnavox,Odyssey 2,,,,,,,Console,1978,2M,,,MCS-48,1,8,8048,Intel P8048H,3.58 MHz,Intel P8244,,,,,,64B,128B,,https://commons.wikimedia.org/wiki/User:Evan-Amos/VOGM/Odyssey2,01/10/21,,,,,,,,,,,,,,,,,
1,Magnovox,Wonder Wizard (7702),,,,,,,Console,1976,,,,,,,,General Instrument AY-3-8500 ,,,,,,,,,,,https://en.wikipedia.org/wiki/Wonder_Wizard_(7702),01/10/21,,,,,,,,,,,,,,,,,
,Mattel,Childrens Discovery System,,,,,,,,,,,,,,,,,,,,,,,,,,,,,,,,,,,,,,,,,,,,,
7,Mattel,HyperScan,,,,,,,Console,2006,,,no,S+Core,1,32,,Sunplus SPG290A-HL201,,,,,,,,16M,,,https://en.wikipedia.org/wiki/HyperScan,01/10/21,https://commons.wikimedia.org/wiki/User:Evan-Amos/VOGM/MattelHyperScan,01/10/21,,,,,,,,,,,,,,,
2,Mattel,Intellivision,,,,,Intellivision,,Console,1979,3M,,no,GI CP1600,1,16,,GI CP1610,894.886 kHz,,,,,,,524B,,,https://console5.com/wiki/Intellivision,01/10/21,,,,,,,,,,,,,,,,,
2,Mattel,Intellivision II,,,,,Intellivision,,Console,1983,,,,CP1600,1,16,CP1600,GI CP-1610K,,AY-3-8914A (sound),,,,,,,,,https://console5.com/wiki/Intellivision_II,01/10/21,,,,,,,,,,,,,,,,,
2,Mattel,"Intellivision III, Intellivision Super Pro System, INTV System 3",,,,,Intellivision,,Console,1982,,,,CP1610,1,16,,GI CP1610-2 or CP1610A,3.56 MHz,,,,,,,4k,,,https://console5.com/wiki/INTV_System_3,01/10/21,,,,,,,,,,,,,,,,,
,Mattel,Pixter,,,,,Pixter,,Handheld,2000,,,no,,1,,,,,,,,,,,32k,,,https://en.wikipedia.org/wiki/Pixter,01/10/21,,,,,,,,,,,,,,,,,
,Mattel,Pixter 2.0,,,,,Pixter,,Handheld,2003,,,no,,,,,,,,,,,,,,,,https://en.wikipedia.org/wiki/Pixter,01/10/21,,,,,,,,,,,,,,,,,
,Mattel,Pixter Color,,,,,Pixter,,Handheld,2003,,,no,ARM7,1,32,ARM7TDMI,Sharp LH75411,70MHz,,,,,,,,,,https://en.wikipedia.org/wiki/Pixter,01/10/21,https://www.design-reuse.com/news/6906/off-shelf-mcu-tweaked-asic-like-duty.html,01/10/21,https://elinux.org/Pixter_Chip_List,01/10/21,,,,,,,,,,,,,
,Mattel,Pixter Multi-media systems,,,,,Pixter,,Handheld,2005,,,no,,,,,,,,,,,,,,,,https://en.wikipedia.org/wiki/Pixter,01/10/21,,,,,,,,,,,,,,,,,
,Mattel,Pixter Plus,,,,,Pixter,,Handheld,2002,,,no,,,,,,,,,,,,,,,,https://en.wikipedia.org/wiki/Pixter,01/10/21,,,,,,,,,,,,,,,,,
,Memorex/Tandy,VIS,,,,,,,,1992,,,,x86(286),1,16,,AMD 286,12.5MHz,287 (co-porocessor),,,,,,512K,,,,,,,,,,,,,,,,,,,,,
6,Microsoft,Xbox,,,,,Xbox,,Console,2001,24M,,no,Pentium III based,1,32,,Intel KC 733/128(SL5SN),733MHz,,,,,,,64M,24M,,,,,,,,,,,,,,,,,,,,
7,Microsoft,Xbox 360,,,,,Xbox,,Console,2005,84M,,no,PowerPC,3,32,,,3.2GHz,,,,,,,512M,,,,,,,,,,,,,,,,,,,,,
,Microsoft,Xbox 360 E,,,,,Xbox,,,,,,,,,,,,,,,,,,,,,,,,,,,,,,,,,,,,,,,,
,Microsoft,Xbox 360 S,,,,,Xbox,,,,,,,,,,,,,,,,,,,,,,,,,,,,,,,,,,,,,,,,
8,Microsoft,Xbox One,,,,,Xbox,,Console,2013,46.9M,,no,X86-64,8,64,,,1.75GHz,,,,,,,8G,,,http://www.videogameconsolelibrary.com/pg10-xbox_one.htm#page=specs,01/10/21,,,,,,,,,,,,,,,,,
8,Microsoft,Xbox One X,,,,,Xbox,,,2013,,,no,X86-64,8,64,,,2.3GHz,,,,,,,12G,,,,,,,,,,,,,,,,,,,,,
,Milton Bradley,MicroVision,,,,,,,,,,,,,,,,,,,,,,,,,,,,,,,,,,,,,,,,,,,,,
4,NEC,CoreGrafx,,,,,PC Engine,,,1989,,,no,6502 based,1,8,,HuC6280a,,,,,,ROM,,,,,https://en.wikipedia.org/wiki/TurboGrafx-16,01/10/21,,,,,,,,,,,,,,,,,
,NEC,CoreGrafx II,,,,,PC Engine,,,1991,,,no,6502 based,1,8,,HuC6280,,,,,,ROM,,,,,https://en.wikipedia.org/wiki/TurboGrafx-16,01/10/21,,,,,,,,,,,,,,,,,
,NEC,PC Engine,,,PC-FX,Japan. France,PC Engine,,Console,1987,,"¥24,800",no,6502 based,1,8,,Hudson HuC6280,,HuC6260 (VCE),HuC26270A (VDC),HuC6280A (sound),,ROM,686,8k,64k,,https://en.wikipedia.org/wiki/TurboGrafx-16,01/10/21,,,,,,,,,,,,,,,,,
4,NEC,PC Engine Duo,,,PC-FX,,PC Engine,,Console,1991,,,no,6502 based,2,8,,Hudson HuC6280A,3.58/7.16MHz (switchable by software),HuC6260 (VCE),HuC26270A (VDC),,,ROM,,256k,64k,,http://www.videogameconsolelibrary.com/pg90-turbo_duo.htm,01/10/21,https://en.wikipedia.org/wiki/TurboGrafx-16,01/10/21,,,,,,,,,,,,,,,
,NEC,PC Engine Duo-R,,,PC-FX,,PC Engine,,Console,1992,,,no,6502 based,2,8,,Hudson HuC6280A,3.58/7.16MHz (switchable by software),HuC6260 (VCE),HuC26270A (VDC),,,ROM,,256k,64k,,http://www.videogameconsolelibrary.com/pg90-turbo_duo.htm,01/10/21,https://en.wikipedia.org/wiki/TurboGrafx-16,01/10/21,,,,,,,,,,,,,,,
,NEC,PC Engine Duo-RX,,,PC-FX,,PC Engine,,Console,1993,,,no,6502 based,2,8,,Hudson HuC6280A,3.58/7.16MHz (switchable by software),HuC6260 (VCE),HuC26270A (VDC),,,ROM,,256k,64k,,http://www.videogameconsolelibrary.com/pg90-turbo_duo.htm,01/10/21,https://en.wikipedia.org/wiki/TurboGrafx-16,01/10/21,,,,,,,,,,,,,,,
,NEC,PC Engine GT,,,,,PC Engine,,Handheld,1990,,"¥44,800",no,6502 based,,8,,Hudson HuC6280,,,,,,ROM,,,,,https://en.wikipedia.org/wiki/TurboGrafx-16,01/10/21,,,,,,,,,,,,,,,,,
4,NEC,PC Engine LT,,,,,PC Engine,,Handheld,1991,,"¥99,800",no,6502 based,,8,,Hudson HuC6280A,,,,,,ROM,,,,,https://8bitplus.co.uk/commission-work/rare-pc-engine-lt-repaired/,01/10/21,https://en.wikipedia.org/wiki/TurboGrafx-16,01/10/21,,,,,,,,,,,,,,,
4,NEC,PC Engine Shuttle,,,,,PC Engine,,Handheld,1989,,"¥18,800",no,6502 based,,8,,,,,,,,ROM,,,,,https://en.wikipedia.org/wiki/TurboGrafx-16,01/10/21,,,,,,,,,,,,,,,,,
4,NEC,PC Engine SuperGrafx,,,,,PC Engine,,,1989,,,no,6502 based,1,8,,Hudson HuC6280A,3.58/7.16MHz (switchable by software),HuC6260 (VCE),HuC2627A (VDC),,,ROM,,32k,128k,,http://www.videogameconsolelibrary.com/pg80-pc_eng_sup_gr.htm#page=specs,01/10/21,https://en.wikipedia.org/wiki/TurboGrafx-16,01/10/21,,,,,,,,,,,,,,,
5,NEC,PC-FX,,,,Japan,PC-FX,,,1994,100k,,,V810,,32,,NEC V810 uPD70732?,21.5MHz,,,,,,,2M,1.25M,,,,,,,,,,,,,,,,,,,,
,NEC,PC-KD863G,,,PC-FX,,PC Engine,,Console + Monitor,1988,,"¥138,000",no,,,,,,,,,,,,,,,,,,,,,,,,,,,,,,,,,,
,NEC,TurboDuo,,,,,PC Engine,,,1992,,299.99,no,,2,8,,Hudson HuC6280A,3.58/7.16MHz (switchable by software),HuC6260 (VCE),HuC26270A (VDC),,,,,256k,64k,,http://www.videogameconsolelibrary.com/pg90-turbo_duo.htm,01/10/21,,,,,,,,,,,,,,,,,
4,NEC,TurboExpress,,,,,,,,1990,,,no,,1,,,Hudson HuC6280,1.79 or 7.16 MHz (switchable by software),,,,,,,8k,,,,,,,,,,,,,,,,,,,,,
4,NEC,TurboGrafx-16,,,,,TurboGrafx-16,,Console,1989,10M,,no,,1,,,Hudson HuC6280,,,,,,ROM,686,,,,https://en.wikipedia.org/wiki/TurboGrafx-16,01/10/21,,,,,,,,,,,,,,,,,
,NEC,TurboGrafx-16 Mini,,,,,TurboGrafx-16,,Emulator,2020,,100,no,,,,ZUIKI Z7213,,,,,,,,57-58,,,,https://en.wikipedia.org/wiki/TurboGrafx-16_Mini,01/10/21,,,,,,,,,,,,,,,,,
4,NEC,TurboGrafx-CD,,,,,TurboGrafx-16,,Add-on,1988,10M,299.99,no,,,,,,,,,,,,281,,,,https://en.wikipedia.org/wiki/TurboGrafx-16,01/10/21,,,,,,,,,,,,,,,,,
,NEC,"X1 Twin, CZ-830C",,,,,PC Engine,,Console + PC,1987,,"¥99,800",no,,,,,,,,,,,,,,,,,,,,,,,,,,,,,,,,,,
3,Nichibutsu,My Vision/KH-1000,,,,,,,Console,1983,,,,Z80,1,8,,,3.57MHz,TI TMS9928A (video),GI AY-3-8910 (sound),,,,,2k,16k,,http://www.videogameconsolelibrary.com/pg80-my_vision.htm#page=specs,01/10/21,https://en.wikibooks.org/wiki/History_of_video_games/Third_generation_of_video_game_consoles/My_Vision,01/10/21,,,,,,,,,,,,,,,
,Nikko,digiBLAST ,,,,,,,Handheld,2005,100k,79.95€,,,,,,,,,,,,,,,,,http://videogamekraken.com/digiblast,01/10/21,,,,,,,,,,,,,,,,,
8,Nintendo,2DS,,,New 2DS,,DS,,Handheld,2013,,$79.99,no,ARM11 + ARM9,4 + 1,32,,,268MHz + 134MHz,,,,,,,128M,,,https://en.wikipedia.org/wiki/Nintendo_3DS#Comparison,01/10/21,,,,,,,,,,,,,,,,,
8,Nintendo,3DS,,,New 3DS,,DS,,Handheld,2011,72.9M,$249.99,no,ARM11 + ARM9,,32,,,268MHz + 134MHz,,,,,,,128M,,,,,,,,,,,,,,,,,,,,,
8,Nintendo,3DS XL,,,New 3DS XL,,DS,,Handheld,2012,,,no,ARM11 + ARM9,,32,,,268MHz + 134MHz,,,,,,,128M,,,,,,,,,,,,,,,,,,,,,
,Nintendo,64DD,,,,,DS,,Disk drive,1999,,,no,,1,32,32-bit internal co-processor,,,,,,,,,4M,,,http://www.videogameconsolelibrary.com/pg90-64dd.htm#page=specs,01/10/21,,,,,,,,,,,,,,,,,
7,Nintendo,DS,,,,,DS,,Handheld,2004,$149.99,18.8M,no,ARM9 +ARM7,1 + 1,32,ARM946E-S + ARM7TDMI,,67MHz + 33MHz,,,,,,,4M,,,https://en.wikipedia.org/wiki/Nintendo_DS#Hardware,01/10/21,,,,,,,,,,,,,,,,,
7,Nintendo,DS Lite,,,,,DS,,Handheld,2006,$129.99,84.5M,no,ARM9 +ARM7,1 + 1,32,ARM946E-S + ARM7TDMI,,67MHz + 33MHz,,,,,,,4M,,,https://en.wikipedia.org/wiki/Nintendo_DS#Hardware,01/10/21,,,,,,,,,,,,,,,,,
7,Nintendo,Dsi,,,,,DS,,Handheld,2008,$169,16.5M,no,ARM9 +ARM7,1 + 1,32,ARM946E-S + ARM7TDMI,,133MHz + 33MHz,,,,,,,16M,,,https://en.wikipedia.org/wiki/Nintendo_DS_family,01/10/21,,,,,,,,,,,,,,,,,
7,Nintendo,"Dsi XL, Dsi LL",,,,,DS,,Handheld,2009,,,no,ARM9 +ARM7,1 + 1,32,ARM946E-S + ARM7TDMI,,133MHz + 33MHz,,,,,,,16M,,,https://en.wikipedia.org/wiki/Nintendo_DS_family,01/10/21,,,,,,,,,,,,,,,,,
,Nintendo,Famicom,,,Super Famicom,,Famicom,,Console,,,,,,,,2A03,RP2A03E,,RP2C02E-0,,,,,,,,,,,,,,,,,,,,,,,,,,,
,Nintendo,"Famicom (top-load, HVCN-CPU-01 board)",,,Super Famicom,,Famicom,,Console,,,,,,,,2A03,RP2A03H,,RP2C02H-0,,,,,,,,,https://commons.wikimedia.org/wiki/User:Evan-Amos/VOGM/NES-TL,01/10/21,,,,,,,,,,,,,,,,,
,Nintendo,Famicom Disk System,,,,,Famicom,,Disk drive,1986,,,no,6502 based,1,8,,Ricoh 2A03,,,,,,ROM,,8k+32k(cache),,,,,,,,,,,,,,,,,,,,,
,Nintendo,FamicomBox,,,Super Famicom,,Famicom,,Console: hotel,1986,,,,6502 based,,,2A03,RP2A03E,,,,,,ROM,,,,,http://videogamekraken.com/famicombox-by-nintendo,01/10/21,http://kevtris.org/mappers/famicombox/index2.html,01/10/21,,,,,,,,,,,,,,,
3,Nintendo,Game Boy,,,Game Boy Color,,Game Boy,,Handheld,1989,70M,89.99,no,,1,8,Sharp LR35902,"Nintendo DMG-CPU, DMG-CPU A, DMG-CPU B, DMG-CPU C",4.18MHz,,,,,ROM,,8k,,,http://www.righto.com/2020/06/reverse-engineering-and-comparing-two.html,01/10/21,https://gbhwdb.gekkio.fi/consoles/mgb/,01/10/21,,,,,,,,,,,,,,,
6,Nintendo,Game Boy Advance,,,DS,,Game Boy,,Handheld,2001,37.7M,100,no,ARM7,1,32,ARM7TDMI,"Nintendo CPU AGB, CPU AGB A",16.78 MHz,Sharp LR35902 (Co-CPU),,,,ROM,,Internal(32k + 96k VRAM) + Ext(256k),,,https://gbhwdb.gekkio.fi/consoles/agb/,01/10/21,,,,,,,,,,,,,,,,,
6,Nintendo,Game Boy Advance SP,,,DS,,Game Boy,,Handheld,2004,,99.99,no,ARM7,1,32,ARM7TDMI,"Nintendo CPU AGB B, CPU AGB B E",16.78 MHz,Sharp LR35902 (Co-CPU),,,,ROM,,32k,96k,,https://gbhwdb.gekkio.fi/consoles/ags/,01/10/21,,,,,,,,,,,,,,,,,
5,Nintendo,Game Boy Color,,Game Boy,Game Boy Advanced,,Game Boy,,Handheld,1998,48.8M,69.99,no,Z80,,8,Sharp LR35902,Nintendo CPU CGB B,4.194304/8.388608 MHz ,,,,,ROM,,32k,,,https://gbhwdb.gekkio.fi/consoles/mgb/,01/10/21,,,,,,,,,,,,,,,,,
,Nintendo,Game Boy Light,,,Game Boy Color,Japan,Game Boy,,Handheld,1997,,"¥6,800",Variant: Game Boy,,,,,Nintendo CPU MGB,,,,,,ROM,,,,,https://gbhwdb.gekkio.fi/consoles/mgb/,01/10/21,,,,,,,,,,,,,,,,,
6,Nintendo,Game Boy Micro,,Game Boy Advanced SP,DS,,Game Boy,,Handheld,2001,2.5M,99,no,ARM7,1,32,ARM7TDMI,Nintendo CPU AGB E,16.78 MHz,,,,,ROM,,Internal(32k + 96k VRAM) + Ext(256k),,,https://gbhwdb.gekkio.fi/consoles/oxy/MJF10515255.html,01/10/21,,,,,,,,,,,,,,,,,
,Nintendo,Game Boy Player,,Super Game Boy 2,,,Game Boy,,Add-on for GameCube,2003,,,,,,,,Nintendo CPU AGB A,,,,,,ROM,,,,,https://gbhwdb.gekkio.fi/consoles/gbs/,01/10/21,,,,,,,,,,,,,,,,,
,Nintendo,Game Boy Pocket,,,Game Boy Color,,Game Boy,,Handheld,1996,,$69.99,Variant: Game Boy,,,,,Nintendo CPU MGB,,,,,,ROM,,,,,https://gbhwdb.gekkio.fi/consoles/mgb/,01/10/21,,,,,,,,,,,,,,,,,
6,Nintendo,GameCube,,N64,Wii,,GameCube,,Console,2001,21.7M,,no,PowerPC,1,32,,Gekko,485MHz,,,,,,,24M,3M,,,,,,,,,,,,,,,,,,,,
,Nintendo,Gateway 64,,Gateway SNES,Gateway GameCube,,N64,,Console: Hotel/Airline,,,,Variant: N64,,,,,,,,,,,,,,,,https://web.archive.org/web/20080521064747/http://www.nintendogateway.com/main/gamelist/hotel/index.html,01/10/21,https://snescentral.com/article.php?id=1019,01/10/21,,,,,,,,,,,,,,,
,Nintendo,Gateway Game Boy,,,Gateway Game Boy Advanced,,Game Boy,,Console: Hotel/Airline,,,,Variant: Game Boy,,,,,,,,,,,,,,,,https://web.archive.org/web/20080520111422/http://www.nintendogateway.com/main/gamelist/airline/index.html,01/10/21,https://snescentral.com/article.php?id=1019,01/10/21,,,,,,,,,,,,,,,
,Nintendo,Gateway Game Boy Advance,,Gateway Game Boy,,,Game Boy,,Console: Hotel/Airline,,,,Variant: Game Boy Advanced,,,,,,,,,,,,,,,,https://web.archive.org/web/20080520111422/http://www.nintendogateway.com/main/gamelist/airline/index.html,01/10/21,https://snescentral.com/article.php?id=1019,01/10/21,,,,,,,,,,,,,,,
,Nintendo,Gateway GameCube,,Gateway 64,,,GameCube,,Console: Hotel/Airline,,,,Variant: GameCube,,,,,,,,,,,,,,,,https://web.archive.org/web/20080521064747/http://www.nintendogateway.com/main/gamelist/hotel/index.html,01/10/21,https://snescentral.com/article.php?id=1019,01/10/21,,,,,,,,,,,,,,,
,Nintendo,Gateway SNES,,,Gateway 64,,NES,,Console: Hotel/Airline,,,,Variant: SNES,,,,,,,,,,,,,,,,https://web.archive.org/web/20080520111422/http://www.nintendogateway.com/main/gamelist/airline/index.html,01/10/21,,,,,,,,,,,,,,,,,
,Nintendo,iQue,,SNES,GameCube,China,N64,,Console,2003,,,,MIPS III(R4300),1,64,R4300,NEC D800044F2511,93.75MHz,Math Co-processor,,,,,,4M,,,https://commons.wikimedia.org/wiki/User:Evan-Amos/VOGM/N64-iQue,01/10/21,,,,,,,,,,,,,,,,,
3,Nintendo,NES,,,SNES,,NES,,Console,1983,61.9M,,no,6502 based,1,8,,Ricoh RP2A03 or RP2A03G or RP2A03H,1.79MHz,RP2C02 or RP2C02G-0 or RP2C02H-0,,,,ROM,,2k,,,https://commons.wikimedia.org/wiki/User:Evan-Amos/VOGM/NES,01/10/21,https://console5.com/wiki/Nintendo_NES-001,01/10/21,https://console5.com/wiki/Nintendo_NES-101,01/10/21,,,,,,,,,,,,,
,Nintendo,NES Classic Edition,,,SNES,,NES,,,,,,Emulator: NES,,,,,,,,,,,,,,,,,,,,,,,,,,,,,,,,,,
8,Nintendo,New 2DS,,2DS,Switch Lite,,DS,,Handheld,2017,,,no,ARM11 + ARM9,4 + 1,32,,,804MHz + 134MHz,,,,,,,256M,,,https://en.wikipedia.org/wiki/Nintendo_3DS#Comparison,01/10/21,,,,,,,,,,,,,,,,,
8,Nintendo,New 2DS XL,,2DS XL,Switch Lite,,DS,,,2017,,$149.99 ,no,,,,,,,,,,,,,,,,,,,,,,,,,,,,,,,,,,
8,Nintendo,New 3DS,,3DS,Switch Lite,,DS,,Handheld,2014,,,no,ARM11 + ARM9,4 + 1,32,,,804MHz + 134MHz,,,,,,,256M,,,https://en.wikipedia.org/wiki/Nintendo_3DS#Comparison,01/10/21,,,,,,,,,,,,,,,,,
8,Nintendo,New 3DS XL,,3DS XL,Switch Lite,,DS,,Handheld,2014,,,no,ARM11 + ARM9,4 + 1,32,ARM11 MPCore,,804MHz + 134MHz,,,,,,,256M,10M,,https://en.wikipedia.org/wiki/New_Nintendo_3DS#Hardware,01/10/21,https://en.wikipedia.org/wiki/Nintendo_3DS#Comparison,01/10/21,,,,,,,,,,,,,,,
5,Nintendo,Nintendo 64,,SNES,GameCube,,N64,,Console,1996,32.93M,,no,MIPS R4300,1,64,NEC VR4300,Nintendo CPU-NUS or CPU-NUS A,93.75MHz,,,,,ROM,,4M,,,https://console5.com/wiki/N64,01/10/21,,,,,,,,,,,,,,,,,
,Nintendo,Pokémon Mini,,,,,,,Handheld,2001,,,no,S1C88,1,,,,4MHz,,,,,ROM,10,4k,,,,,,,,,,,,,,,,,,,,,
,Nintendo,Satellaview BS-X,,,,,,,Add-on,1995,,,no,,,,,,,,,,,,,512k,,,http://www.videogameconsolelibrary.com/pg90-satellaview.htm#page=specs,01/10/21,,,,,,,,,,,,,,,,,
,Nintendo,Super Famicom,,Famicom,N64,,,,Console: hotel,1994,,,no,,,,,,,,,,,ROM,,,,,http://videogamekraken.com/super-famicom-box-by-nintendo,01/10/21,,,,,,,,,,,,,,,,,
4,Nintendo,Super Famicom CD-ROM,,,,Japan,SNES,,Disk drive,1995,,,no,,,,,,,,,,,,,,,,,,,,,,,,,,,,,,,,,,
4,Nintendo,Super Game Boy,,,Super Game Boy II,,Game Boy,,Extension,1994,49.1M,,no,,,,,Nintendo SGB-CPU 01,,,,,,,,,,,https://gbhwdb.gekkio.fi/consoles/sgb2/,01/10/21,,,,,,,,,,,,,,,,,
4,Nintendo,Super Game Boy II,,Super Game Boy,Game Boy Player,,Game Boy,,Extension,1998,,,no,,,,,Nintendo CPU-SGB2,,,,,,,,,,,https://gbhwdb.gekkio.fi/consoles/sgb2/,01/10/21,,,,,,,,,,,,,,,,,
4,Nintendo,Super NES,,NES,N64,,SNES,,Console,1991,,,no,65C816 based,1,16,Ricoh 5A22-02,Nintendo S-CPU or S-CPU A or S-CPU B or S-CPUN A,3.58MHz,Nintendo S-PPU1 (Video),Nintendo S-PPU2 C (Video),Nintendo S-DSP A,Nintendo S-SMP,ROM,,128k,,,https://the-liberator.net/site-files/retro-games/hardware/Nintendo-Super-NES/super-nintendo-entertainment-system-snes-pal.htm,01/10/21,https://console5.com/wiki/SNES,01/10/21,,,,,,,,,,,,,,,
,Nintendo,"Super NES 101, New-Style Super NES, Super Famicom Jr. SNS-101",,NES,N64,,SNES,,Console,1997,,,no,6502 based,1,,Ricoh 5A22,Nintendo S-CPUN A,3.58 MHz,,,,,ROM,,,,,https://en.wikipedia.org/wiki/New-Style_Super_NES,01/10/21,https://console5.com/wiki/SNES,01/10/21,,,,,,,,,,,,,,,
,Nintendo,Super NES CD-ROM,,NES,N64,,SNES,,Disk drive,1995,,,no,,,,,,,,,,,,,,,,,,,,,,,,,,,,,,,,,,
,Nintendo,Super NES Classic Edition,,NES,N64,,SNES,,Console,,,,Emulator: SNES,,,,,,,,,,,,,,,,,,,,,,,,,,,,,,,,,,
8,Nintendo,Switch,,Wii U,,,Switch,,Console,2017,61.44M,,no,Tegra X1,,64,,,1.02GHz,,,,,,,4G,,,,,,,,,,,,,,,,,,,,,
8,Nintendo,Switch Lite,,New 3DS,,,Switch,,Handheld,2019,,,no,ARM Cortex,4+4,64,Cortex-A57 + Cortex-A53,,1.02GHz,Nvidia GM20B,,,,,,4G,,,https://en.wikipedia.org/wiki/Nintendo_Switch_Lite,01/10/21,,,,,,,,,,,,,,,,,
,Nintendo,"Transfer Pak, 64GP",,,,,,,Extension,,,,,,,,,,,,,,,,,,,,,,,,,,,,,,,,,,,,,,
,Nintendo,Virtual Boy,,,,,,,VR glasses + console,1995,,,no,V810,1,32,NEC V810 uPD70732?,,20MHz,Nintendo VUE-VPU,Nintendo VRM-VUE,Nintendo NVC-VUE,,,,128k +64k,128k,,https://en.wikibooks.org/wiki/History_of_video_games/Fifth_generation_of_video_game_consoles/Virtual_Boy,01/10/21,,,,,,,,,,,,,,,,,
7,Nintendo,Wii,,GameCube,Wii U,,Wii,,Console,2003,101.6M,,no,PowerPC,,,,,729MHz,,,,,,,64M,24M,,,,,,,,,,,,,,,,,,,,
,Nintendo,Wii Mini,RVL-201,GameCube,Wii U,,Wii,,Console,2012,,,no,,,,,,,,,,,,,,,,,,,,,,,,,,,,,,,,,,
8,Nintendo,Wii U,,Wii,Switch,,Wii,,handheld,2012,,,no,PowerPC,3,32,"PowerPC 750 based ""Espresso""",,1.24GHz,"ATI Radeon based ""Latte""",,,,,,2G,32M,,http://www.videogameconsolelibrary.com/pg10-wii_u.htm#page=specs,01/10/21,,,,,,,,,,,,,,,,,
6,Nokia,N-Gage,,,,,N-Gage,,Handheld,2003,<3M,299,no,ARM9,,32,ARM920T,,104MHz,,,,,,>50,,,,https://en.wikipedia.org/wiki/N-Gage_%28device%29,01/10/21,,,,,,,,,,,,,,,,,
6,Nokia,N-Gage QD,,,,,N-Gage,,Handheld,2004,,,no,ARM9,,32,ARM9E,,,,,,,,,,,,https://en.wikipedia.org/wiki/N-Gage_QD,01/10/21,,,,,,,,,,,,,,,,,
3,Ohio Arts,Etch-A-Sketch Animator 2000,,,,,Etch-A-Sketch,,Handheld,1988,,139.99,no,LC6500 Series,1,4,,Sanyo LC6523H,,,,,,,3,2k,,,https://en.wikibooks.org/wiki/History_of_video_games/Third_generation_of_video_game_consoles/Etch-A-Sketch_Animator_2000,01/10/21,https://www.youtube.com/watch?v=Ult_pn1G5zs,01/10/21,,,,,,,,,,,,,,,
,OUYA,,,,,,,,,,,,,,,,,,,,,,,,,,,,,,,,,,,,,,,,,,,,,,
2,Palladium,Tele-Cassetten Game,,,,,,,,1978,,,,,,,,,,,,,,,,,,,,,,,,,,,,,,,,,,,,,
2,Palmtex,"Palmtex Portable Videogame System, PVS, Super Micro, Home Computer Software, Home Computer Software Super Micro",9000-R1,,,,,,Handheld,1984,<37.2k,$39.95 (Console),,,,,in cartridge,,,,,,,,3,2k (in cartridge),,,https://en.wikipedia.org/wiki/Palmtex_Portable_Videogame_System,01/10/21,,,,,,,,,,,,,,,,,
,Panasonic,3DO FZ-10,,,,,3DO,,Console,1995,,,,,,,,,,,,,,,,,,,http://www.thegameconsole.com/1990-videogames.html,01/10/21,,,,,,,,,,,,,,,,,
5,Panasonic,3DO Interactive,,,,,3DO,,Console,1993,,$700.00,,ARM6,1,,,VLSI VY86C06020FC-2,,,,,,CD-ROM,,,,,http://www.thegameconsole.com/1990-videogames.html,01/10/21,,,,,,,,,,,,,,,,,
,Panasonic,3DO M2,,,,,3DO,,Console,1995,,,,PowerPC,1,32,PowerPC 602,,66.7MHz,Custom ASICs (10 co-processors) ,,,,,,16M,,,http://www.videogameconsolelibrary.com/pg90-3do_m2.htm#page=specs,01/10/21,,,,,,,,,,,,,,,,,
,Panasonic,"ROBO 3DO, N-1005",,,,,3DO,,Console: hotel,1995,,,Base: Panasonic FZ-1,,,,,,,,,,,,,,,,http://videogamekraken.com/robo-3do-by-panasonic,01/10/21,,,,,,,,,,,,,,,,,
4,Philips,CD-I,,,,,,,Console,1991,570k,,no,68000,1,16/32,,Philips SCC68070,15.5MHz,,,,,,,1M,,,,,,,,,,,,,,,,,,,,,
,Philips,N60,,,,,,,Computer?,,,,,,,,,,,,,,,,,,,,,,,,,,,,,,,,,,,,,,
,Philips,Odyssey,,,,Brazil,,,,,,,,,,,,,,,,,,,,,,,,,,,,,,,,,,,,,,,,,
,Philips,Odyssey 2,,,,Canada,,,,,,,,,,,,,,,,,,,,,,,,,,,,,,,,,,,,,,,,,
,Philips,Videojeu C52,,,,France,Videopac,,Console,1978,,,,MCS-48,1,8,8048,Intel P8048H,1.79 MHz,,,,,,,320B,,,https://www.1000bit.it/scheda.asp?id=120,01/10/21,http://www.the-liberator.net/site-files/retro-games/hardware/Philips-VIDEOPAC-Computer-G7000/philips-videopac-computer-g7000.htm,01/10/21,,,,,,,,,,,,,,,
,Philips,Videopac G7000,,,,,,,Console,,,,,,,,,,,,,,,,,,,,http://ultimateconsoledatabase.com/others.htm,01/10/21,,,,,,,,,,,,,,,,,
,Philips,Videopac G7200,,,,,,,Console + CRT,,,,,,,,,,,,,,,,,,,,http://ultimateconsoledatabase.com/others.htm,01/10/21,,,,,,,,,,,,,,,,,
,Philips,Videopac G7200,,,,,Videopac,,Console,,,,,MCS-48,1,8,8048,Intel P8048H,,,,,,,,,,,https://bilgisayarlarim.com/Philips/G7200/,01/10/21,,,,,,,,,,,,,,,,,
3,Philips,Videopac G7400,,,,,Videopac,,Console,1983,,,,MCS-48,1,8,8048,Intel P8048H,5.91MHz,,,,,,,6k,,,https://www.nightfallcrew.com/17/05/2010/philips-videopac-g7000-1st-gen-for-spare-parts/,01/10/21,http://www.the-liberator.net/site-files/retro-games/hardware/Philips-VIDEOPAC-Computer-G7000/philips-videopac-computer-g7000.htm,01/10/21,,,,,,,,,,,,,,,
,Philips,Videopac G7401,,,,,Videopac,,Console,1984,,,,MCS-48,1,8,8048,Intel 8048,1.79 MHz,,,,,,,,,,https://www.system-cfg.com/detailconsole.php?ident=37,01/10/21,,,,,,,,,,,,,,,,,
,Planet Interactive,"Mi2, PDC Touch",,,,,,,Handheld,2009,,€70,,MIPS,,,,,,,,,,,,,,,https://en.wikipedia.org/wiki/EVO_Smart_Console,01/10/21,,,,,,,,,,,,,,,,,
,PlayJam,GameStick,,,,,,,,2013,,,,ARM Cortex,,,,Amlogic 8726-MX,1.5GHz,Dual Mali 400MP,,,,,,1G,,,http://www.videogameconsolelibrary.com/pg10-gamestick.htm#page=specs,01/10/21,,,,,,,,,,,,,,,,,
2,RCA,Studio II,,,Studio III(relicensed systems),,,,Console,1977,,,,1802,1,8,1802,RCA CDP1802CE,1.78MHz,,,,,,,512B,,,,,,,,,,,,,,,,,,,,,
3,RDI Video Systems,Halcyon,,,,,,,Console,1985,,,,Z80,,,Z80B,,6MHz,,,,,,,64k RAM/ROM,,,,,,,,,,,,,,,,,,,,,
,Retro,ZX Spectrum Vega,,,,,,,Emulator: ZX Spectrum ,2015,,,,ARM9,,,I.MX233,Freescale MCIMX233DAG4C,,,,,,,,,,,,,,,,,,,,,,,,,,,,,
,Retro,ZX Spectrum Vega+,,,,,,,Emulator: ZX Spectrum ,2005,,,,,,,,,,,,,,,18 preloaded + SDCard,,,,https://en.wikipedia.org/wiki/ZX_Spectrum_Vega%2B,01/10/21,,,,,,,,,,,,,,,,,
2,Romtec,ColorVision,ET-818,,,,,,Handheld,1984,,,no,,,,,Glob Top encapsilation,,,,,,internal,5,,,,https://en.wikipedia.org/wiki/Romtec_Colorvision,01/10/21,,,,,,,,,,,,,,,,,
,Sammy,Atomiswave,,,,,,,Arcade,,,,,SuperH,,32,SH-4,,200MHz,"PowerVR 2 100 MHz (graphics)
",ARM7 Yamaha AICA (sound),,,,28,16M,16M,8M (sound),https://en.wikipedia.org/wiki/Atomiswave,01/10/21,,,,,,,,,,,,,,,,,
,Samsung,Super Gam*Boy,,,,,,,,,,,,,,,,,,,,,,,,,,,,,,,,,,,,,,,,,,,,,
5,Sega,32X,,,,,Genesis,,Add-on,1994,665k,160,no,SuperH(SH-2),2 chips,32,SH-2,Hitachi HD641795,23MHz,Sega 315-5818A,Sega 315-5781A,,,ROM,40,256k +256k,,,https://upload.wikimedia.org/wikipedia/commons/4/4e/Sega-Genesis-32X-Motherboard-Top.jpg,01/10/21,,,,,,,,,,,,,,,,,
6,Sega,Advanced Pico Beena,,,,,,,,2005,,,,ARM7,,,ARM7TDMI,Sega 9H0-0008,81MHz,,,,,,,,,,https://team-europe.blogspot.com/2012/08/some-photos.html,01/10/21,,,,,,,,,,,,,,,,,
,Sega,Astro City Mini,,,,,,,Tabletop,,,"￥13,511",Emulator,,,,,,,,,,,Pre-loaded,37,,,,https://www.nintendolife.com/news/2020/12/hardware_review_sega_astro_city_mini_-_an_esoteric_way_to_mark_60_years_in_the_business,01/10/21,,,,,,,,,,,,,,,,,
6,Sega,"Beena, Advanced Pico Beena, Beena Lite",,Sega Pico,,Japan,,,Console: Educational,2005,350k,,,ARM,,32,ARM7TDMI,,81MHz,,,,,,64,,,,https://en.wikipedia.org/wiki/Sega_Pico,01/10/21,https://en.wikipedia.org/wiki/List_of_Sega_Pico_games#Advanced_Pico_Beena_games,01/10/21,,,,,,,,,,,,,,,
4,Sega,CDX,,,,,,,,,,,,68000,,,68000,Motorola MC68HC000FN12,,Motorola MC68HC000FH8 (CPU),84C00AU (Z80 Co-CPU),,,CD-ROM,,,,,https://console5.com/wiki/Sega_CDX,01/10/21,,,,,,,,,,,,,,,,,
,Sega,Divers 2000 CX-1,,,,Japan,,,Console + TV,2000,,,Integrated Dreamcast,,,32,Hitachi SH-4,,200MHz,PowerVR2 (video),Yamaha AICA (sound),,,GD-ROM,,16M,8M,2M (audio),https://www.segadriven.com/divers-2000-cx-1/,01/10/21,,,,,,,,,,,,,,,,,
6,Sega,Dreamcast,,,,,Dreamcast,,Console,1999,9.13M,,no,SuperH(SH-4),,,SH-4,Hitachi HD6417091R,,Sega 315-6267-X1,,,,,,,,,https://upload.wikimedia.org/wikipedia/commons/7/7e/Sega-Dreamcast-Motherboard-Top.jpg,01/10/21,,,,,,,,,,,,,,,,,
,Sega,"Family Driver, Video Driver(NA)",,,,,,,Console,1988,,"¥8,800",no,,,,,,,,,,,VHS,3,,,,http://videogamekraken.com/video-driver,01/10/21,,,,,,,,,,,,,,,,,
4,Sega,Game Gear,,,,,Game Gear,,Handheld,1990,,,no,Z80,1,8,,Toshiba T84C00AM-6,3.5MHz,Sega 315-5535 (VDP),,,,ROM,,8k,,,https://commons.wikimedia.org/wiki/User:Evan-Amos/VOGM/GameGear,01/10/21,https://console5.com/wiki/Game_Gear,01/10/21,,,,,,,,,,,,,,,
,Sega,Game Gear Micro,,,,,,,,2020,,"4,980 yen",,ARM,,32,Allwinner F1C200 (ARM9),,600MHz,,,,,,4 built-in,64M,,,https://www.theverge.com/2020/6/3/21278895/sega-game-gear-micro-games-list-price-magnifying-glass,01/10/21,https://en.wikibooks.org/wiki/History_of_video_games/Ninth_generation_of_video_game_consoles/Game_Gear_Micro,01/10/21,,,,,,,,,,,,,,,
4,Sega,"Genesis 2, Mega Drive II",,Master System,Sega CD,,Genesis,,Console,1994,,,no,68000,1,16,,Motorola MC68000FN8 or MC68000FN12 or Sega 315-5960,,Zilog Z84C0006FEC (co-processor),,,,ROM,,,,,http://www.thegameconsole.com/sega-genesis2/,01/10/21,https://console5.com/wiki/Mega_Drive_II_/_Genesis_2,01/10/21,https://www.nightfallcrew.com/05/05/2012/sega-megadrive-ii-pal-eur/,01/10/21,,,,,,,,,,,,,
4,Sega,Genesis Mini/Mega Drive Mini,,Master System,Sega CD,,Genesis,,Emulator,2019,,,Emulator: Sega Genesis,ARM,,,,ZUIKI Z7213,,,,,,ROM,,,,,,,,,,,,,,,,,,,,,,,
4,Sega,"Genesis, Mega Drive",,Master System,Sega CD,US,Genesis,,Console,1989,33.75M,,no,68000,1,,68000,Signetics SCN68000C8 or Motorola MC68HC000FN8 or MC68000P8,,Zilog Z084C0004PSC (Z80),Sega 315-5487,Sega 315-5676,,ROM,,,,,https://commons.wikimedia.org/wiki/User:Evan-Amos/VOGM/Genesis,01/10/21,https://console5.com/wiki/Mega_Drive_/_Genesis,01/10/21,,,,,,,,,,,,,,,
,Sega,Mark III (Master system),,,,,,,,,,,,,,,,,,,,,,,,,,,,,,,,,,,,,,,,,,,,,
3,Sega,Master System,,Genesis,,,Master System,,Console,1986,10-13M,,no,Z80,1,8,Z80,Zilog Z0840004PSC or NEC uPD780C-1,4MHz,Sega 315-5124,,,,ROM,,8k(system),,,http://www.atarimania.com/faq-atari-400-800-xl-xe-what-are-sally-antic-ctia-gtia-fgtia-pokey-and-freddie_14.html,01/10/21,,,,,,,,,,,,,,,,,
,Sega,Master System Girl,,,,,,,,,,,,Z80,,8,Z80A,,4MHz,Yamaha YM2602B VDP,,SN76489 PSG (sound),,,,8k,16k,,https://www.segadriven.com/master-system-girl/,01/10/21,,,,,,,,,,,,,,,,,
,Sega,Master System II,,Genesis,,,Master System,,Console,,,,no,Z80,1,8,Z80,Zilog Z0840004PSC,,,,,,,,,,,http://www.the-liberator.net/site-files/retro-games/hardware/SEGA-Master-System-II-Power-Base-PAL/sega-master-system-2-ii-power-base-pal.htm,01/10/21,https://commons.wikimedia.org/wiki/User:Evan-Amos/VOGM/N64-iQue,01/10/21,,,,,,,,,,,,,,,
,Sega,Master System II/III Compact,,,,,,,Console,1990,,,,Z80,,8,Z80A,,,Yamaha YM2602B VDP,Yamaha VDP PSG(SN76489)(sound),,,,,8k,16k,,https://www.segadriven.com/sega-master-system-ii-iii-compact/,01/10/21,,,,,,,,,,,,,,,,,
,Sega,Master System Super Compact,,,,,,,,,,,,Z80,,8,Z80A,,4MHz,Yamaha YM2602B VDP,,,,,,8k,16k,,https://www.segadriven.com/master-system-super-compact/,01/10/21,,,,,,,,,,,,,,,,,
,Sega,Mega Drive,,,,Japan/Europe,Mega Drive,,Console,1988,,,,68000,1,16,68000,,,,,,,,,,,,,,,,,,,,,,,,,,,,,,
4,Sega,Mega Drive II,,,,,Mega Drive,,Console,1988,,,,68000,1,16,68000,Motorola MC68HC000FN8 (68000),7.6MHz,Sega 325-5660,Zilog Z84C0006FEC (Z80),,,,,,,,,,,,,,,,,,,,,,,,,,
4,Sega,Mega Jet,,,,,Mega Drive,,Console,1993,,,no,68000,1,16,68000,,7.67MHz,Z80A,,,,,,64k,64k,,https://vglegacy.com/hardware/mega-jet/,01/10/21,,,,,,,,,,,,,,,,,
,Sega,Mega-CD,,,,Japan/Europe,Mega Drive,,Add-on,1991,100k,"¥49,800",no,,,,,,,,,,,CD-ROM,,,,,,,,,,,,,,,,,,,,,,,
,Sega,Mega-CD II,,,,Japan/Europe,Mega Drive,,,,,,,,,,,,,,,,,CD-ROM,,,,,,,,,,,,,,,,,,,,,,,
,Sega,Model 3,,,,,,,Arcade,,,,,,,,,,,,,,,,,,,,,,,,,,,,,,,,,,,,,,
,Sega,NAOMI,,,,,,,Arcade,1998,,,,SuperH(SH-4),1,32,Hitachi SH-4,,200MHz,PowerVR 2 (PVR2DC),ARM7 Yamaha AICA,,,,,32M,16M,8M (sound),https://segaretro.org/Sega_NAOMI,01/10/21,https://wiki.arcadeotaku.com/w/Sega_NAOMI,01/10/21,,,,,,,,,,,,,,,
,Sega,NAOMI II,,,,,,,Arcade,,,,,SuperH(SH-4),2,32,Hitachi SH-4,,,PowerVR 2 (PVR2DC-CLX2),ARM7 Yamaha AICA,,,,,,,,https://wiki.arcadeotaku.com/w/Sega_NAOMI_2,01/10/21,,,,,,,,,,,,,,,,,
4,Sega,Nomad,,,,,,,Handheld,1995,,,,68000,,,68HC000,Motorola MC68HC000FN8,,Zilog Z84C0006FEC (Z80),Sega 315-5700,,,,,,,,http://www.segamegadrive.it/sega-nomad-genesis-nomad/,01/10/21,https://commons.wikimedia.org/wiki/User:Evan-Amos/VOGM/Nomad,01/10/21,,,,,,,,,,,,,,,
4,Sega,"Pico, Kids Computer Pico",,,Advanced Pico Beena,,Pico,,Console,1993,3.4M(2005),"JP¥13,440",no,68000,1,,,Motorola MC68HC000FN8-A,,,,,,ROM,223,,,,https://www.sega-16.com/forum/showthread.php?22197-PCB-Porn-Sega-Pico,01/10/21,https://en.wikipedia.org/wiki/List_of_Sega_Pico_games,01/10/21,https://en.wikipedia.org/wiki/Sega_Pico,01/10/21,,,,,,,,,,,,,
,Sega,Prologue 21,,,,,,,Console + Karaoke,1994,,,Sega Saturn based,,,,,,,,,,,,,,,,http://videogamekraken.com/prologue-21-by-sega,01/10/21,,,,,,,,,,,,,,,,,
5,Sega,Saturn,,,,,Saturn,,Console,1995,9.26M,299,no,SuperH,2 chips,,SH-2,Hitachi HD6417095F28 or HD6417095SF28 (SH-2),28.6MHz,Motorola MC68EC000FN12,"Sega 315-5688, Sega 315-5890, Sega 315-5883, Sega 31505687",,,,,2M,1.5M (video),512k (sound),https://commons.wikimedia.org/wiki/User:Evan-Amos/VOGM/SaturnJP,01/10/21,https://console5.com/wiki/Saturn,01/10/21,,,,,,,,,,,,,,,
4,Sega,Sega CD,,,,"NA, Brazil",Genesis,,Extension,1992,,,no,68000,1,16,,Motorola MC68HC000FN12 or Hitachi HD68HC000CP12,12.5MHz,Sega 315-5548 or Sega 315-5632,,,,CD-ROM,,64k,,,https://fr.wikipedia.org/wiki/Mega-CD#/media/Fichier:Game_console--Sega_CD--motherboard--171-6528C-A.jpg,01/10/21,https://commons.wikimedia.org/wiki/User:Evan-Amos/VOGM/GenesisAdd-ons,01/10/21,,,,,,,,,,,,,,,
,Sega,SEGA Fish Life,,,,Japan,,,Interactive fish tank,,,,,,,,,,,,,,,,,,,,https://www.segadriven.com/sega-fish-life/,01/10/21,,,,,,,,,,,,,,,,,
3,Sega,SG-1000,,,,,,,Console,1983,150k,"¥15,000",no,Z80,1,8,Z80,Sharp LH0080A(Z80A-CPU-D),3.58MHz,,,,,ROM,42 game cartridges and 29 Sega My Card,1k,,,https://www.nightfallcrew.com/31/08/2012/sega-sg-1000-ii-mark-2-boxed/?/feed/&nggpage=2,01/10/21,https://en.wikipedia.org/wiki/SG-1000,01/10/21,,,,,,,,,,,,,,,
,Sega,SG-1000 II,,,,,,,Console,1984,,"¥15,000",no,Z80,1,8,Z80,Sharp LH0080A(Z80A-CPU-D),3.58MHz,,,,,,42 game cartridges and 29 Sega My Card,,,,https://en.wikipedia.org/wiki/SG-1000,01/10/21,,,,,,,,,,,,,,,,,
3,Sega,SG-3000,,,,,,,Console,1984,,,,Z80,1,8,Z80,NEC D780C-1,4MHz,,,,,,42 game cartridges and 29 Sega My Card,,,,https://en.wikibooks.org/wiki/History_of_video_games/Third_generation_of_video_game_consoles/Action_Max,01/10/21,https://www.nightfallcrew.com/28/12/2010/sega-sc-3000/,01/10/21,https://en.wikipedia.org/wiki/SG-1000,01/10/21,,,,,,,,,,,,,
,Sega,Skeleton Saturn,,,,,,,,,,,,,,,,,,,,,,,,,,,,,,,,,,,,,,,,,,,,,
,Sega,"Super Prologue 21, Segakara",,,,,,,Console + Karaoke,1995,,,Sega Saturn based,,,,,,,,,,,,,,,,http://videogamekraken.com/super-prologue-21-by-sega,01/10/21,,,,,,,,,,,,,,,,,
4,Sega,TetraDrive,,,,,,,,1991,,,,x86(286) & 68000,,,,AMD N80L286-10/S,,Toshiba TMP68HC000N-10,,,,,,,,,http://nemesis.hacking-cult.org/MegaDrive/TeraDrive/Pictures/,01/10/21,,,,,,,,,,,,,,,,,
6,Sega,Visual Memory Unit,,,,,Dreamcast,,Handheld + peripheral,1998,,,no,LC8670,1,8,Sanyo LC8670,Sega Potato 315-6124-03,,,,,,software,>40,,,,,,,,,,,,,,,,,,,,,,
,SKB Kontur,Кроха ,,,,,,,Console,1981,,,,,,,,K580VM80A,2MHz,,,,,ROM,,,,,http://videogamekraken.com/%d0%ba%d1%80%d0%be%d1%85%d0%b0-by-skb-kontur-%d1%81%d0%ba%d0%b1-%d0%ba%d0%be%d0%bd%d1%82%d1%83%d1%80,01/10/21,,,,,,,,,,,,,,,,,
,SNK,Hyper Neo Geo 64,,,,,,,Arcade,1997,,,,MIPS III(R4300),1,64,,,100MHz,,,,,,,,"CPU #2 (auxiliary, handles audio I/O): V53@16 MHz; CPU #3 (auxiliary, handles communications I/O): KL5C80A12CFP@12.5 MHz 8-bit microcontroller (Z80 compatible)",,,,,,,,,,,,,,,,,,,,
4,SNK,Neo Geo CD,,,,,Neo Geo,,,1994,,,no,68000,1,16/32,,Motorola MC68HC000FN12 or Toshiba TMP68HC000T-12,12MHz,Z80,Yamaha YM2610 (audio),Toshiba 84C00AM-6 (Z80),,,,2M,4 MB,,https://snk.fandom.com/wiki/Neo_Geo_CD,01/10/21,https://commons.wikimedia.org/wiki/User:Evan-Amos/VOGM/NeoGeoCD,01/10/21,https://wiki.neogeodev.org/index.php?title=Category:Chips,01/10/21,,,,,,,,,,,,,
,SNK,Neo Geo CDZ,,,,,Neo Geo,,,1996,,,no,68000,1,,Motorola 68000,Motorola MC68HC000FN12,12MHz,Z80,SNK Neo-GRC2-F (graphics),Toshiba 84C00AM-6 (Z80),,,,2M,4 MB,Sound Sample Memory: 1 MB; Fix Layer Memory: 128 KB; Sound Sample Memory: 1 MB; Z80 Program Memory: 64 kB; VRAM: 512Kb (For graphics attributes),https://snk.fandom.com/wiki/Neo_Geo_CD,01/10/21,https://wiki.neogeodev.org/index.php?title=Category:Chips,01/10/21,,,,,,,,,,,,,,,
,SNK,"Neo Geo Deck, Neo Geo Deck Room Amusement System",,,,,Neo Geo,,Console: Hotels,,,"¥198,000",,,,,,,,,,,,,,,,,,,,,,,,,,,,,,,,,,,
4,SNK,Neo Geo Mini,,,NEOGEO Arcade Stick Pro,Japan,Neo Geo,,Emulator: Neo Geo,2018,,"¥11,500",,,,,,,,,,,,internal,40,,,,https://snk.fandom.com/wiki/Neo_Geo_Mini,01/10/21,,,,,,,,,,,,,,,,,
4,SNK,Neo Geo Mini International,,,NEOGEO Arcade Stick Pro,,Neo Geo,,Emulator: Neo Geo,,,,,,,,,,,,,,,,40,,,,https://snk.fandom.com/wiki/Neo_Geo_Mini,01/10/21,,,,,,,,,,,,,,,,,
4,SNK,Neo Geo Mini Samurai Shodown Limited Set,,,NEOGEO Arcade Stick Pro,,Neo Geo,,Emulator: Neo Geo,,20k,"¥15,000",,,,,,,,,,,,internal,40,,,,https://snk.fandom.com/wiki/Neo_Geo_Mini,01/10/21,,,,,,,,,,,,,,,,,
4,SNK,Neo Geo Mini x A.C.E. Special Limited Edition,,,NEOGEO Arcade Stick Pro,China,Neo Geo,,Emulator: Neo Geo,,,￥688,,,,,,,,,,,,internal,,,,,https://snk.fandom.com/wiki/Neo_Geo_Mini,01/10/21,,,,,,,,,,,,,,,,,
4,SNK,Neo Geo Mini: Limited Christmas Edition,,,NEOGEO Arcade Stick Pro,,Neo Geo,,Emulator: Neo Geo,,15k,"¥21,500",,,,,,,,,,,,internal,48,,,,https://snk.fandom.com/wiki/Neo_Geo_Mini,01/10/21,,,,,,,,,,,,,,,,,
4,SNK,Neo Geo Mini: Samurai Shodown (PS4) Special Pack,,,NEOGEO Arcade Stick Pro,Japan,Neo Geo,,Emulator: Neo Geo,,,,,,,,,,,,,,,internal,48,,,,https://snk.fandom.com/wiki/Neo_Geo_Mini,01/10/21,,,,,,,,,,,,,,,,,
,SNK,Neo Geo MVS,,,,,Neo Geo,,Arcade,1990,,,no,68000,,,68000,,12MHz,Z80A,,,,,,,,,https://wiki.arcadeotaku.com/w/SNK_Neo_Geo_MVS,01/10/21,,,,,,,,,,,,,,,,,
,SNK,Neo Geo Pocket,,,,,Neo Geo,,Handheld,1998,,$69,,,1,16,Toshiba TLCS-900H,SNK K1-Chip,6.144MHz,,,,,,,,,,https://commons.wikimedia.org/wiki/User:Evan-Amos/VOGM/NeoGeoPocketColor,01/10/21,https://snk.fandom.com/wiki/Neo_Geo_Pocket,01/10/21,https://commons.wikimedia.org/wiki/User:Evan-Amos/VOGM/NeoGeoPocket,01/10/21,,,,,,,,,,,,,
6,SNK,Neo Geo Pocket Color,,Neo Geo Pocket,,,Neo Geo,,Handheld,1999,,,,,1,16,Toshiba TLCS-900H,SNK K2-Chip,6.144MHz,Z80 (sound),,,,ROM,,12k,,4k (sound),https://snk.fandom.com/wiki/Neo_Geo_Pocket_Color,01/10/21,https://commons.wikimedia.org/wiki/User:Evan-Amos/VOGM/NeoGeoPocket,01/10/21,,,,,,,,,,,,,,,
,SNK,Neo Geo X,,,,,Neo Geo,,Handheld,2012,,$199,,Xburst,,,Ingenic JZ4770,,1GHz,Vivante GC860,,,,,,128M,,,https://en.wikipedia.org/wiki/Neo_Geo_X,01/10/21,,,,,,,,,,,,,,,,,
4,SNK,"Neo Geo, Neo Geo AES",,,,,Neo Geo,,Console,1991,,$649.99,no,68000,1,16/32,,Toshiba TMP68HC000N-12,12MHz,ST Z8400BB1 (Z80),Yamaha YM2610 (sound),,,,,64k,Z80 coprocessor,,https://snk.fandom.com/wiki/Neo_Geo_(system),01/10/21,https://wiki.neogeodev.org/index.php?title=Category:Chips,01/10/21,,,,,,,,,,,,,,,
,SNK,NEOGEO Arcade Stick Pro,,Neo Geo Mini,,,Neo Geo,,,2019,,,,,,,,,,,,,,,20,,,,https://snk.fandom.com/wiki/NEOGEO_Arcade_Stick_Pro,01/10/21,,,,,,,,,,,,,,,,,
6,SNK,New Neo Geo Pocket Color,,,,Japan,Neo Geo,,Handheld,1999,,,,,1,16,,,,,,,,,,,,,,,,,,,,,,,,,,,,,,,
5,Sony,PlayStation,,,PlayStation 2,,PlayStation,,Console,1995,102.49M,,no,MIPS R3000,1,32,,Sony CXD8606BQ or CXD8530BQ,33.86MHz,Sony CXD8561AQ or CXD8561CQ,Sony CXD2938Q,,,CD-ROM,,2M,1M,,https://commons.wikimedia.org/wiki/User:Evan-Amos/VOGM/PlayStation,01/10/21,,,,,,,,,,,,,,,,,
6,Sony,PlayStation 2,"SCPH-70001, SCPH-30001",PlayStation,PlayStation 3,,PlayStation,,Console,2000,155M,,no,MIPS III(R5900),1,32,,"Sony EE (CXD9708GB, CXD9615GB, or CXD9832GB)",294MHz,Sony GS (CXD2949DGB),,,,,,32M,4M,,https://commons.wikimedia.org/wiki/User:Evan-Amos/VOGM/PlayStation2,01/10/21,,,,,,,,,,,,,,,,,
7,Sony,PlayStation 3,,PlayStation 2,PlayStation 4,,PlayStation,,Console,,87.4M,,,PowerPC(Cell),1(PPE) +8(SPE),32,,Cell/BE(CX2964GB),3.2GHz,,,,,,,256M,256M,,,,,,,,,,,,,,,,,,,,
8,Sony,PlayStation 4,,PlayStation 3,,,PlayStation,,Console,2013,108.9M,,no,X86-64,8,64,,,1.6GHz,,,,,,,8G,,,http://www.videogameconsolelibrary.com/pg10-ps4.htm#page=specs,01/10/21,,,,,,,,,,,,,,,,,
,Sony,PlayStation Classic,,,,,PlayStation,,Console,,,,Emulator: PS1,,,,,,,,,,,,,,,,,,,,,,,,,,,,,,,,,,
5,Sony,PocketStation,,,,,PlayStation,,Add-on/Handheld,1999,,,,ARM7,1(PPE) +8(SPE),32,,,,,,,,,,2k,,,,,,,,,,,,,,,,,,,,,
5,Sony,PS One,,,,,PlayStation,,,2000,,,Variant: PS1,MIPS R3000,1,32,,Sony CXD8606BQ,33.86MHz,Sony CXD8561CQ,Sony CXD2938Q,,,,,2M,1M,,https://commons.wikimedia.org/wiki/User:Evan-Amos/VOGM/PSone,01/10/21,,,,,,,,,,,,,,,,,
7,Sony,PSP (Fat),,,,,,,Handheld,2004,,,no,MIPS32(R4000 based),1(PPE) +8(SPE),32,,"Sony (CXD2975BGG, CXD2975CGG, CXD2962GG, CXD2962BGG, CXD2962CGG, CXD2962DGG)",222MHz,,,,,,,32M,,,http://www.edepot.com/reviews_sony_psp.html,01/10/21,,,,,,,,,,,,,,,,,
8,Sony,PSVita,,,,,,,Handheld,2011,,,no,ARM Cortex,4,,Cortex-A9,,,,,,,,,512M,128M,,,,,,,,,,,,,,,,,,,,
,Sony,PSX,,,,,,,Console,2003,,,PS2,MIPS III(R5900),,,,EE+GS,294MHz,,,,,,,32M,4M,,http://www.videogameconsolelibrary.com/pg00-psx.htm#page=specs,01/10/21,,,,,,,,,,,,,,,,,
,Soundic,Soundicvision SD-200,SD-200,,,,,,Console,1983,,,,,,,NEC D779C 300,,,,,,,,11,,,,https://www.old-computers.com/museum/computer.asp?c=828,01/10/21,,,,,,,,,,,,,,,,,
,SSD,XaviXPORT,,,,,,,Console,2004,,,,6502,1,8,,,21MHz,,,,,,,1k,,,http://www.videogameconsolelibrary.com/pg00-xavix.htm#page=specs,01/10/21,,,,,,,,,,,,,,,,,
6,SSD,XaviXPORT/Domyos Interactive System,,,,,,,Console,2005,,,,"Processors in Cartridge(6502 based, 65816 Based)",,,,,,,,,,,,,,,,,,,,,,,,,,,,,,,,,
,Starpath,Supercharger,,,,,,,,,,,,,,,,,,,,,,,,,,,,,,,,,,,,,,,,,,,,,
,Taito,Cybercore (NA) / F3 ,,,,,,,Arcade,1992,,,,68000,,32,68020,Motorola MC68EC020,,Motorola MC68000,Ensoniq ES5505 and ES5510 (DSP sound),,,,,,,,,,,,,,,,,,,,,,,,,,
,TakaraTomy,Takara \ Bandai Video Challenger,,,,,,,,1987,,,,,1,8,,Hitachi HD401010,4MHz,,,,,,,32B,,,,,,,,,,,,,,,,,,,,,
,Tapwave,Zodiac,,,,,Zodiac,,Handheld,2003,<200k,,,,,,,Motorola i.MX1 ARM9,200MHz,ATI Imageon W4200,,,,ROM,,32M,8M,,http://videogamekraken.com/tapwave-zodiac,01/10/21,,,,,,,,,,,,,,,,,
,Tapwave,Zodiac 2,,,,,Zodiac,,Handheld,,,,,,,,,Motorola i.MX1 ARM9,200MHz,ATI Imageon W4200,,,,ROM,,128M,8M,,http://videogamekraken.com/tapwave-zodiac,01/10/21,,,,,,,,,,,,,,,,,
2,Tchibo,Tele-Fever,,,,,,,Console,1986,,,no,2650,,,,,3.58Mhz,,ROM,,,,,1k,,,,,,,,,,,,,,,,,,,,,
,Tectoy,Zeebo,,,,,,,Console,2009,,,,ARM11,,,ARM11 \ QDSP-5,,528MHz,ATI Imageon (Adreno 130),,,,,,160M,128M,,http://www.videogameconsolelibrary.com/pg00-zeebo.htm#page=reviews,01/10/21,,,,,,,,,,,,,,,,,
,Tiger,Game.com,,,,,,,Handheld,1997,"<300,000",$59–69,no,,,,,,,,,,,,,,,,https://en.wikipedia.org/wiki/List_of_handheld_game_consoles,01/10/21,,,,,,,,,,,,,,,,,
,Tiger,Gizmondo,,,,,,,Handheld,2006,,,,ARM9,,,,Samsung ARM9,400MHz,Nvidia GoForce 3D 4500,,,,,,128M,1.2M,,http://videogamekraken.com/gizmondo,01/10/21,,,,,,,,,,,,,,,,,
,Tiger,R-Zone,,,,,,,Handheld/Headset,,,,,,,,,,,,,,,,,,,,,,,,,,,,,,,,,,,,,,
,Timetop,Gameking  (GM-218),,,,,Gameking,,Handheld,2004,,$10–20 (depending on retailer's subsidies and special offers) ,no,6502,,,,65C02,6MHz,,,,,,,,,,http://videogamekraken.com/gameking-by-timetop,01/10/21,https://en.wikipedia.org/wiki/GameKing,01/10/21,http://www.progettoemma.net/mess/system.php?machine=gameking,01/10/21,,,,,,,,,,,,,
,Timetop,Gameking II (GM-219),,,,,Gameking,,Handheld,2004,,$15–30 (depending on retailer's subsidies and special offers) ,no,,,,,65C02,,,,,,,,,,,http://videogamekraken.com/gameking-by-timetop,01/10/21,,,,,,,,,,,,,,,,,
,Timetop,Gameking II (GM-222),,,,,Gameking,,Handheld,2006,,,no,,,,,,,,,,,,,,,,http://videogamekraken.com/gameking-by-timetop,01/10/21,,,,,,,,,,,,,,,,,
,Tomy,Pyuuta Jr.,,,,,,,Console,1983,,,,TMS9900,1,16,TMS9995,TI TMS9995NL,2.7MHz,TI TMS9918ANL(VDP),,,,,,16k,16k,,http://www.videogameconsolelibrary.com/pg80-pyuuta.htm#page=reviews,01/10/21,,,,,,,,,,,,,,,,,
,Toymax,Arcadia Electronic Skeet Shoot,,,,,,,,1998,435k (first 18 months),,,,,,,,,,,,,,9,,,,http://videogamekraken.com/arcadia-skeet-shoot-by-toymax,01/10/21,,,,,,,,,,,,,,,,,
,Toymax,Arcadia II,,,,,,,,2001,,,,,,,,,,,,,,,,,,,http://videogamekraken.com/arcadia-ii-by-toymax,01/10/21,,,,,,,,,,,,,,,,,
,ToyQuest,GoGo TV,,,,,,,,,,,,,,,,,,,,,,,11,,,,https://plugplaytvgames.fandom.com/wiki/GoGo_TV,01/10/21,,,,,,,,,,,,,,,,,
,Ultimate Products Ltd,Zone,,,,,,,Console,,,,,,,,,,,,,,,,7,,,,https://bootleggames.fandom.com/wiki/Zone,01/10/21,http://web.archive.org/web/20160108133953/http://www.latestgadgets.co.uk/hardware-accessories/3173-zone-console-review/,01/10/21,,,,,,,,,,,,,,,
,Ultimate Products Ltd,Zone 100,,,,,,,Console,,,,,,,16/32,,,,,,,,,100,,,,https://bootleggames.fandom.com/wiki/Zone,01/10/21,http://web.archive.org/web/20160108133953/http://www.latestgadgets.co.uk/hardware-accessories/3173-zone-console-review/,01/10/21,,,,,,,,,,,,,,,
,Ultimate Products Ltd,Zone 3D,,,,,,,Console,,,,,,,,,,,,,,,,100,,,,https://bootleggames.fandom.com/wiki/Zone,01/10/21,http://web.archive.org/web/20160108133953/http://www.latestgadgets.co.uk/hardware-accessories/3173-zone-console-review/,01/10/21,,,,,,,,,,,,,,,
,Ultimate Products Ltd,Zone 40,,,,,,,Console,,,,,,,,,,,,,,,,40,,,,https://bootleggames.fandom.com/wiki/Zone,01/10/21,http://web.archive.org/web/20160108133953/http://www.latestgadgets.co.uk/hardware-accessories/3173-zone-console-review/,01/10/21,,,,,,,,,,,,,,,
,Ultimate Products Ltd,Zone 60,,,,,,,Console,,,,,,,16/32,,,,,,,,,60,,,,https://bootleggames.fandom.com/wiki/Zone,01/10/21,http://web.archive.org/web/20160108133953/http://www.latestgadgets.co.uk/hardware-accessories/3173-zone-console-review/,01/10/21,,,,,,,,,,,,,,,
,Ultimate Products Ltd,Zone Fusion,,,,,,,Handheld,,,,,,,,,,,,,,,,30,,,,https://bootleggames.fandom.com/wiki/Zone,01/10/21,http://web.archive.org/web/20160108133953/http://www.latestgadgets.co.uk/hardware-accessories/3173-zone-console-review/,01/10/21,,,,,,,,,,,,,,,
,Ultimate Products Ltd,Zone Interactive,,,,,,,Console,,,,,,,32,,,,,,,,,40,,,,https://bootleggames.fandom.com/wiki/Zone,01/10/21,http://web.archive.org/web/20160108133953/http://www.latestgadgets.co.uk/hardware-accessories/3173-zone-console-review/,01/10/21,,,,,,,,,,,,,,,
,Ultimate Products Ltd,Zone Mini,,,,,,,Console,,,,,,,,,,,,,,,,35,,,,https://bootleggames.fandom.com/wiki/Zone,01/10/21,http://web.archive.org/web/20160108133953/http://www.latestgadgets.co.uk/hardware-accessories/3173-zone-console-review/,01/10/21,,,,,,,,,,,,,,,
2,Unisonic,Champion 2711,,,,,,,Console,1978,,,no,CP1600,1,16,CP1600,,,AY-3-8800-1 (GPU),,,,,4 cartride + 4 internal,,,,https://en.wikipedia.org/wiki/Unisonic_Products_Corporation,01/10/21,https://ia600407.us.archive.org/12/items/unichamp/Champ2711faq.pdf,01/10/21,,,,,,,,,,,,,,,
,VideoMaster,Star Chess,,,,,,,Console,1979,,,,6800,,,,,,,,,,internal,,,,,http://videogamekraken.com/videomaster-star-chess,01/10/21,,,,,,,,,,,,,,,,,
,View-Master,View-Master Interactive Vision,,,,,,,Console,1989,,120,no,MCS-51,1,8,MCS-51,AMD VMI8802,,TI TMS9128NL (video?),Philips PCF0800P/018,,,VHS,7,,,,https://en.wikipedia.org/wiki/Control-Vision,01/10/21,https://commons.wikimedia.org/wiki/File:ViewMaster-Interactive-Vision-Motherboard-Flat.jpg,01/10/21,https://imgur.com/gallery/GJvZKuc,01/10/21,,,,,,,,,,,,,CPU is guessed due to the Vcc/Vee/Xtal pins matching Intel MCS-51 chips and the Intel copyright
6,VM Labs,NUON,,,,,Nuon,,DVD player Chip set to add game play,2000,,,no,NUON,,32/128,Nuon MPE hybrid stack processor,Motorola XCMMP-L3BZPDVD,54MHz/108MHz,MCS-251,,,,DVD,8,32M,,,http://www.videogameconsolelibrary.com/pg00-nuon.htm#page=specs,01/10/21,https://commons.wikimedia.org/wiki/User:Evan-Amos/VOGM/Nuon,01/10/21,,,,,,,,,,,,,,,
2,VTech,CreatiVision,,,,,,,Console,1981,,,,6502,1,8,6502,Synertec SY6502A,2MHz,Motorola MC68821P,,,,,,1k system,16k,,http://www.the-liberator.net/site-files/retro-games/hardware/VTech-CreatiVision-Dick-Smith-Wizzard/vtech-creativision-dick-smith-wizzard.htm,01/10/21,https://commons.wikimedia.org/wiki/User:Evan-Amos/VOGM/CreatiVision,01/10/21,,,,,,,,,,,,,,,
,VTech,CreatiVision MK I,,,,,,,,,,,,,,,,,,,,,,,,,,,,,,,,,,,,,,,,,,,,,
,VTech,CreatiVision MK II,,,,,,,,,,,,,,,,,,,,,,,,,,,,,,,,,,,,,,,,,,,,,
,VTech,CreatiVision MK II Laser 500,,,,,,,,,,,,,,,,,,,,,,,,,,,,,,,,,,,,,,,,,,,,,
,VTech,Laser 2001 Home Computer,,,,,,,,,,,,,,,,,,,,,,,,,,,,,,,,,,,,,,,,,,,,,
6,Vtech,PC Pal,,,,,,,Console: Educational,,,,Variant: V.Smile,,,,,,,,,,,,,,,,https://en.wikipedia.org/wiki/V.Smile,01/10/21,,,,,,,,,,,,,,,,,
3,VTech,"Socrates, Saitout (French), Prof. Weiss-Alles (German)",,,,,,,Console: Educational,1988,,,no,Z80,1,8,Z80,Zilog Z84C0004PSC(Z80A),3.57Mhz,VTEL TC17G032AF,Vtech 27-00817-002-000,,,,,,,,https://en.wikipedia.org/wiki/VTech_Socrates#/media/File:VTech-Socrates-Motherboard-Flat.jpg,01/10/21,https://commons.wikimedia.org/wiki/User:Evan-Amos/VOGM/VTechSocrates,01/10/21,,,,,,,,,,,,,,,
,Vtech,The Learning Pad,,,,,,,,,,,,,,,,,,,,,,,,,,,,,,,,,,,,,,,,,,,,,
6,Vtech,V-Motion,,,,,,,Console: Educational,2006,,,no,ARM9,,,,,,LSI ARM9,,,,,,,,,https://en.wikipedia.org/wiki/V.Flash,01/10/21,,,,,,,,,,,,,,,,,
7,Vtech,V.Flash,,,,,,,Console: Educational,,,,,,,,,,,,,,,,,,,,,,,,,,,,,,,,,,,,,,
6,Vtech,V.Smile,,,,,V.Smile,,Console: Educational,2004,,,no,S+Core,,32,,Sunplus SPG2xx,,,,,,,,,,,https://en.wikipedia.org/wiki/V.Smile,01/10/21,,,,,,,,,,,,,,,,,
,Vtech,V.Smile Baby,,,,,,,,,,,,,,,,,,,,,,,,,,,,,,,,,,,,,,,,,,,,,
6,Vtech,V.Smile Cyber Pocket,,,,,V.Smile,,Handheld: Educational,,,,Variant: V.Smile,,,,,,,,,,,,,,,,https://en.wikipedia.org/wiki/V.Smile,01/10/21,,,,,,,,,,,,,,,,,
6,Vtech,V.Smile Pocket,,,,,V.Smile,,Handheld: Educational,,,,Variant: V.Smile,,,,,,,,,,,,,,,,https://en.wikipedia.org/wiki/V.Smile,01/10/21,,,,,,,,,,,,,,,,,
4,Watara,Supervision,,,,,,,Handheld,1992,,,,6502,1,8,65SC02,Glob Top encapsilation,4MHz,,,,,,,,,,,,,,,,,,,,,,,,,,,,
,Wellback,Mega Duck,,,,,Mega Duck,,Handheld,1993,,50,no,Z80,1,8,Z80,Glob Top encapsilation,4.19MHz,,,,,,,16k,,,,,,,,,,,,,,,,,,,,,
,Wellback,Mega Duck Super Junior Computer,,,,,Mega Duck,,,,,,,,,,,,,,,,,,,,,,,,,,,,,,,,,,,,,,,,
3,Worlds of Wonder,Action Max,,,,,,,Console,1987,,,no,,1,8,,Hitachi HD401010,4MHz,,,,,,,32B,,,https://en.wikibooks.org/wiki/History_of_video_games/Third_generation_of_video_game_consoles/Amstrad_GX4000,01/10/21,,,,,,,,,,,,,,,,,
,ZAPiT,Game Wave,Z800T,,,,,,Console,2005,70k,99.99CAD,,Mediamatics 8611,,,,National Semiconductor Mediamatics 8611,,Altera Max II CPLD,,,,DVD,13,16M,,,http://www.videogameconsolelibrary.com/pg00-zapit.htm#page=specs,01/10/21,https://www.embedded.com/tear-down-game-console-goes-way-beyond-the-average-dvd-player/,01/10/21,https://en.wikibooks.org/wiki/History_of_video_games/Seventh_generation_of_video_game_consoles/Game_Wave_Family_Entertainment_System,01/10/21,http://videogamekraken.com/game-wave-family-entertainment-system-by-zapit,01/10/21,,,,,,,,,,,
7,Zeebo,Zeebo,,,,,,,Console,2009,,,,ARM11,,,Qualcomm MSM,,528Mhz,ATI Imageon,,,,,,160M,,,https://en.wikipedia.org/wiki/Zeebo,01/10/21,,,,,,,,,,,,,,,,,
,ZTE,FunBox,,,,,,,,2014,,,,Tegra,,,NVIDIA Tegra 4,,1.8GHz,,,,,,,2G,,,http://www.videogameconsolelibrary.com/pg10-funbox.htm#page=specs,01/10/21,,,,,,,,,,,,,,,,,
,,,,,,,,,,,,,,,,,,,,,,,,,,,,,,,,,,,,,,,,,,,,,,,
,,,,,,,,,,,,,,,,,,,,,,,,,,,,,,,,,,,,,,,,,,,,,,,
,,,,,,,,,,,,,,,,,,,,,,,,,,,,,,,,,,,,,,,,,,,,,,,
,,,,,,,,,,,,,,,,,,,,,,,,,,,,,,,,,,,,,,,,,,,,,,,
,,,,,,,,,,,,,,,,,,,,,,,,,,,,,,,,,,,,,,,,,,,,,,,
,,,,,,,,,,,,,,,,,,,,,,,,,,,,,,,,,,,,,,,,,,,,,,,
,,,,,,,,,,,,,,,,,,,,,,,,,,,,,,,,,,,,,,,,,,,,,,,
,,,,,,,,,,,,,,,,,,,,,,,,,,,,,,,,,,,,,,,,,,,,,,,
,,,,,,,,,,,,,,,,,,,,,,,,,,,,,,,,,,,,,,,,,,,,,,,
,,,,,,,,,,,,,,,,,,,,,,,,,,,,,,,,,,,,,,,,,,,,,,,
,,,,,,,,,,,,,,,,,,,,,,,,,,,,,,,,,,,,,,,,,,,,,,,
,,,,,,,,,,,,,,,,,,,,,,,,,,,,,,,,,,,,,,,,,,,,,,,
,,,,,,,,,,,,,,,,,,,,,,,,,,,,,,,,,,,,,,,,,,,,,,,
,,,,,,,,,,,,,,,,,,,,,,,,,,,,,,,,,,,,,,,,,,,,,,,
,,,,,,,,,,,,,,,,,,,,,,,,,,,,,,,,,,,,,,,,,,,,,,,
,,,,,,,,,,,,,,,,,,,,,,,,,,,,,,,,,,,,,,,,,,,,,,,
,,,,,,,,,,,,,,,,,,,,,,,,,,,,,,,,,,,,,,,,,,,,,,,
,,,,,,,,,,,,,,,,,,,,,,,,,,,,,,,,,,,,,,,,,,,,,,,
,,,,,,,,,,,,,,,,,,,,,,,,,,,,,,,,,,,,,,,,,,,,,,,
,,,,,,,,,,,,,,,,,,,,,,,,,,,,,,,,,,,,,,,,,,,,,,,
,,,,,,,,,,,,,,,,,,,,,,,,,,,,,,,,,,,,,,,,,,,,,,,
,,,,,,,,,,,,,,,,,,,,,,,,,,,,,,,,,,,,,,,,,,,,,,,
,,,,,,,,,,,,,,,,,,,,,,,,,,,,,,,,,,,,,,,,,,,,,,,
,,,,,,,,,,,,,,,,,,,,,,,,,,,,,,,,,,,,,,,,,,,,,,,
,,,,,,,,,,,,,,,,,,,,,,,,,,,,,,,,,,,,,,,,,,,,,,,
,,,,,,,,,,,,,,,,,,,,,,,,,,,,,,,,,,,,,,,,,,,,,,,
,,,,,,,,,,,,,,,,,,,,,,,,,,,,,,,,,,,,,,,,,,,,,,,
,,,,,,,,,,,,,,,,,,,,,,,,,,,,,,,,,,,,,,,,,,,,,,,
,,,,,,,,,,,,,,,,,,,,,,,,,,,,,,,,,,,,,,,,,,,,,,,
,,,,,,,,,,,,,,,,,,,,,,,,,,,,,,,,,,,,,,,,,,,,,,,
,,,,,,,,,,,,,,,,,,,,,,,,,,,,,,,,,,,,,,,,,,,,,,,
,,,,,,,,,,,,,,,,,,,,,,,,,,,,,,,,,,,,,,,,,,,,,,,
,,,,,,,,,,,,,,,,,,,,,,,,,,,,,,,,,,,,,,,,,,,,,,,
,,,,,,,,,,,,,,,,,,,,,,,,,,,,,,,,,,,,,,,,,,,,,,,
,,,,,,,,,,,,,,,,,,,,,,,,,,,,,,,,,,,,,,,,,,,,,,,
,,,,,,,,,,,,,,,,,,,,,,,,,,,,,,,,,,,,,,,,,,,,,,,
,,,,,,,,,,,,,,,,,,,,,,,,,,,,,,,,,,,,,,,,,,,,,,,
,,,,,,,,,,,,,,,,,,,,,,,,,,,,,,,,,,,,,,,,,,,,,,,
,,,,,,,,,,,,,,,,,,,,,,,,,,,,,,,,,,,,,,,,,,,,,,,
,,,,,,,,,,,,,,,,,,,,,,,,,,,,,,,,,,,,,,,,,,,,,,,
,,,,,,,,,,,,,,,,,,,,,,,,,,,,,,,,,,,,,,,,,,,,,,,
,,,,,,,,,,,,,,,,,,,,,,,,,,,,,,,,,,,,,,,,,,,,,,,
,,,,,,,,,,,,,,,,,,,,,,,,,,,,,,,,,,,,,,,,,,,,,,,
,,,,,,,,,,,,,,,,,,,,,,,,,,,,,,,,,,,,,,,,,,,,,,,
,,,,,,,,,,,,,,,,,,,,,,,,,,,,,,,,,,,,,,,,,,,,,,,
,,,,,,,,,,,,,,,,,,,,,,,,,,,,,,,,,,,,,,,,,,,,,,,
,,,,,,,,,,,,,,,,,,,,,,,,,,,,,,,,,,,,,,,,,,,,,,,
,,,,,,,,,,,,,,,,,,,,,,,,,,,,,,,,,,,,,,,,,,,,,,,
,,,,,,,,,,,,,,,,,,,,,,,,,,,,,,,,,,,,,,,,,,,,,,,
,,,,,,,,,,,,,,,,,,,,,,,,,,,,,,,,,,,,,,,,,,,,,,,
,,,,,,,,,,,,,,,,,,,,,,,,,,,,,,,,,,,,,,,,,,,,,,,
,,,,,,,,,,,,,,,,,,,,,,,,,,,,,,,,,,,,,,,,,,,,,,,
,,,,,,,,,,,,,,,,,,,,,,,,,,,,,,,,,,,,,,,,,,,,,,,
,,,,,,,,,,,,,,,,,,,,,,,,,,,,,,,,,,,,,,,,,,,,,,,
,,,,,,,,,,,,,,,,,,,,,,,,,,,,,,,,,,,,,,,,,,,,,,,
,,,,,,,,,,,,,,,,,,,,,,,,,,,,,,,,,,,,,,,,,,,,,,,
,,,,,,,,,,,,,,,,,,,,,,,,,,,,,,,,,,,,,,,,,,,,,,,
,,,,,,,,,,,,,,,,,,,,,,,,,,,,,,,,,,,,,,,,,,,,,,,
,,,,,,,,,,,,,,,,,,,,,,,,,,,,,,,,,,,,,,,,,,,,,,,
,,,,,,,,,,,,,,,,,,,,,,,,,,,,,,,,,,,,,,,,,,,,,,,
,,,,,,,,,,,,,,,,,,,,,,,,,,,,,,,,,,,,,,,,,,,,,,,
,,,,,,,,,,,,,,,,,,,,,,,,,,,,,,,,,,,,,,,,,,,,,,,
,,,,,,,,,,,,,,,,,,,,,,,,,,,,,,,,,,,,,,,,,,,,,,,
,,,,,,,,,,,,,,,,,,,,,,,,,,,,,,,,,,,,,,,,,,,,,,,
,,,,,,,,,,,,,,,,,,,,,,,,,,,,,,,,,,,,,,,,,,,,,,,
,,,,,,,,,,,,,,,,,,,,,,,,,,,,,,,,,,,,,,,,,,,,,,,
,,,,,,,,,,,,,,,,,,,,,,,,,,,,,,,,,,,,,,,,,,,,,,,
,,,,,,,,,,,,,,,,,,,,,,,,,,,,,,,,,,,,,,,,,,,,,,,
,,,,,,,,,,,,,,,,,,,,,,,,,,,,,,,,,,,,,,,,,,,,,,,
,,,,,,,,,,,,,,,,,,,,,,,,,,,,,,,,,,,,,,,,,,,,,,,
,,,,,,,,,,,,,,,,,,,,,,,,,,,,,,,,,,,,,,,,,,,,,,,
,,,,,,,,,,,,,,,,,,,,,,,,,,,,,,,,,,,,,,,,,,,,,,,
,,,,,,,,,,,,,,,,,,,,,,,,,,,,,,,,,,,,,,,,,,,,,,,
,,,,,,,,,,,,,,,,,,,,,,,,,,,,,,,,,,,,,,,,,,,,,,,
,,,,,,,,,,,,,,,,,,,,,,,,,,,,,,,,,,,,,,,,,,,,,,,
,,,,,,,,,,,,,,,,,,,,,,,,,,,,,,,,,,,,,,,,,,,,,,,
,,,,,,,,,,,,,,,,,,,,,,,,,,,,,,,,,,,,,,,,,,,,,,,
,,,,,,,,,,,,,,,,,,,,,,,,,,,,,,,,,,,,,,,,,,,,,,,
,,,,,,,,,,,,,,,,,,,,,,,,,,,,,,,,,,,,,,,,,,,,,,,
,,,,,,,,,,,,,,,,,,,,,,,,,,,,,,,,,,,,,,,,,,,,,,,
,,,,,,,,,,,,,,,,,,,,,,,,,,,,,,,,,,,,,,,,,,,,,,,
,,,,,,,,,,,,,,,,,,,,,,,,,,,,,,,,,,,,,,,,,,,,,,,
,,,,,,,,,,,,,,,,,,,,,,,,,,,,,,,,,,,,,,,,,,,,,,,
,,,,,,,,,,,,,,,,,,,,,,,,,,,,,,,,,,,,,,,,,,,,,,,
,,,,,,,,,,,,,,,,,,,,,,,,,,,,,,,,,,,,,,,,,,,,,,,
,,,,,,,,,,,,,,,,,,,,,,,,,,,,,,,,,,,,,,,,,,,,,,,
,,,,,,,,,,,,,,,,,,,,,,,,,,,,,,,,,,,,,,,,,,,,,,,
,,,,,,,,,,,,,,,,,,,,,,,,,,,,,,,,,,,,,,,,,,,,,,,
,,,,,,,,,,,,,,,,,,,,,,,,,,,,,,,,,,,,,,,,,,,,,,,
,,,,,,,,,,,,,,,,,,,,,,,,,,,,,,,,,,,,,,,,,,,,,,,
,,,,,,,,,,,,,,,,,,,,,,,,,,,,,,,,,,,,,,,,,,,,,,,
,,,,,,,,,,,,,,,,,,,,,,,,,,,,,,,,,,,,,,,,,,,,,,,
,,,,,,,,,,,,,,,,,,,,,,,,,,,,,,,,,,,,,,,,,,,,,,,
,,,,,,,,,,,,,,,,,,,,,,,,,,,,,,,,,,,,,,,,,,,,,,,
,,,,,,,,,,,,,,,,,,,,,,,,,,,,,,,,,,,,,,,,,,,,,,,
,,,,,,,,,,,,,,,,,,,,,,,,,,,,,,,,,,,,,,,,,,,,,,,
,,,,,,,,,,,,,,,,,,,,,,,,,,,,,,,,,,,,,,,,,,,,,,,
,,,,,,,,,,,,,,,,,,,,,,,,,,,,,,,,,,,,,,,,,,,,,,,
,,,,,,,,,,,,,,,,,,,,,,,,,,,,,,,,,,,,,,,,,,,,,,,
,,,,,,,,,,,,,,,,,,,,,,,,,,,,,,,,,,,,,,,,,,,,,,,
,,,,,,,,,,,,,,,,,,,,,,,,,,,,,,,,,,,,,,,,,,,,,,,
,,,,,,,,,,,,,,,,,,,,,,,,,,,,,,,,,,,,,,,,,,,,,,,
,,,,,,,,,,,,,,,,,,,,,,,,,,,,,,,,,,,,,,,,,,,,,,,
,,,,,,,,,,,,,,,,,,,,,,,,,,,,,,,,,,,,,,,,,,,,,,,
,,,,,,,,,,,,,,,,,,,,,,,,,,,,,,,,,,,,,,,,,,,,,,,
,,,,,,,,,Console,,,,,,,,,,,,,,,,,,,,,,,,,,,,,,,,,,,,,,
